Workbook

Sheet Arabica Dbse
A1: =_xll.RHistory(D4:Z4,"TRDPRC_1.Timestamp;TRDPRC_1.Close","START:01-Aug-2010 INTERVAL:1D",,"TSREPEAT:NO CH:Fd",C6) -> Updated at 14:05:36 | Q1: Brazil NY 3/4 MGTB | R1: Brazil Santos | S1: Brazil Rio Minas 15/16 | T1: Brazil Rio Minas 17/18 | U1: Ethiopia Djimmah 5 | V1: Uganda Drugar | W1: India Cherry AB | X1: Colombia Excelso | Y1: Honduras HG | Z1: Brazil WARB Bahia | AA1: Peru MCM Grd 1 | AB1: Guatemala SHB | AC1: None | AD1: Vietnam Grd 1 | AE1: Vietnam Grd 2 | AF1: Vietnam Grd 2: 5% Black | AG1: Vietnam Grd 2: 8% Blck | AH1: Indonesia | AI1: Uganda Screen 12 | AJ1: Uganda Screen 15 | AK1: India Cherry AB | AL1: Ivy Cst Grd 1 | AM1: None
D2: Arabica | K2: Washed Arabica
D3: 1 | E3: 2 | F3: 3 | G3: 4 | H3: 5 | I3: 6 | J3: 7 | K3: 8 | L3: 9 | M3: 10 | N3: 11 | O3: 12
D4: COF-ARB-BRDIF | E4: COF-ARB-BRSDF | F4: COF-ARB-BRMIF | G4: COF-ARB-BRRDF | H4: COF-ARB-ETDIF | I4: COF-ARB-UGDIF | J4: COF-ARB-INDIF | K4: COF-WARB-CODIF | L4: COF-WARB-HNHDF | M4: COF-WARB-BRDIF | N4: COF-WARB-PEDIF | O4: COF-WARB-GTDIF
A5: LRC | B5: KC | D5: Brazil NY 3/4 MGTB | E5: Brazil Santos | F5: Brazil Rio Minas 15/16 | G5: Brazil Rio Minas 17/18 | H5: Ethiopia Djimmah 5 | I5: Uganda Drugar | J5: India Cherry AB | K5: Colombia Excelso | L5: Honduras HG | M5: Brazil WARB Bahia | N5: Peru MCM Grd 1 | O5: Guatemala SHB | S5: KCc2 | T5: LRCc2 | U5: LRC
C6: Timestamp | D6: Trade Close | E6: Trade Close | F6: Trade Close | G6: Trade Close | H6: Trade Close | I6: Trade Close | J6: Trade Close | K6: Trade Close | L6: Trade Close | M6: Trade Close | N6: Trade Close | O6: Trade Close | Q6: =_xll.RHistory($S$5:$T$5,".Timestamp;.Close","START:01-Aug-2001 INTERVAL:1D",,"TSREPEAT:NO CH:Fd",R7) -> Updated at 14:05:37 | W6: Date | X6: Brazil NY 3/4 MGTB | Y6: Brazil Santos | Z6: Brazil Rio Minas 15/16 | AA6: Brazil Rio Minas 17/18 | AB6: Ethiopia Djimmah 5 | AC6: Uganda Drugar | AD6: India Cherry AB | AE6: Colombia Excelso | AF6: Honduras HG | AG6: Brazil WARB Bahia | AH6: Peru MCM Grd 1 | AI6: Guatemala SHB
A7: =IF(_xlfn.XLOOKUP($C7,R:R,U:U)=0,A8,_xlfn.XLOOKUP($C7,R:R,U:U)) -> #N/A | B7: =IF(_xlfn.XLOOKUP($C7,R:R,S:S)=0,B8,_xlfn.XLOOKUP($C7,R:R,S:S)) -> #N/A | C7: 46317 | D7: -16 | E7: -6 | F7: -70 | G7: -45 | H7: -19 | I7: -18 | J7: -5 | K7: 70 | L7: 27 | M7: 30 | N7: 50 | O7: 60 | R7: Timestamp | S7: Trade Close | T7: Trade Close | W7: =C7 -> 46317 | X7: =IF(D7=0,NA(),($B7+D7)*22.406) -> #N/A | Y7: =IF(E7=0,NA(),($B7+E7)*22.406) -> #N/A | Z7: =IF(F7=0,NA(),($B7+F7)*22.406) -> #N/A | AA7: =IF(G7=0,NA(),($B7+G7)*22.406) -> #N/A | AB7: =IF(H7=0,NA(),($B7+H7)*22.406) -> #N/A | AC7: =IF(I7=0,NA(),($B7+I7)*22.406) -> #N/A | AD7: =IF(J7=0,NA(),($B7+J7)*22.406) -> #N/A | AE7: =IF(K7=0,NA(),($B7+K7)*22.406) -> #N/A | ... AI7: =IF(O7=0,NA(),($B7+O7)*22.406) -> #N/A
A8: =IF(_xlfn.XLOOKUP($C8,R:R,U:U)=0,A9,_xlfn.XLOOKUP($C8,R:R,U:U)) -> #N/A | B8: =IF(_xlfn.XLOOKUP($C8,R:R,S:S)=0,B9,_xlfn.XLOOKUP($C8,R:R,S:S)) -> #N/A | C8: 46310 | D8: -15 | E8: -5 | F8: -60 | G8: -35 | H8: -18 | I8: -18 | J8: -5 | K8: 72 | L8: 25 | M8: 30 | N8: 50 | O8: 60 | R8: 46009 | S8: 346.85 | T8: 3679 | U8: =IF(T8=0,T9,T8) -> 3679 | W8: =C8 -> 46310 | X8: =IF(D8=0,NA(),($B8+D8)*22.406) -> #N/A | Y8: =IF(E8=0,NA(),($B8+E8)*22.406) -> #N/A | Z8: =IF(F8=0,NA(),($B8+F8)*22.406) -> #N/A | AA8: =IF(G8=0,NA(),($B8+G8)*22.406) -> #N/A | AB8: =IF(H8=0,NA(),($B8+H8)*22.406) -> #N/A | AC8: =IF(I8=0,NA(),($B8+I8)*22.406) -> #N/A | AD8: =IF(J8=0,NA(),($B8+J8)*22.406) -> #N/A | AE8: =IF(K8=0,NA(),($B8+K8)*22.406) -> #N/A | ... AI8: =IF(O8=0,NA(),($B8+O8)*22.406) -> #N/A
A9: =IF(_xlfn.XLOOKUP($C9,R:R,U:U)=0,A10,_xlfn.XLOOKUP($C9,R:R,U:U)) -> #N/A | B9: =IF(_xlfn.XLOOKUP($C9,R:R,S:S)=0,B10,_xlfn.XLOOKUP($C9,R:R,S:S)) -> #N/A | C9: 46303 | D9: -14 | E9: -3 | F9: -48 | G9: -35 | H9: -17 | I9: -18 | J9: -5 | K9: 75 | L9: 23 | M9: 30 | N9: 50 | O9: 60 | R9: 46008 | S9: 347.4 | T9: 3705 | U9: =IF(T9=0,T10,T9) -> 3705 | W9: =C9 -> 46303 | X9: =IF(D9=0,NA(),($B9+D9)*22.406) -> #N/A | Y9: =IF(E9=0,NA(),($B9+E9)*22.406) -> #N/A | Z9: =IF(F9=0,NA(),($B9+F9)*22.406) -> #N/A | AA9: =IF(G9=0,NA(),($B9+G9)*22.406) -> #N/A | AB9: =IF(H9=0,NA(),($B9+H9)*22.406) -> #N/A | AC9: =IF(I9=0,NA(),($B9+I9)*22.406) -> #N/A | AD9: =IF(J9=0,NA(),($B9+J9)*22.406) -> #N/A | AE9: =IF(K9=0,NA(),($B9+K9)*22.406) -> #N/A | ... AI9: =IF(O9=0,NA(),($B9+O9)*22.406) -> #N/A
A10: =IF(_xlfn.XLOOKUP($C10,R:R,U:U)=0,A11,_xlfn.XLOOKUP($C10,R:R,U:U)) -> #N/A | B10: =IF(_xlfn.XLOOKUP($C10,R:R,S:S)=0,B11,_xlfn.XLOOKUP($C10,R:R,S:S)) -> #N/A | C10: 46296 | D10: -15 | E10: -5 | F10: -48 | G10: -35 | H10: -17 | I10: -20 | J10: -5 | K10: 75 | L10: 23 | M10: 30 | N10: 50 | O10: 60 | R10: 46007 | S10: 352.1 | T10: 3832 | U10: =IF(T10=0,T11,T10) -> 3832 | W10: =C10 -> 46296 | X10: =IF(D10=0,NA(),($B10+D10)*22.406) -> #N/A | Y10: =IF(E10=0,NA(),($B10+E10)*22.406) -> #N/A | Z10: =IF(F10=0,NA(),($B10+F10)*22.406) -> #N/A | AA10: =IF(G10=0,NA(),($B10+G10)*22.406) -> #N/A | AB10: =IF(H10=0,NA(),($B10+H10)*22.406) -> #N/A | AC10: =IF(I10=0,NA(),($B10+I10)*22.406) -> #N/A | AD10: =IF(J10=0,NA(),($B10+J10)*22.406) -> #N/A | AE10: =IF(K10=0,NA(),($B10+K10)*22.406) -> #N/A | ... AI10: =IF(O10=0,NA(),($B10+O10)*22.406) -> #N/A
A11: =IF(_xlfn.XLOOKUP($C11,R:R,U:U)=0,A12,_xlfn.XLOOKUP($C11,R:R,U:U)) -> #N/A | B11: =IF(_xlfn.XLOOKUP($C11,R:R,S:S)=0,B12,_xlfn.XLOOKUP($C11,R:R,S:S)) -> #N/A | C11: 46289 | D11: -16 | E11: -6 | F11: -50 | G11: -35 | H11: -18 | I11: -20 | J11: -5 | K11: 78 | L11: 23 | M11: 30 | N11: 50 | O11: 60 | R11: 46006 | S11: 360.3 | T11: 3923 | U11: =IF(T11=0,T12,T11) -> 3923 | W11: =C11 -> 46289 | X11: =IF(D11=0,NA(),($B11+D11)*22.406) -> #N/A | Y11: =IF(E11=0,NA(),($B11+E11)*22.406) -> #N/A | Z11: =IF(F11=0,NA(),($B11+F11)*22.406) -> #N/A | AA11: =IF(G11=0,NA(),($B11+G11)*22.406) -> #N/A | AB11: =IF(H11=0,NA(),($B11+H11)*22.406) -> #N/A | AC11: =IF(I11=0,NA(),($B11+I11)*22.406) -> #N/A | AD11: =IF(J11=0,NA(),($B11+J11)*22.406) -> #N/A | AE11: =IF(K11=0,NA(),($B11+K11)*22.406) -> #N/A | ... AI11: =IF(O11=0,NA(),($B11+O11)*22.406) -> #N/A
A12: =IF(_xlfn.XLOOKUP($C12,R:R,U:U)=0,A13,_xlfn.XLOOKUP($C12,R:R,U:U)) -> #N/A | B12: =IF(_xlfn.XLOOKUP($C12,R:R,S:S)=0,B13,_xlfn.XLOOKUP($C12,R:R,S:S)) -> #N/A | C12: 46282 | D12: -21 | E12: -8 | F12: -55 | G12: -35 | H12: -25 | I12: -25 | J12: -5 | K12: 78 | L12: 23 | M12: 30 | N12: 50 | O12: 62 | R12: 46003 | S12: 369.3 | T12: 3999 | U12: =IF(T12=0,T13,T12) -> 3999 | W12: =C12 -> 46282 | X12: =IF(D12=0,NA(),($B12+D12)*22.406) -> #N/A | Y12: =IF(E12=0,NA(),($B12+E12)*22.406) -> #N/A | Z12: =IF(F12=0,NA(),($B12+F12)*22.406) -> #N/A | AA12: =IF(G12=0,NA(),($B12+G12)*22.406) -> #N/A | AB12: =IF(H12=0,NA(),($B12+H12)*22.406) -> #N/A | AC12: =IF(I12=0,NA(),($B12+I12)*22.406) -> #N/A | AD12: =IF(J12=0,NA(),($B12+J12)*22.406) -> #N/A | AE12: =IF(K12=0,NA(),($B12+K12)*22.406) -> #N/A | ... AI12: =IF(O12=0,NA(),($B12+O12)*22.406) -> #N/A
A13: =IF(_xlfn.XLOOKUP($C13,R:R,U:U)=0,A14,_xlfn.XLOOKUP($C13,R:R,U:U)) -> #N/A | B13: =IF(_xlfn.XLOOKUP($C13,R:R,S:S)=0,B14,_xlfn.XLOOKUP($C13,R:R,S:S)) -> #N/A | C13: 46275 | D13: -20 | E13: -10 | F13: -60 | G13: -40 | H13: -28 | I13: -28 | J13: -5 | K13: 75 | L13: 23 | M13: 30 | N13: 45 | O13: 62 | R13: 46002 | S13: 376.2 | T13: 4107 | U13: =IF(T13=0,T14,T13) -> 4107 | W13: =C13 -> 46275 | X13: =IF(D13=0,NA(),($B13+D13)*22.406) -> #N/A | Y13: =IF(E13=0,NA(),($B13+E13)*22.406) -> #N/A | Z13: =IF(F13=0,NA(),($B13+F13)*22.406) -> #N/A | AA13: =IF(G13=0,NA(),($B13+G13)*22.406) -> #N/A | AB13: =IF(H13=0,NA(),($B13+H13)*22.406) -> #N/A | AC13: =IF(I13=0,NA(),($B13+I13)*22.406) -> #N/A | AD13: =IF(J13=0,NA(),($B13+J13)*22.406) -> #N/A | AE13: =IF(K13=0,NA(),($B13+K13)*22.406) -> #N/A | ... AI13: =IF(O13=0,NA(),($B13+O13)*22.406) -> #N/A
A14: =IF(_xlfn.XLOOKUP($C14,R:R,U:U)=0,A15,_xlfn.XLOOKUP($C14,R:R,U:U)) -> #N/A | B14: =IF(_xlfn.XLOOKUP($C14,R:R,S:S)=0,B15,_xlfn.XLOOKUP($C14,R:R,S:S)) -> #N/A | C14: 46268 | D14: -18 | E14: -10 | F14: -60 | G14: -48 | H14: -28 | I14: -28 | J14: -5 | K14: 75 | L14: 23 | M14: 30 | N14: 40 | O14: 65 | R14: 46001 | S14: 372.3 | T14: 4138 | U14: =IF(T14=0,T15,T14) -> 4138 | W14: =C14 -> 46268 | X14: =IF(D14=0,NA(),($B14+D14)*22.406) -> #N/A | Y14: =IF(E14=0,NA(),($B14+E14)*22.406) -> #N/A | Z14: =IF(F14=0,NA(),($B14+F14)*22.406) -> #N/A | AA14: =IF(G14=0,NA(),($B14+G14)*22.406) -> #N/A | AB14: =IF(H14=0,NA(),($B14+H14)*22.406) -> #N/A | AC14: =IF(I14=0,NA(),($B14+I14)*22.406) -> #N/A | AD14: =IF(J14=0,NA(),($B14+J14)*22.406) -> #N/A | AE14: =IF(K14=0,NA(),($B14+K14)*22.406) -> #N/A | ... AI14: =IF(O14=0,NA(),($B14+O14)*22.406) -> #N/A
A15: =IF(_xlfn.XLOOKUP($C15,R:R,U:U)=0,A16,_xlfn.XLOOKUP($C15,R:R,U:U)) -> #N/A | B15: =IF(_xlfn.XLOOKUP($C15,R:R,S:S)=0,B16,_xlfn.XLOOKUP($C15,R:R,S:S)) -> #N/A | C15: 46261 | D15: -18 | E15: -7 | F15: -55 | G15: -45 | H15: -25 | I15: -25 | J15: -5 | K15: 75 | L15: 23 | M15: 30 | N15: 40 | O15: 65 | R15: 46000 | S15: 368.75 | T15: 4109 | U15: =IF(T15=0,T16,T15) -> 4109 | W15: =C15 -> 46261 | X15: =IF(D15=0,NA(),($B15+D15)*22.406) -> #N/A | Y15: =IF(E15=0,NA(),($B15+E15)*22.406) -> #N/A | Z15: =IF(F15=0,NA(),($B15+F15)*22.406) -> #N/A | AA15: =IF(G15=0,NA(),($B15+G15)*22.406) -> #N/A | AB15: =IF(H15=0,NA(),($B15+H15)*22.406) -> #N/A | AC15: =IF(I15=0,NA(),($B15+I15)*22.406) -> #N/A | AD15: =IF(J15=0,NA(),($B15+J15)*22.406) -> #N/A | AE15: =IF(K15=0,NA(),($B15+K15)*22.406) -> #N/A | ... AI15: =IF(O15=0,NA(),($B15+O15)*22.406) -> #N/A
A16: =IF(_xlfn.XLOOKUP($C16,R:R,U:U)=0,A17,_xlfn.XLOOKUP($C16,R:R,U:U)) -> #N/A | B16: =IF(_xlfn.XLOOKUP($C16,R:R,S:S)=0,B17,_xlfn.XLOOKUP($C16,R:R,S:S)) -> #N/A | C16: 46254 | D16: -17 | E16: -5 | F16: -50 | G16: -40 | H16: -25 | I16: -25 | J16: -5 | K16: 78 | L16: 23 | M16: 30 | N16: 40 | O16: 65 | R16: 45999 | S16: 366.2 | T16: 4092 | U16: =IF(T16=0,T17,T16) -> 4092 | W16: =C16 -> 46254 | X16: =IF(D16=0,NA(),($B16+D16)*22.406) -> #N/A | Y16: =IF(E16=0,NA(),($B16+E16)*22.406) -> #N/A | Z16: =IF(F16=0,NA(),($B16+F16)*22.406) -> #N/A | AA16: =IF(G16=0,NA(),($B16+G16)*22.406) -> #N/A | AB16: =IF(H16=0,NA(),($B16+H16)*22.406) -> #N/A | AC16: =IF(I16=0,NA(),($B16+I16)*22.406) -> #N/A | AD16: =IF(J16=0,NA(),($B16+J16)*22.406) -> #N/A | AE16: =IF(K16=0,NA(),($B16+K16)*22.406) -> #N/A | ... AI16: =IF(O16=0,NA(),($B16+O16)*22.406) -> #N/A
A17: =IF(_xlfn.XLOOKUP($C17,R:R,U:U)=0,A18,_xlfn.XLOOKUP($C17,R:R,U:U)) -> #N/A | B17: =IF(_xlfn.XLOOKUP($C17,R:R,S:S)=0,B18,_xlfn.XLOOKUP($C17,R:R,S:S)) -> #N/A | C17: 46247 | D17: -15 | E17: -2 | F17: -50 | G17: -40 | H17: -25 | I17: -20 | J17: -5 | K17: 76 | L17: 23 | M17: 30 | N17: 34 | O17: 65 | R17: 45996 | S17: 374.85 | T17: 4178 | U17: =IF(T17=0,T18,T17) -> 4178 | W17: =C17 -> 46247 | X17: =IF(D17=0,NA(),($B17+D17)*22.406) -> #N/A | Y17: =IF(E17=0,NA(),($B17+E17)*22.406) -> #N/A | Z17: =IF(F17=0,NA(),($B17+F17)*22.406) -> #N/A | AA17: =IF(G17=0,NA(),($B17+G17)*22.406) -> #N/A | AB17: =IF(H17=0,NA(),($B17+H17)*22.406) -> #N/A | AC17: =IF(I17=0,NA(),($B17+I17)*22.406) -> #N/A | AD17: =IF(J17=0,NA(),($B17+J17)*22.406) -> #N/A | AE17: =IF(K17=0,NA(),($B17+K17)*22.406) -> #N/A | ... AI17: =IF(O17=0,NA(),($B17+O17)*22.406) -> #N/A
A18: =IF(_xlfn.XLOOKUP($C18,R:R,U:U)=0,A19,_xlfn.XLOOKUP($C18,R:R,U:U)) -> #N/A | B18: =IF(_xlfn.XLOOKUP($C18,R:R,S:S)=0,B19,_xlfn.XLOOKUP($C18,R:R,S:S)) -> #N/A | C18: 46240 | D18: -16 | E18: -5 | F18: -50 | G18: -40 | H18: -25 | I18: -20 | J18: -8 | K18: 75 | L18: 18 | M18: 25 | N18: 32 | O18: 55 | R18: 45995 | S18: 380.5 | T18: 4232 | U18: =IF(T18=0,T19,T18) -> 4232 | W18: =C18 -> 46240 | X18: =IF(D18=0,NA(),($B18+D18)*22.406) -> #N/A | Y18: =IF(E18=0,NA(),($B18+E18)*22.406) -> #N/A | Z18: =IF(F18=0,NA(),($B18+F18)*22.406) -> #N/A | AA18: =IF(G18=0,NA(),($B18+G18)*22.406) -> #N/A | AB18: =IF(H18=0,NA(),($B18+H18)*22.406) -> #N/A | AC18: =IF(I18=0,NA(),($B18+I18)*22.406) -> #N/A | AD18: =IF(J18=0,NA(),($B18+J18)*22.406) -> #N/A | AE18: =IF(K18=0,NA(),($B18+K18)*22.406) -> #N/A | ... AI18: =IF(O18=0,NA(),($B18+O18)*22.406) -> #N/A
A19: =IF(_xlfn.XLOOKUP($C19,R:R,U:U)=0,A20,_xlfn.XLOOKUP($C19,R:R,U:U)) -> #N/A | B19: =IF(_xlfn.XLOOKUP($C19,R:R,S:S)=0,B20,_xlfn.XLOOKUP($C19,R:R,S:S)) -> #N/A | C19: 46233 | D19: -18 | E19: -8 | F19: -50 | G19: -40 | H19: -30 | I19: -22 | J19: -5 | K19: 72 | L19: 18 | M19: 25 | N19: 32 | O19: 55 | R19: 45994 | S19: 372.45 | T19: 4212 | U19: =IF(T19=0,T20,T19) -> 4212 | W19: =C19 -> 46233 | X19: =IF(D19=0,NA(),($B19+D19)*22.406) -> #N/A | Y19: =IF(E19=0,NA(),($B19+E19)*22.406) -> #N/A | Z19: =IF(F19=0,NA(),($B19+F19)*22.406) -> #N/A | AA19: =IF(G19=0,NA(),($B19+G19)*22.406) -> #N/A | AB19: =IF(H19=0,NA(),($B19+H19)*22.406) -> #N/A | AC19: =IF(I19=0,NA(),($B19+I19)*22.406) -> #N/A | AD19: =IF(J19=0,NA(),($B19+J19)*22.406) -> #N/A | AE19: =IF(K19=0,NA(),($B19+K19)*22.406) -> #N/A | ... AI19: =IF(O19=0,NA(),($B19+O19)*22.406) -> #N/A
... A22: =IF(_xlfn.XLOOKUP($C22,R:R,U:U)=0,A23,_xlfn.XLOOKUP($C22,R:R,U:U)) -> #N/A | B22: =IF(_xlfn.XLOOKUP($C22,R:R,S:S)=0,B23,_xlfn.XLOOKUP($C22,R:R,S:S)) -> #N/A | C22: 46212 | D22: -18 | E22: -6 | F22: -50 | G22: -40 | H22: -25 | I22: -22 | J22: -5 | K22: 82 | L22: 20 | M22: 30 | N22: 32 | O22: 60 | R22: 45989 | S22: 381.2 | T22: 4413 | U22: =IF(T22=0,T23,T22) -> 4413 | W22: =C22 -> 46212 | X22: =IF(D22=0,NA(),($B22+D22)*22.406) -> #N/A | Y22: =IF(E22=0,NA(),($B22+E22)*22.406) -> #N/A | Z22: =IF(F22=0,NA(),($B22+F22)*22.406) -> #N/A | AA22: =IF(G22=0,NA(),($B22+G22)*22.406) -> #N/A | AB22: =IF(H22=0,NA(),($B22+H22)*22.406) -> #N/A | AC22: =IF(I22=0,NA(),($B22+I22)*22.406) -> #N/A | AD22: =IF(J22=0,NA(),($B22+J22)*22.406) -> #N/A | AE22: =IF(K22=0,NA(),($B22+K22)*22.406) -> #N/A | ... AI22: =IF(O22=0,NA(),($B22+O22)*22.406) -> #N/A
A23: =IF(_xlfn.XLOOKUP($C23,R:R,U:U)=0,A24,_xlfn.XLOOKUP($C23,R:R,U:U)) -> #N/A | B23: =IF(_xlfn.XLOOKUP($C23,R:R,S:S)=0,B24,_xlfn.XLOOKUP($C23,R:R,S:S)) -> #N/A | C23: 46205 | D23: -18 | E23: -6 | F23: -50 | G23: -40 | H23: -20 | I23: -20 | J23: -5 | K23: 82 | L23: 20 | M23: 30 | N23: 32 | O23: 58 | R23: 45988 | T23: 4389 | U23: =IF(T23=0,T24,T23) -> 4389 | W23: =C23 -> 46205 | X23: =IF(D23=0,NA(),($B23+D23)*22.406) -> #N/A | Y23: =IF(E23=0,NA(),($B23+E23)*22.406) -> #N/A | Z23: =IF(F23=0,NA(),($B23+F23)*22.406) -> #N/A | AA23: =IF(G23=0,NA(),($B23+G23)*22.406) -> #N/A | AB23: =IF(H23=0,NA(),($B23+H23)*22.406) -> #N/A | AC23: =IF(I23=0,NA(),($B23+I23)*22.406) -> #N/A | AD23: =IF(J23=0,NA(),($B23+J23)*22.406) -> #N/A | AE23: =IF(K23=0,NA(),($B23+K23)*22.406) -> #N/A | ... AI23: =IF(O23=0,NA(),($B23+O23)*22.406) -> #N/A
A24: =IF(_xlfn.XLOOKUP($C24,R:R,U:U)=0,A25,_xlfn.XLOOKUP($C24,R:R,U:U)) -> #N/A | B24: =IF(_xlfn.XLOOKUP($C24,R:R,S:S)=0,B25,_xlfn.XLOOKUP($C24,R:R,S:S)) -> #N/A | C24: 46198 | D24: -17 | E24: -6 | F24: -50 | G24: -40 | H24: -10 | I24: -17 | J24: -5 | K24: 80 | L24: 22 | M24: 30 | N24: 32 | O24: 58 | R24: 45987 | S24: 379.7 | T24: 4377 | U24: =IF(T24=0,T25,T24) -> 4377 | W24: =C24 -> 46198 | X24: =IF(D24=0,NA(),($B24+D24)*22.406) -> #N/A | Y24: =IF(E24=0,NA(),($B24+E24)*22.406) -> #N/A | Z24: =IF(F24=0,NA(),($B24+F24)*22.406) -> #N/A | AA24: =IF(G24=0,NA(),($B24+G24)*22.406) -> #N/A | AB24: =IF(H24=0,NA(),($B24+H24)*22.406) -> #N/A | AC24: =IF(I24=0,NA(),($B24+I24)*22.406) -> #N/A | AD24: =IF(J24=0,NA(),($B24+J24)*22.406) -> #N/A | AE24: =IF(K24=0,NA(),($B24+K24)*22.406) -> #N/A | ... AI24: =IF(O24=0,NA(),($B24+O24)*22.406) -> #N/A
A25: =IF(_xlfn.XLOOKUP($C25,R:R,U:U)=0,A26,_xlfn.XLOOKUP($C25,R:R,U:U)) -> #N/A | B25: =IF(_xlfn.XLOOKUP($C25,R:R,S:S)=0,B26,_xlfn.XLOOKUP($C25,R:R,S:S)) -> #N/A | C25: 46191 | D25: -14 | E25: -3 | F25: -55 | G25: -45 | H25: -10 | I25: -17 | J25: -5 | K25: 80 | L25: 20 | M25: 30 | N25: 32 | O25: 58 | R25: 45986 | S25: 383.3 | T25: 4414 | U25: =IF(T25=0,T26,T25) -> 4414 | W25: =C25 -> 46191 | X25: =IF(D25=0,NA(),($B25+D25)*22.406) -> #N/A | Y25: =IF(E25=0,NA(),($B25+E25)*22.406) -> #N/A | Z25: =IF(F25=0,NA(),($B25+F25)*22.406) -> #N/A | AA25: =IF(G25=0,NA(),($B25+G25)*22.406) -> #N/A | AB25: =IF(H25=0,NA(),($B25+H25)*22.406) -> #N/A | AC25: =IF(I25=0,NA(),($B25+I25)*22.406) -> #N/A | AD25: =IF(J25=0,NA(),($B25+J25)*22.406) -> #N/A | AE25: =IF(K25=0,NA(),($B25+K25)*22.406) -> #N/A | ... AI25: =IF(O25=0,NA(),($B25+O25)*22.406) -> #N/A
A26: =IF(_xlfn.XLOOKUP($C26,R:R,U:U)=0,A27,_xlfn.XLOOKUP($C26,R:R,U:U)) -> #N/A | B26: =IF(_xlfn.XLOOKUP($C26,R:R,S:S)=0,B27,_xlfn.XLOOKUP($C26,R:R,S:S)) -> #N/A | C26: 46184 | D26: -11 | E26: 3 | F26: -55 | G26: -45 | H26: 0 | I26: -17 | J26: -5 | K26: 68 | L26: 15 | M26: 32 | N26: 30 | O26: 58 | R26: 45985 | S26: 376.55 | T26: 4453 | U26: =IF(T26=0,T27,T26) -> 4453 | W26: =C26 -> 46184 | X26: =IF(D26=0,NA(),($B26+D26)*22.406) -> #N/A | Y26: =IF(E26=0,NA(),($B26+E26)*22.406) -> #N/A | Z26: =IF(F26=0,NA(),($B26+F26)*22.406) -> #N/A | AA26: =IF(G26=0,NA(),($B26+G26)*22.406) -> #N/A | AB26: =IF(H26=0,NA(),($B26+H26)*22.406) -> #N/A | AC26: =IF(I26=0,NA(),($B26+I26)*22.406) -> #N/A | AD26: =IF(J26=0,NA(),($B26+J26)*22.406) -> #N/A | AE26: =IF(K26=0,NA(),($B26+K26)*22.406) -> #N/A | ... AI26: =IF(O26=0,NA(),($B26+O26)*22.406) -> #N/A
A27: =IF(_xlfn.XLOOKUP($C27,R:R,U:U)=0,A28,_xlfn.XLOOKUP($C27,R:R,U:U)) -> #N/A | B27: =IF(_xlfn.XLOOKUP($C27,R:R,S:S)=0,B28,_xlfn.XLOOKUP($C27,R:R,S:S)) -> #N/A | C27: 46177 | D27: -10 | E27: 12 | F27: -55 | G27: -45 | H27: 0 | I27: -17 | J27: -5 | K27: 58 | L27: 15 | M27: 32 | N27: 25 | O27: 58 | R27: 45982 | S27: 369.45 | T27: 4506 | U27: =IF(T27=0,T28,T27) -> 4506 | W27: =C27 -> 46177 | X27: =IF(D27=0,NA(),($B27+D27)*22.406) -> #N/A | Y27: =IF(E27=0,NA(),($B27+E27)*22.406) -> #N/A | Z27: =IF(F27=0,NA(),($B27+F27)*22.406) -> #N/A | AA27: =IF(G27=0,NA(),($B27+G27)*22.406) -> #N/A | AB27: =IF(H27=0,NA(),($B27+H27)*22.406) -> #N/A | AC27: =IF(I27=0,NA(),($B27+I27)*22.406) -> #N/A | AD27: =IF(J27=0,NA(),($B27+J27)*22.406) -> #N/A | AE27: =IF(K27=0,NA(),($B27+K27)*22.406) -> #N/A | ... AI27: =IF(O27=0,NA(),($B27+O27)*22.406) -> #N/A
A28: =IF(_xlfn.XLOOKUP($C28,R:R,U:U)=0,A29,_xlfn.XLOOKUP($C28,R:R,U:U)) -> #N/A | B28: =IF(_xlfn.XLOOKUP($C28,R:R,S:S)=0,B29,_xlfn.XLOOKUP($C28,R:R,S:S)) -> #N/A | C28: 46170 | D28: -10 | E28: 15 | F28: -55 | G28: -45 | H28: 0 | I28: -17 | J28: -5 | K28: 55 | L28: 15 | M28: 35 | N28: 20 | O28: 58 | R28: 45981 | S28: 376.65 | T28: 4631 | U28: =IF(T28=0,T29,T28) -> 4631 | W28: =C28 -> 46170 | X28: =IF(D28=0,NA(),($B28+D28)*22.406) -> #N/A | Y28: =IF(E28=0,NA(),($B28+E28)*22.406) -> #N/A | Z28: =IF(F28=0,NA(),($B28+F28)*22.406) -> #N/A | AA28: =IF(G28=0,NA(),($B28+G28)*22.406) -> #N/A | AB28: =IF(H28=0,NA(),($B28+H28)*22.406) -> #N/A | AC28: =IF(I28=0,NA(),($B28+I28)*22.406) -> #N/A | AD28: =IF(J28=0,NA(),($B28+J28)*22.406) -> #N/A | AE28: =IF(K28=0,NA(),($B28+K28)*22.406) -> #N/A | ... AI28: =IF(O28=0,NA(),($B28+O28)*22.406) -> #N/A
A29: =IF(_xlfn.XLOOKUP($C29,R:R,U:U)=0,A30,_xlfn.XLOOKUP($C29,R:R,U:U)) -> #N/A | B29: =IF(_xlfn.XLOOKUP($C29,R:R,S:S)=0,B30,_xlfn.XLOOKUP($C29,R:R,S:S)) -> #N/A | C29: 46163 | D29: -10 | E29: 15 | F29: -55 | G29: -45 | H29: -5 | I29: -17 | J29: -10 | K29: 43 | L29: 15 | M29: 40 | N29: 20 | O29: 50 | R29: 45980 | S29: 374.85 | T29: 4516 | U29: =IF(T29=0,T30,T29) -> 4516 | W29: =C29 -> 46163 | X29: =IF(D29=0,NA(),($B29+D29)*22.406) -> #N/A | Y29: =IF(E29=0,NA(),($B29+E29)*22.406) -> #N/A | Z29: =IF(F29=0,NA(),($B29+F29)*22.406) -> #N/A | AA29: =IF(G29=0,NA(),($B29+G29)*22.406) -> #N/A | AB29: =IF(H29=0,NA(),($B29+H29)*22.406) -> #N/A | AC29: =IF(I29=0,NA(),($B29+I29)*22.406) -> #N/A | AD29: =IF(J29=0,NA(),($B29+J29)*22.406) -> #N/A | AE29: =IF(K29=0,NA(),($B29+K29)*22.406) -> #N/A | ... AI29: =IF(O29=0,NA(),($B29+O29)*22.406) -> #N/A
A30: =IF(_xlfn.XLOOKUP($C30,R:R,U:U)=0,A31,_xlfn.XLOOKUP($C30,R:R,U:U)) -> #N/A | B30: =IF(_xlfn.XLOOKUP($C30,R:R,S:S)=0,B31,_xlfn.XLOOKUP($C30,R:R,S:S)) -> #N/A | C30: 46155 | D30: -7 | E30: 18 | F30: -50 | G30: -40 | H30: -22 | I30: -20 | J30: -14 | K30: 43 | L30: 15 | M30: 40 | N30: 20 | O30: 50 | R30: 45979 | S30: 387.7 | T30: 4573 | U30: =IF(T30=0,T31,T30) -> 4573 | W30: =C30 -> 46155 | X30: =IF(D30=0,NA(),($B30+D30)*22.406) -> #N/A | Y30: =IF(E30=0,NA(),($B30+E30)*22.406) -> #N/A | Z30: =IF(F30=0,NA(),($B30+F30)*22.406) -> #N/A | AA30: =IF(G30=0,NA(),($B30+G30)*22.406) -> #N/A | AB30: =IF(H30=0,NA(),($B30+H30)*22.406) -> #N/A | AC30: =IF(I30=0,NA(),($B30+I30)*22.406) -> #N/A | AD30: =IF(J30=0,NA(),($B30+J30)*22.406) -> #N/A | AE30: =IF(K30=0,NA(),($B30+K30)*22.406) -> #N/A | ... AI30: =IF(O30=0,NA(),($B30+O30)*22.406) -> #N/A
A31: =IF(_xlfn.XLOOKUP($C31,R:R,U:U)=0,A32,_xlfn.XLOOKUP($C31,R:R,U:U)) -> #N/A | B31: =IF(_xlfn.XLOOKUP($C31,R:R,S:S)=0,B32,_xlfn.XLOOKUP($C31,R:R,S:S)) -> #N/A | C31: 46148 | D31: -5 | E31: 18 | F31: -50 | G31: -40 | H31: -20 | I31: -20 | J31: -12 | K31: 43 | L31: 15 | M31: 40 | N31: 15 | O31: 50 | R31: 45978 | S31: 376.6 | T31: 4483 | U31: =IF(T31=0,T32,T31) -> 4483 | W31: =C31 -> 46148 | X31: =IF(D31=0,NA(),($B31+D31)*22.406) -> #N/A | Y31: =IF(E31=0,NA(),($B31+E31)*22.406) -> #N/A | Z31: =IF(F31=0,NA(),($B31+F31)*22.406) -> #N/A | AA31: =IF(G31=0,NA(),($B31+G31)*22.406) -> #N/A | AB31: =IF(H31=0,NA(),($B31+H31)*22.406) -> #N/A | AC31: =IF(I31=0,NA(),($B31+I31)*22.406) -> #N/A | AD31: =IF(J31=0,NA(),($B31+J31)*22.406) -> #N/A | AE31: =IF(K31=0,NA(),($B31+K31)*22.406) -> #N/A | ... AI31: =IF(O31=0,NA(),($B31+O31)*22.406) -> #N/A
A32: =IF(_xlfn.XLOOKUP($C32,R:R,U:U)=0,A33,_xlfn.XLOOKUP($C32,R:R,U:U)) -> #N/A | B32: =IF(_xlfn.XLOOKUP($C32,R:R,S:S)=0,B33,_xlfn.XLOOKUP($C32,R:R,S:S)) -> #N/A | C32: 46142 | D32: -2 | E32: 18 | F32: -50 | G32: -40 | H32: -18 | I32: -18 | J32: -12 | K32: 45 | L32: 15 | M32: 40 | N32: 12 | O32: 50 | R32: 45975 | S32: 374 | T32: 4223 | U32: =IF(T32=0,T33,T32) -> 4223 | W32: =C32 -> 46142 | X32: =IF(D32=0,NA(),($B32+D32)*22.406) -> #N/A | Y32: =IF(E32=0,NA(),($B32+E32)*22.406) -> #N/A | Z32: =IF(F32=0,NA(),($B32+F32)*22.406) -> #N/A | AA32: =IF(G32=0,NA(),($B32+G32)*22.406) -> #N/A | AB32: =IF(H32=0,NA(),($B32+H32)*22.406) -> #N/A | AC32: =IF(I32=0,NA(),($B32+I32)*22.406) -> #N/A | AD32: =IF(J32=0,NA(),($B32+J32)*22.406) -> #N/A | AE32: =IF(K32=0,NA(),($B32+K32)*22.406) -> #N/A | ... AI32: =IF(O32=0,NA(),($B32+O32)*22.406) -> #N/A
A33: =IF(_xlfn.XLOOKUP($C33,R:R,U:U)=0,A34,_xlfn.XLOOKUP($C33,R:R,U:U)) -> #N/A | B33: =IF(_xlfn.XLOOKUP($C33,R:R,S:S)=0,B34,_xlfn.XLOOKUP($C33,R:R,S:S)) -> #N/A | C33: 46135 | D33: -2 | E33: 20 | F33: -50 | G33: -40 | H33: -18 | I33: -20 | J33: -10 | K33: 45 | L33: 15 | M33: 40 | N33: 10 | O33: 50 | R33: 45974 | S33: 374.25 | T33: 4343 | U33: =IF(T33=0,T34,T33) -> 4343 | W33: =C33 -> 46135 | X33: =IF(D33=0,NA(),($B33+D33)*22.406) -> #N/A | Y33: =IF(E33=0,NA(),($B33+E33)*22.406) -> #N/A | Z33: =IF(F33=0,NA(),($B33+F33)*22.406) -> #N/A | AA33: =IF(G33=0,NA(),($B33+G33)*22.406) -> #N/A | AB33: =IF(H33=0,NA(),($B33+H33)*22.406) -> #N/A | AC33: =IF(I33=0,NA(),($B33+I33)*22.406) -> #N/A | AD33: =IF(J33=0,NA(),($B33+J33)*22.406) -> #N/A | AE33: =IF(K33=0,NA(),($B33+K33)*22.406) -> #N/A | ... AI33: =IF(O33=0,NA(),($B33+O33)*22.406) -> #N/A
A34: =IF(_xlfn.XLOOKUP($C34,R:R,U:U)=0,A35,_xlfn.XLOOKUP($C34,R:R,U:U)) -> #N/A | B34: =IF(_xlfn.XLOOKUP($C34,R:R,S:S)=0,B35,_xlfn.XLOOKUP($C34,R:R,S:S)) -> #N/A | C34: 46127 | D34: -2 | E34: 22 | F34: -50 | G34: -40 | H34: -15 | I34: -20 | J34: -10 | K34: 41 | L34: 10 | M34: 40 | N34: 10 | O34: 50 | R34: 45973 | S34: 376.65 | T34: 4366 | U34: =IF(T34=0,T35,T34) -> 4366 | W34: =C34 -> 46127 | X34: =IF(D34=0,NA(),($B34+D34)*22.406) -> #N/A | Y34: =IF(E34=0,NA(),($B34+E34)*22.406) -> #N/A | Z34: =IF(F34=0,NA(),($B34+F34)*22.406) -> #N/A | AA34: =IF(G34=0,NA(),($B34+G34)*22.406) -> #N/A | AB34: =IF(H34=0,NA(),($B34+H34)*22.406) -> #N/A | AC34: =IF(I34=0,NA(),($B34+I34)*22.406) -> #N/A | AD34: =IF(J34=0,NA(),($B34+J34)*22.406) -> #N/A | AE34: =IF(K34=0,NA(),($B34+K34)*22.406) -> #N/A | ... AI34: =IF(O34=0,NA(),($B34+O34)*22.406) -> #N/A
A35: =IF(_xlfn.XLOOKUP($C35,R:R,U:U)=0,A36,_xlfn.XLOOKUP($C35,R:R,U:U)) -> #N/A | B35: =IF(_xlfn.XLOOKUP($C35,R:R,S:S)=0,B36,_xlfn.XLOOKUP($C35,R:R,S:S)) -> #N/A | C35: 46121 | D35: -2 | E35: 22 | F35: -50 | G35: -40 | H35: -20 | I35: -20 | J35: -10 | K35: 41 | L35: 10 | M35: 45 | N35: 10 | O35: 50 | R35: 45972 | S35: 399.3 | T35: 4618 | U35: =IF(T35=0,T36,T35) -> 4618 | W35: =C35 -> 46121 | X35: =IF(D35=0,NA(),($B35+D35)*22.406) -> #N/A | Y35: =IF(E35=0,NA(),($B35+E35)*22.406) -> #N/A | Z35: =IF(F35=0,NA(),($B35+F35)*22.406) -> #N/A | AA35: =IF(G35=0,NA(),($B35+G35)*22.406) -> #N/A | AB35: =IF(H35=0,NA(),($B35+H35)*22.406) -> #N/A | AC35: =IF(I35=0,NA(),($B35+I35)*22.406) -> #N/A | AD35: =IF(J35=0,NA(),($B35+J35)*22.406) -> #N/A | AE35: =IF(K35=0,NA(),($B35+K35)*22.406) -> #N/A | ... AI35: =IF(O35=0,NA(),($B35+O35)*22.406) -> #N/A
... A85: =IF(_xlfn.XLOOKUP($C85,R:R,U:U)=0,A86,_xlfn.XLOOKUP($C85,R:R,U:U)) -> 5427 | B85: =IF(_xlfn.XLOOKUP($C85,R:R,S:S)=0,B86,_xlfn.XLOOKUP($C85,R:R,S:S)) -> 398.8 | C85: 45771 | D85: -12 | E85: 12 | F85: -45 | G85: -37 | H85: -60 | I85: -40 | J85: -20 | K85: 8 | L85: 5 | M85: 32 | N85: 18 | O85: 25 | R85: 45902 | S85: 370.35 | T85: 4399 | U85: =IF(T85=0,T86,T85) -> 4399 | W85: =C85 -> 45771 | X85: =IF(D85=0,NA(),($B85+D85)*22.406) -> 8666.6408 | Y85: =IF(E85=0,NA(),($B85+E85)*22.406) -> 9204.3848 | Z85: =IF(F85=0,NA(),($B85+F85)*22.406) -> 7927.2428 | AA85: =IF(G85=0,NA(),($B85+G85)*22.406) -> 8106.4908 | AB85: =IF(H85=0,NA(),($B85+H85)*22.406) -> 7591.1528 | AC85: =IF(I85=0,NA(),($B85+I85)*22.406) -> 8039.2728 | AD85: =IF(J85=0,NA(),($B85+J85)*22.406) -> 8487.3928 | AE85: =IF(K85=0,NA(),($B85+K85)*22.406) -> 9114.7608 | ... AI85: =IF(O85=0,NA(),($B85+O85)*22.406) -> 9495.6628
A86: =IF(_xlfn.XLOOKUP($C86,R:R,U:U)=0,A87,_xlfn.XLOOKUP($C86,R:R,U:U)) -> 5277 | B86: =IF(_xlfn.XLOOKUP($C86,R:R,S:S)=0,B87,_xlfn.XLOOKUP($C86,R:R,S:S)) -> 372.6 | C86: 45764 | D86: -10 | E86: 12 | F86: -45 | G86: -37 | H86: -60 | I86: -30 | J86: -20 | K86: 6 | L86: 3 | M86: 32 | N86: 18 | O86: 25 | R86: 45901 | T86: 4628 | U86: =IF(T86=0,T87,T86) -> 4628 | W86: =C86 -> 45764 | X86: =IF(D86=0,NA(),($B86+D86)*22.406) -> 8124.4156 | Y86: =IF(E86=0,NA(),($B86+E86)*22.406) -> 8617.3476 | Z86: =IF(F86=0,NA(),($B86+F86)*22.406) -> 7340.2056 | AA86: =IF(G86=0,NA(),($B86+G86)*22.406) -> 7519.4536 | AB86: =IF(H86=0,NA(),($B86+H86)*22.406) -> 7004.1156 | AC86: =IF(I86=0,NA(),($B86+I86)*22.406) -> 7676.2956 | AD86: =IF(J86=0,NA(),($B86+J86)*22.406) -> 7900.3556 | AE86: =IF(K86=0,NA(),($B86+K86)*22.406) -> 8482.9116 | ... AI86: =IF(O86=0,NA(),($B86+O86)*22.406) -> 8908.6256
A87: =IF(_xlfn.XLOOKUP($C87,R:R,U:U)=0,A88,_xlfn.XLOOKUP($C87,R:R,U:U)) -> 4896 | B87: =IF(_xlfn.XLOOKUP($C87,R:R,S:S)=0,B88,_xlfn.XLOOKUP($C87,R:R,S:S)) -> 341.6 | C87: 45757 | D87: -10 | E87: 12 | F87: -45 | G87: -37 | H87: -62 | I87: -20 | J87: -20 | K87: 6 | L87: 3 | M87: 32 | N87: 18 | O87: 25 | R87: 45898 | S87: 386.1 | T87: 4815 | U87: =IF(T87=0,T88,T87) -> 4815 | W87: =C87 -> 45757 | X87: =IF(D87=0,NA(),($B87+D87)*22.406) -> 7429.8296 | Y87: =IF(E87=0,NA(),($B87+E87)*22.406) -> 7922.7616 | Z87: =IF(F87=0,NA(),($B87+F87)*22.406) -> 6645.6196 | AA87: =IF(G87=0,NA(),($B87+G87)*22.406) -> 6824.8676 | AB87: =IF(H87=0,NA(),($B87+H87)*22.406) -> 6264.7176 | AC87: =IF(I87=0,NA(),($B87+I87)*22.406) -> 7205.7696 | AD87: =IF(J87=0,NA(),($B87+J87)*22.406) -> 7205.7696 | AE87: =IF(K87=0,NA(),($B87+K87)*22.406) -> 7788.3256 | ... AI87: =IF(O87=0,NA(),($B87+O87)*22.406) -> 8214.0396
A88: =IF(_xlfn.XLOOKUP($C88,R:R,U:U)=0,A89,_xlfn.XLOOKUP($C88,R:R,U:U)) -> 5388 | B88: =IF(_xlfn.XLOOKUP($C88,R:R,S:S)=0,B89,_xlfn.XLOOKUP($C88,R:R,S:S)) -> 381.75 | C88: 45750 | D88: -8 | E88: 12 | F88: -45 | G88: -37 | H88: -68 | I88: -20 | J88: -22 | K88: 6 | L88: 1 | M88: 32 | N88: 18 | O88: 20 | R88: 45897 | S88: 377.5 | T88: 4808 | U88: =IF(T88=0,T89,T88) -> 4808 | W88: =C88 -> 45750 | X88: =IF(D88=0,NA(),($B88+D88)*22.406) -> 8374.2425 | Y88: =IF(E88=0,NA(),($B88+E88)*22.406) -> 8822.3625 | Z88: =IF(F88=0,NA(),($B88+F88)*22.406) -> 7545.2205 | AA88: =IF(G88=0,NA(),($B88+G88)*22.406) -> 7724.4685 | AB88: =IF(H88=0,NA(),($B88+H88)*22.406) -> 7029.8825 | AC88: =IF(I88=0,NA(),($B88+I88)*22.406) -> 8105.3705 | AD88: =IF(J88=0,NA(),($B88+J88)*22.406) -> 8060.5585 | AE88: =IF(K88=0,NA(),($B88+K88)*22.406) -> 8687.9265 | ... AI88: =IF(O88=0,NA(),($B88+O88)*22.406) -> 9001.6105
A89: =IF(_xlfn.XLOOKUP($C89,R:R,U:U)=0,A90,_xlfn.XLOOKUP($C89,R:R,U:U)) -> 5361 | B89: =IF(_xlfn.XLOOKUP($C89,R:R,S:S)=0,B90,_xlfn.XLOOKUP($C89,R:R,S:S)) -> 374.95 | C89: 45743 | D89: -8 | E89: 12 | F89: -45 | G89: -37 | H89: -65 | I89: -20 | J89: -22 | K89: 6 | L89: 3 | M89: 32 | N89: 18 | O89: 14 | R89: 45896 | S89: 385.3 | T89: 4878 | U89: =IF(T89=0,T90,T89) -> 4878 | W89: =C89 -> 45743 | X89: =IF(D89=0,NA(),($B89+D89)*22.406) -> 8221.8817 | Y89: =IF(E89=0,NA(),($B89+E89)*22.406) -> 8670.0017 | Z89: =IF(F89=0,NA(),($B89+F89)*22.406) -> 7392.8597 | AA89: =IF(G89=0,NA(),($B89+G89)*22.406) -> 7572.1077 | AB89: =IF(H89=0,NA(),($B89+H89)*22.406) -> 6944.7397 | AC89: =IF(I89=0,NA(),($B89+I89)*22.406) -> 7953.0097 | AD89: =IF(J89=0,NA(),($B89+J89)*22.406) -> 7908.1977 | AE89: =IF(K89=0,NA(),($B89+K89)*22.406) -> 8535.5657 | ... AI89: =IF(O89=0,NA(),($B89+O89)*22.406) -> 8714.8137
A90: =IF(_xlfn.XLOOKUP($C90,R:R,U:U)=0,A91,_xlfn.XLOOKUP($C90,R:R,U:U)) -> 5497 | B90: =IF(_xlfn.XLOOKUP($C90,R:R,S:S)=0,B91,_xlfn.XLOOKUP($C90,R:R,S:S)) -> 385.35 | C90: 45736 | D90: -8 | E90: 15 | F90: -45 | G90: -37 | H90: -75 | I90: -18 | J90: -22 | K90: 6 | L90: 4 | M90: 35 | N90: 20 | O90: 15 | R90: 45895 | S90: 372.3 | T90: 4690 | U90: =IF(T90=0,T91,T90) -> 4690 | W90: =C90 -> 45736 | X90: =IF(D90=0,NA(),($B90+D90)*22.406) -> 8454.9041 | Y90: =IF(E90=0,NA(),($B90+E90)*22.406) -> 8970.2421 | Z90: =IF(F90=0,NA(),($B90+F90)*22.406) -> 7625.8821 | AA90: =IF(G90=0,NA(),($B90+G90)*22.406) -> 7805.1301 | AB90: =IF(H90=0,NA(),($B90+H90)*22.406) -> 6953.7021 | AC90: =IF(I90=0,NA(),($B90+I90)*22.406) -> 8230.8441 | AD90: =IF(J90=0,NA(),($B90+J90)*22.406) -> 8141.2201 | AE90: =IF(K90=0,NA(),($B90+K90)*22.406) -> 8768.5881 | ... AI90: =IF(O90=0,NA(),($B90+O90)*22.406) -> 8970.2421
A91: =IF(_xlfn.XLOOKUP($C91,R:R,U:U)=0,A92,_xlfn.XLOOKUP($C91,R:R,U:U)) -> 5528 | B91: =IF(_xlfn.XLOOKUP($C91,R:R,S:S)=0,B92,_xlfn.XLOOKUP($C91,R:R,S:S)) -> 385.7 | C91: 45729 | D91: -5 | E91: 17 | F91: -47 | G91: -39 | H91: -80 | I91: -20 | J91: -24 | K91: 7 | L91: 6 | M91: 35 | N91: 25 | O91: 16 | R91: 45894 | S91: 377.75 | U91: =IF(T91=0,T92,T91) -> 4650 | W91: =C91 -> 45729 | X91: =IF(D91=0,NA(),($B91+D91)*22.406) -> 8529.9642 | Y91: =IF(E91=0,NA(),($B91+E91)*22.406) -> 9022.8962 | Z91: =IF(F91=0,NA(),($B91+F91)*22.406) -> 7588.9122 | AA91: =IF(G91=0,NA(),($B91+G91)*22.406) -> 7768.1602 | AB91: =IF(H91=0,NA(),($B91+H91)*22.406) -> 6849.5142 | AC91: =IF(I91=0,NA(),($B91+I91)*22.406) -> 8193.8742 | AD91: =IF(J91=0,NA(),($B91+J91)*22.406) -> 8104.2502 | AE91: =IF(K91=0,NA(),($B91+K91)*22.406) -> 8798.8362 | ... AI91: =IF(O91=0,NA(),($B91+O91)*22.406) -> 9000.4902
A92: =IF(_xlfn.XLOOKUP($C92,R:R,U:U)=0,A93,_xlfn.XLOOKUP($C92,R:R,U:U)) -> 5427 | B92: =IF(_xlfn.XLOOKUP($C92,R:R,S:S)=0,B93,_xlfn.XLOOKUP($C92,R:R,S:S)) -> 387.15 | C92: 45722 | D92: -5 | E92: 18 | F92: -47 | G92: -39 | H92: -70 | I92: -20 | J92: -20 | K92: 7 | L92: -6 | M92: 35 | N92: 25 | O92: 17 | R92: 45891 | S92: 378.3 | T92: 4650 | U92: =IF(T92=0,T93,T92) -> 4650 | W92: =C92 -> 45722 | X92: =IF(D92=0,NA(),($B92+D92)*22.406) -> 8562.4529 | Y92: =IF(E92=0,NA(),($B92+E92)*22.406) -> 9077.7909 | Z92: =IF(F92=0,NA(),($B92+F92)*22.406) -> 7621.4009 | AA92: =IF(G92=0,NA(),($B92+G92)*22.406) -> 7800.6489 | AB92: =IF(H92=0,NA(),($B92+H92)*22.406) -> 7106.0629 | AC92: =IF(I92=0,NA(),($B92+I92)*22.406) -> 8226.3629 | AD92: =IF(J92=0,NA(),($B92+J92)*22.406) -> 8226.3629 | AE92: =IF(K92=0,NA(),($B92+K92)*22.406) -> 8831.3249 | ... AI92: =IF(O92=0,NA(),($B92+O92)*22.406) -> 9055.3849
A93: =IF(_xlfn.XLOOKUP($C93,R:R,U:U)=0,A94,_xlfn.XLOOKUP($C93,R:R,U:U)) -> 5376 | B93: =IF(_xlfn.XLOOKUP($C93,R:R,S:S)=0,B94,_xlfn.XLOOKUP($C93,R:R,S:S)) -> 373.6 | C93: 45715 | D93: -5 | E93: 18 | F93: -47 | G93: -39 | H93: -70 | I93: -20 | J93: -18 | K93: 8 | L93: -6 | M93: 35 | N93: 28 | O93: 18 | R93: 45890 | S93: 365 | T93: 4520 | U93: =IF(T93=0,T94,T93) -> 4520 | W93: =C93 -> 45715 | X93: =IF(D93=0,NA(),($B93+D93)*22.406) -> 8258.8516 | Y93: =IF(E93=0,NA(),($B93+E93)*22.406) -> 8774.1896 | Z93: =IF(F93=0,NA(),($B93+F93)*22.406) -> 7317.7996 | AA93: =IF(G93=0,NA(),($B93+G93)*22.406) -> 7497.0476 | AB93: =IF(H93=0,NA(),($B93+H93)*22.406) -> 6802.4616 | AC93: =IF(I93=0,NA(),($B93+I93)*22.406) -> 7922.7616 | AD93: =IF(J93=0,NA(),($B93+J93)*22.406) -> 7967.5736 | AE93: =IF(K93=0,NA(),($B93+K93)*22.406) -> 8550.1296 | ... AI93: =IF(O93=0,NA(),($B93+O93)*22.406) -> 8774.1896
A94: =IF(_xlfn.XLOOKUP($C94,R:R,U:U)=0,A95,_xlfn.XLOOKUP($C94,R:R,U:U)) -> 5655 | B94: =IF(_xlfn.XLOOKUP($C94,R:R,S:S)=0,B95,_xlfn.XLOOKUP($C94,R:R,S:S)) -> 389.9 | C94: 45708 | D94: -5 | E94: 20 | F94: -49 | G94: -41 | H94: -70 | I94: -20 | J94: -18 | K94: 8 | L94: -6 | M94: 35 | N94: 28 | O94: 18 | R94: 45889 | S94: 353.45 | T94: 4401 | U94: =IF(T94=0,T95,T94) -> 4401 | W94: =C94 -> 45708 | X94: =IF(D94=0,NA(),($B94+D94)*22.406) -> 8624.0694 | Y94: =IF(E94=0,NA(),($B94+E94)*22.406) -> 9184.2194 | Z94: =IF(F94=0,NA(),($B94+F94)*22.406) -> 7638.2054 | AA94: =IF(G94=0,NA(),($B94+G94)*22.406) -> 7817.4534 | AB94: =IF(H94=0,NA(),($B94+H94)*22.406) -> 7167.6794 | AC94: =IF(I94=0,NA(),($B94+I94)*22.406) -> 8287.9794 | AD94: =IF(J94=0,NA(),($B94+J94)*22.406) -> 8332.7914 | AE94: =IF(K94=0,NA(),($B94+K94)*22.406) -> 8915.3474 | ... AI94: =IF(O94=0,NA(),($B94+O94)*22.406) -> 9139.4074
A95: =IF(_xlfn.XLOOKUP($C95,R:R,U:U)=0,A96,_xlfn.XLOOKUP($C95,R:R,U:U)) -> 5788 | B95: =IF(_xlfn.XLOOKUP($C95,R:R,S:S)=0,B96,_xlfn.XLOOKUP($C95,R:R,S:S)) -> 425.1 | C95: 45701 | D95: -5 | E95: 23 | F95: -49 | G95: -41 | H95: -50 | I95: -20 | J95: -12 | K95: 10 | L95: -3 | M95: 35 | N95: 28 | O95: 18 | R95: 45888 | S95: 349.05 | T95: 4268 | U95: =IF(T95=0,T96,T95) -> 4268 | W95: =C95 -> 45701 | X95: =IF(D95=0,NA(),($B95+D95)*22.406) -> 9412.7606 | Y95: =IF(E95=0,NA(),($B95+E95)*22.406) -> 10040.129 | Z95: =IF(F95=0,NA(),($B95+F95)*22.406) -> 8426.8966 | AA95: =IF(G95=0,NA(),($B95+G95)*22.406) -> 8606.1446 | AB95: =IF(H95=0,NA(),($B95+H95)*22.406) -> 8404.4906 | AC95: =IF(I95=0,NA(),($B95+I95)*22.406) -> 9076.6706 | AD95: =IF(J95=0,NA(),($B95+J95)*22.406) -> 9255.9186 | AE95: =IF(K95=0,NA(),($B95+K95)*22.406) -> 9748.8506 | ... AI95: =IF(O95=0,NA(),($B95+O95)*22.406) -> 9928.0986
A96: =IF(_xlfn.XLOOKUP($C96,R:R,U:U)=0,A97,_xlfn.XLOOKUP($C96,R:R,U:U)) -> 5646 | B96: =IF(_xlfn.XLOOKUP($C96,R:R,S:S)=0,B97,_xlfn.XLOOKUP($C96,R:R,S:S)) -> 397.1 | C96: 45694 | D96: -5 | E96: 25 | F96: -48 | G96: -40 | H96: -45 | I96: -20 | J96: -12 | K96: 10 | L96: 2 | M96: 35 | N96: 28 | O96: 20 | R96: 45887 | S96: 336.05 | T96: 4020 | U96: =IF(T96=0,T97,T96) -> 4020 | W96: =C96 -> 45694 | X96: =IF(D96=0,NA(),($B96+D96)*22.406) -> 8785.3926 | Y96: =IF(E96=0,NA(),($B96+E96)*22.406) -> 9457.5726 | Z96: =IF(F96=0,NA(),($B96+F96)*22.406) -> 7821.9346 | AA96: =IF(G96=0,NA(),($B96+G96)*22.406) -> 8001.1826 | AB96: =IF(H96=0,NA(),($B96+H96)*22.406) -> 7889.1526 | AC96: =IF(I96=0,NA(),($B96+I96)*22.406) -> 8449.3026 | AD96: =IF(J96=0,NA(),($B96+J96)*22.406) -> 8628.5506 | AE96: =IF(K96=0,NA(),($B96+K96)*22.406) -> 9121.4826 | ... AI96: =IF(O96=0,NA(),($B96+O96)*22.406) -> 9345.5426
A97: =IF(_xlfn.XLOOKUP($C97,R:R,U:U)=0,A98,_xlfn.XLOOKUP($C97,R:R,U:U)) -> 5709 | B97: =IF(_xlfn.XLOOKUP($C97,R:R,S:S)=0,B98,_xlfn.XLOOKUP($C97,R:R,S:S)) -> 368.15 | C97: 45687 | D97: -6 | E97: 25 | F97: -44 | G97: -36 | H97: -40 | I97: -20 | J97: -10 | K97: 10 | L97: 4 | M97: 30 | N97: 28 | O97: 20 | R97: 45884 | S97: 334.2 | T97: 4067 | U97: =IF(T97=0,T98,T97) -> 4067 | W97: =C97 -> 45687 | X97: =IF(D97=0,NA(),($B97+D97)*22.406) -> 8114.3329 | Y97: =IF(E97=0,NA(),($B97+E97)*22.406) -> 8808.9189 | Z97: =IF(F97=0,NA(),($B97+F97)*22.406) -> 7262.9049 | AA97: =IF(G97=0,NA(),($B97+G97)*22.406) -> 7442.1529 | AB97: =IF(H97=0,NA(),($B97+H97)*22.406) -> 7352.5289 | AC97: =IF(I97=0,NA(),($B97+I97)*22.406) -> 7800.6489 | AD97: =IF(J97=0,NA(),($B97+J97)*22.406) -> 8024.7089 | AE97: =IF(K97=0,NA(),($B97+K97)*22.406) -> 8472.8289 | ... AI97: =IF(O97=0,NA(),($B97+O97)*22.406) -> 8696.8889
A98: =IF(_xlfn.XLOOKUP($C98,R:R,U:U)=0,A99,_xlfn.XLOOKUP($C98,R:R,U:U)) -> 5482 | B98: =IF(_xlfn.XLOOKUP($C98,R:R,S:S)=0,B99,_xlfn.XLOOKUP($C98,R:R,S:S)) -> 340.1 | C98: 45680 | D98: -8 | E98: 25 | F98: -44 | G98: -36 | H98: -40 | I98: -20 | J98: -10 | K98: 10 | L98: 2 | M98: 30 | N98: 28 | O98: 25 | R98: 45883 | S98: 318.7 | T98: 3952 | U98: =IF(T98=0,T99,T98) -> 3952 | W98: =C98 -> 45680 | X98: =IF(D98=0,NA(),($B98+D98)*22.406) -> 7441.0326 | Y98: =IF(E98=0,NA(),($B98+E98)*22.406) -> 8180.4306 | Z98: =IF(F98=0,NA(),($B98+F98)*22.406) -> 6634.4166 | AA98: =IF(G98=0,NA(),($B98+G98)*22.406) -> 6813.6646 | AB98: =IF(H98=0,NA(),($B98+H98)*22.406) -> 6724.0406 | AC98: =IF(I98=0,NA(),($B98+I98)*22.406) -> 7172.1606 | AD98: =IF(J98=0,NA(),($B98+J98)*22.406) -> 7396.2206 | AE98: =IF(K98=0,NA(),($B98+K98)*22.406) -> 7844.3406 | ... AI98: =IF(O98=0,NA(),($B98+O98)*22.406) -> 8180.4306
A99: =IF(_xlfn.XLOOKUP($C99,R:R,U:U)=0,A100,_xlfn.XLOOKUP($C99,R:R,U:U)) -> 4889 | B99: =IF(_xlfn.XLOOKUP($C99,R:R,S:S)=0,B100,_xlfn.XLOOKUP($C99,R:R,S:S)) -> 323.15 | C99: 45673 | D99: -10 | E99: 20 | F99: -42 | G99: -32 | H99: -42 | I99: -20 | J99: -5 | K99: 10 | L99: 2 | M99: 30 | N99: 28 | O99: 25 | R99: 45882 | S99: 312.65 | T99: 3799 | U99: =IF(T99=0,T100,T99) -> 3799 | W99: =C99 -> 45673 | X99: =IF(D99=0,NA(),($B99+D99)*22.406) -> 7016.4389 | Y99: =IF(E99=0,NA(),($B99+E99)*22.406) -> 7688.6189 | Z99: =IF(F99=0,NA(),($B99+F99)*22.406) -> 6299.4469 | AA99: =IF(G99=0,NA(),($B99+G99)*22.406) -> 6523.5069 | AB99: =IF(H99=0,NA(),($B99+H99)*22.406) -> 6299.4469 | AC99: =IF(I99=0,NA(),($B99+I99)*22.406) -> 6792.3789 | AD99: =IF(J99=0,NA(),($B99+J99)*22.406) -> 7128.4689 | AE99: =IF(K99=0,NA(),($B99+K99)*22.406) -> 7464.5589 | ... AI99: =IF(O99=0,NA(),($B99+O99)*22.406) -> 7800.6489
A100: =IF(_xlfn.XLOOKUP($C100,R:R,U:U)=0,A101,_xlfn.XLOOKUP($C100,R:R,U:U)) -> 4979 | B100: =IF(_xlfn.XLOOKUP($C100,R:R,S:S)=0,B101,_xlfn.XLOOKUP($C100,R:R,S:S)) -> 314.7 | C100: 45666 | D100: -10 | E100: 20 | F100: -44 | G100: -34 | H100: -42 | I100: -20 | J100: -3 | K100: 10 | L100: 8 | M100: 30 | N100: 28 | O100: 28 | R100: 45881 | S100: 308.3 | T100: 3628 | U100: =IF(T100=0,T101,T100) -> 3628 | W100: =C100 -> 45666 | X100: =IF(D100=0,NA(),($B100+D100)*22.406) -> 6827.1082 | Y100: =IF(E100=0,NA(),($B100+E100)*22.406) -> 7499.2882 | Z100: =IF(F100=0,NA(),($B100+F100)*22.406) -> 6065.3042 | AA100: =IF(G100=0,NA(),($B100+G100)*22.406) -> 6289.3642 | AB100: =IF(H100=0,NA(),($B100+H100)*22.406) -> 6110.1162 | AC100: =IF(I100=0,NA(),($B100+I100)*22.406) -> 6603.0482 | AD100: =IF(J100=0,NA(),($B100+J100)*22.406) -> 6983.9502 | AE100: =IF(K100=0,NA(),($B100+K100)*22.406) -> 7275.2282 | ... AI100: =IF(O100=0,NA(),($B100+O100)*22.406) -> 7678.5362
A101: =IF(_xlfn.XLOOKUP($C101,R:R,U:U)=0,A102,_xlfn.XLOOKUP($C101,R:R,U:U)) -> 5056 | B101: =IF(_xlfn.XLOOKUP($C101,R:R,S:S)=0,B102,_xlfn.XLOOKUP($C101,R:R,S:S)) -> 322.1 | C101: 45659 | D101: -10 | E101: 20 | F101: -44 | G101: -34 | H101: -48 | I101: -17 | J101: 0 | K101: 11 | L101: 8 | M101: 30 | N101: 28 | O101: 30 | R101: 45880 | S101: 314.05 | T101: 3664 | U101: =IF(T101=0,T102,T101) -> 3664 | W101: =C101 -> 45659 | X101: =IF(D101=0,NA(),($B101+D101)*22.406) -> 6992.9126 | Y101: =IF(E101=0,NA(),($B101+E101)*22.406) -> 7665.0926 | Z101: =IF(F101=0,NA(),($B101+F101)*22.406) -> 6231.1086 | AA101: =IF(G101=0,NA(),($B101+G101)*22.406) -> 6455.1686 | AB101: =IF(H101=0,NA(),($B101+H101)*22.406) -> 6141.4846 | AC101: =IF(I101=0,NA(),($B101+I101)*22.406) -> 6836.0706 | AD101: =IF(J101=0,NA(),($B101+J101)*22.406) -> #N/A | AE101: =IF(K101=0,NA(),($B101+K101)*22.406) -> 7463.4386 | ... AI101: =IF(O101=0,NA(),($B101+O101)*22.406) -> 7889.1526
A102: =IF(_xlfn.XLOOKUP($C102,R:R,U:U)=0,A103,_xlfn.XLOOKUP($C102,R:R,U:U)) -> 5041 | B102: =IF(_xlfn.XLOOKUP($C102,R:R,S:S)=0,B103,_xlfn.XLOOKUP($C102,R:R,S:S)) -> 319.7 | C102: 45652 | D102: -9 | E102: 20 | F102: -44 | G102: -34 | H102: -45 | I102: -17 | J102: 0 | K102: 11 | L102: 8 | M102: 30 | N102: 28 | O102: 30 | R102: 45877 | S102: 302.45 | T102: 3510 | U102: =IF(T102=0,T103,T102) -> 3510 | W102: =C102 -> 45652 | X102: =IF(D102=0,NA(),($B102+D102)*22.406) -> 6961.5442 | Y102: =IF(E102=0,NA(),($B102+E102)*22.406) -> 7611.3182 | Z102: =IF(F102=0,NA(),($B102+F102)*22.406) -> 6177.3342 | AA102: =IF(G102=0,NA(),($B102+G102)*22.406) -> 6401.3942 | AB102: =IF(H102=0,NA(),($B102+H102)*22.406) -> 6154.9282 | AC102: =IF(I102=0,NA(),($B102+I102)*22.406) -> 6782.2962 | AD102: =IF(J102=0,NA(),($B102+J102)*22.406) -> #N/A | AE102: =IF(K102=0,NA(),($B102+K102)*22.406) -> 7409.6642 | ... AI102: =IF(O102=0,NA(),($B102+O102)*22.406) -> 7835.3782
A103: =IF(_xlfn.XLOOKUP($C103,R:R,U:U)=0,A104,_xlfn.XLOOKUP($C103,R:R,U:U)) -> 5046 | B103: =IF(_xlfn.XLOOKUP($C103,R:R,S:S)=0,B104,_xlfn.XLOOKUP($C103,R:R,S:S)) -> 318.3 | C103: 45645 | D103: -9 | E103: 18 | F103: -44 | G103: -34 | H103: -48 | I103: -17 | J103: 5 | K103: 11 | L103: 10 | M103: 30 | N103: 26 | O103: 25 | R103: 45876 | S103: 291.15 | T103: 3377 | U103: =IF(T103=0,T104,T103) -> 3377 | W103: =C103 -> 45645 | X103: =IF(D103=0,NA(),($B103+D103)*22.406) -> 6930.1758 | Y103: =IF(E103=0,NA(),($B103+E103)*22.406) -> 7535.1378 | Z103: =IF(F103=0,NA(),($B103+F103)*22.406) -> 6145.9658 | AA103: =IF(G103=0,NA(),($B103+G103)*22.406) -> 6370.0258 | AB103: =IF(H103=0,NA(),($B103+H103)*22.406) -> 6056.3418 | AC103: =IF(I103=0,NA(),($B103+I103)*22.406) -> 6750.9278 | AD103: =IF(J103=0,NA(),($B103+J103)*22.406) -> 7243.8598 | AE103: =IF(K103=0,NA(),($B103+K103)*22.406) -> 7378.2958 | ... AI103: =IF(O103=0,NA(),($B103+O103)*22.406) -> 7691.9798
... A112: =IF(_xlfn.XLOOKUP($C112,R:R,U:U)=0,A113,_xlfn.XLOOKUP($C112,R:R,U:U)) -> 4598 | B112: =IF(_xlfn.XLOOKUP($C112,R:R,S:S)=0,B113,_xlfn.XLOOKUP($C112,R:R,S:S)) -> 253.85 | C112: 45582 | D112: -14 | E112: 8 | F112: -44 | G112: -37 | H112: -30 | I112: -15 | J112: 10 | K112: 20 | L112: 13 | M112: 22 | N112: 18 | O112: 30 | R112: 45863 | S112: 290.45 | T112: 3228 | U112: =IF(T112=0,T113,T112) -> 3228 | W112: =C112 -> 45582 | X112: =IF(D112=0,NA(),($B112+D112)*22.406) -> 5374.0791 | Y112: =IF(E112=0,NA(),($B112+E112)*22.406) -> 5867.0111 | Z112: =IF(F112=0,NA(),($B112+F112)*22.406) -> 4701.8991 | AA112: =IF(G112=0,NA(),($B112+G112)*22.406) -> 4858.7411 | AB112: =IF(H112=0,NA(),($B112+H112)*22.406) -> 5015.5831 | AC112: =IF(I112=0,NA(),($B112+I112)*22.406) -> 5351.6731 | AD112: =IF(J112=0,NA(),($B112+J112)*22.406) -> 5911.8231 | AE112: =IF(K112=0,NA(),($B112+K112)*22.406) -> 6135.8831 | ... AI112: =IF(O112=0,NA(),($B112+O112)*22.406) -> 6359.9431
A113: =IF(_xlfn.XLOOKUP($C113,R:R,U:U)=0,A114,_xlfn.XLOOKUP($C113,R:R,U:U)) -> 4742 | B113: =IF(_xlfn.XLOOKUP($C113,R:R,S:S)=0,B114,_xlfn.XLOOKUP($C113,R:R,S:S)) -> 253.45 | C113: 45575 | D113: -15 | E113: 7 | F113: -44 | G113: -37 | H113: -32 | I113: -15 | K113: 15 | L113: 13 | M113: 22 | N113: 16 | O113: 28 | R113: 45862 | S113: 297 | T113: 3349 | U113: =IF(T113=0,T114,T113) -> 3349 | W113: =C113 -> 45575 | X113: =IF(D113=0,NA(),($B113+D113)*22.406) -> 5342.7107 | Y113: =IF(E113=0,NA(),($B113+E113)*22.406) -> 5835.6427 | Z113: =IF(F113=0,NA(),($B113+F113)*22.406) -> 4692.9367 | AA113: =IF(G113=0,NA(),($B113+G113)*22.406) -> 4849.7787 | AB113: =IF(H113=0,NA(),($B113+H113)*22.406) -> 4961.8087 | AC113: =IF(I113=0,NA(),($B113+I113)*22.406) -> 5342.7107 | AD113: =IF(J113=0,NA(),($B113+J113)*22.406) -> #N/A | AE113: =IF(K113=0,NA(),($B113+K113)*22.406) -> 6014.8907 | ... AI113: =IF(O113=0,NA(),($B113+O113)*22.406) -> 6306.1687
A114: =IF(_xlfn.XLOOKUP($C114,R:R,U:U)=0,A115,_xlfn.XLOOKUP($C114,R:R,U:U)) -> 4720 | B114: =IF(_xlfn.XLOOKUP($C114,R:R,S:S)=0,B115,_xlfn.XLOOKUP($C114,R:R,S:S)) -> 250.5 | C114: 45568 | D114: -15 | E114: 6 | F114: -40 | G114: -30 | H114: -35 | I114: -15 | K114: 14 | L114: 13 | M114: 20 | N114: 16 | O114: 26 | R114: 45861 | S114: 293.8 | T114: 3300 | U114: =IF(T114=0,T115,T114) -> 3300 | W114: =C114 -> 45568 | X114: =IF(D114=0,NA(),($B114+D114)*22.406) -> 5276.613 | Y114: =IF(E114=0,NA(),($B114+E114)*22.406) -> 5747.139 | Z114: =IF(F114=0,NA(),($B114+F114)*22.406) -> 4716.463 | AA114: =IF(G114=0,NA(),($B114+G114)*22.406) -> 4940.523 | AB114: =IF(H114=0,NA(),($B114+H114)*22.406) -> 4828.493 | AC114: =IF(I114=0,NA(),($B114+I114)*22.406) -> 5276.613 | AD114: =IF(J114=0,NA(),($B114+J114)*22.406) -> #N/A | AE114: =IF(K114=0,NA(),($B114+K114)*22.406) -> 5926.387 | ... AI114: =IF(O114=0,NA(),($B114+O114)*22.406) -> 6195.259
A115: =IF(_xlfn.XLOOKUP($C115,R:R,U:U)=0,A116,_xlfn.XLOOKUP($C115,R:R,U:U)) -> 5242 | B115: =IF(_xlfn.XLOOKUP($C115,R:R,S:S)=0,B116,_xlfn.XLOOKUP($C115,R:R,S:S)) -> 271.75 | C115: 45561 | D115: -15 | E115: 10 | F115: -37 | G115: -22 | H115: -32 | I115: -15 | K115: 14 | L115: 13 | M115: 20 | N115: 16 | O115: 26 | R115: 45860 | S115: 288.7 | T115: 3289 | U115: =IF(T115=0,T116,T115) -> 3289 | W115: =C115 -> 45561 | X115: =IF(D115=0,NA(),($B115+D115)*22.406) -> 5752.7405 | Y115: =IF(E115=0,NA(),($B115+E115)*22.406) -> 6312.8905 | Z115: =IF(F115=0,NA(),($B115+F115)*22.406) -> 5259.8085 | AA115: =IF(G115=0,NA(),($B115+G115)*22.406) -> 5595.8985 | AB115: =IF(H115=0,NA(),($B115+H115)*22.406) -> 5371.8385 | AC115: =IF(I115=0,NA(),($B115+I115)*22.406) -> 5752.7405 | AD115: =IF(J115=0,NA(),($B115+J115)*22.406) -> #N/A | AE115: =IF(K115=0,NA(),($B115+K115)*22.406) -> 6402.5145 | ... AI115: =IF(O115=0,NA(),($B115+O115)*22.406) -> 6671.3865
A116: =IF(_xlfn.XLOOKUP($C116,R:R,U:U)=0,A117,_xlfn.XLOOKUP($C116,R:R,U:U)) -> 5248 | B116: =IF(_xlfn.XLOOKUP($C116,R:R,S:S)=0,B117,_xlfn.XLOOKUP($C116,R:R,S:S)) -> 259.7 | C116: 45554 | D116: -15 | E116: 10 | F116: -35 | G116: -20 | H116: -30 | I116: -15 | K116: 14 | L116: 15 | M116: 18 | N116: 16 | O116: 26 | R116: 45859 | S116: 291.95 | T116: 3187 | U116: =IF(T116=0,T117,T116) -> 3187 | W116: =C116 -> 45554 | X116: =IF(D116=0,NA(),($B116+D116)*22.406) -> 5482.7482 | Y116: =IF(E116=0,NA(),($B116+E116)*22.406) -> 6042.8982 | Z116: =IF(F116=0,NA(),($B116+F116)*22.406) -> 5034.6282 | AA116: =IF(G116=0,NA(),($B116+G116)*22.406) -> 5370.7182 | AB116: =IF(H116=0,NA(),($B116+H116)*22.406) -> 5146.6582 | AC116: =IF(I116=0,NA(),($B116+I116)*22.406) -> 5482.7482 | AD116: =IF(J116=0,NA(),($B116+J116)*22.406) -> #N/A | AE116: =IF(K116=0,NA(),($B116+K116)*22.406) -> 6132.5222 | ... AI116: =IF(O116=0,NA(),($B116+O116)*22.406) -> 6401.3942
A117: =IF(_xlfn.XLOOKUP($C117,R:R,U:U)=0,A118,_xlfn.XLOOKUP($C117,R:R,U:U)) -> 5077 | B117: =IF(_xlfn.XLOOKUP($C117,R:R,S:S)=0,B118,_xlfn.XLOOKUP($C117,R:R,S:S)) -> 249.4 | C117: 45547 | D117: -15 | E117: 10 | F117: -28 | G117: -16 | H117: -28 | I117: -15 | K117: 14 | L117: 16 | M117: 18 | N117: 16 | O117: 26 | R117: 45856 | S117: 303.6 | T117: 3348 | U117: =IF(T117=0,T118,T117) -> 3348 | W117: =C117 -> 45547 | X117: =IF(D117=0,NA(),($B117+D117)*22.406) -> 5251.9664 | Y117: =IF(E117=0,NA(),($B117+E117)*22.406) -> 5812.1164 | Z117: =IF(F117=0,NA(),($B117+F117)*22.406) -> 4960.6884 | AA117: =IF(G117=0,NA(),($B117+G117)*22.406) -> 5229.5604 | AB117: =IF(H117=0,NA(),($B117+H117)*22.406) -> 4960.6884 | AC117: =IF(I117=0,NA(),($B117+I117)*22.406) -> 5251.9664 | AD117: =IF(J117=0,NA(),($B117+J117)*22.406) -> #N/A | AE117: =IF(K117=0,NA(),($B117+K117)*22.406) -> 5901.7404 | ... AI117: =IF(O117=0,NA(),($B117+O117)*22.406) -> 6170.6124
A118: =IF(_xlfn.XLOOKUP($C118,R:R,U:U)=0,A119,_xlfn.XLOOKUP($C118,R:R,U:U)) -> 4911 | B118: =IF(_xlfn.XLOOKUP($C118,R:R,S:S)=0,B119,_xlfn.XLOOKUP($C118,R:R,S:S)) -> 244.2 | C118: 45540 | D118: -14 | E118: 10 | F118: -28 | G118: -16 | H118: -32 | I118: -15 | K118: 14 | L118: 16 | M118: 18 | N118: 15 | O118: 27 | R118: 45855 | S118: 307.2 | T118: 3312 | U118: =IF(T118=0,T119,T118) -> 3312 | W118: =C118 -> 45540 | X118: =IF(D118=0,NA(),($B118+D118)*22.406) -> 5157.8612 | Y118: =IF(E118=0,NA(),($B118+E118)*22.406) -> 5695.6052 | Z118: =IF(F118=0,NA(),($B118+F118)*22.406) -> 4844.1772 | AA118: =IF(G118=0,NA(),($B118+G118)*22.406) -> 5113.0492 | AB118: =IF(H118=0,NA(),($B118+H118)*22.406) -> 4754.5532 | AC118: =IF(I118=0,NA(),($B118+I118)*22.406) -> 5135.4552 | AD118: =IF(J118=0,NA(),($B118+J118)*22.406) -> #N/A | AE118: =IF(K118=0,NA(),($B118+K118)*22.406) -> 5785.2292 | ... AI118: =IF(O118=0,NA(),($B118+O118)*22.406) -> 6076.5072
A119: =IF(_xlfn.XLOOKUP($C119,R:R,U:U)=0,A120,_xlfn.XLOOKUP($C119,R:R,U:U)) -> 4901 | B119: =IF(_xlfn.XLOOKUP($C119,R:R,S:S)=0,B120,_xlfn.XLOOKUP($C119,R:R,S:S)) -> 247.6 | C119: 45533 | D119: -14 | E119: 10 | F119: -30 | G119: -18 | H119: -32 | I119: -15 | K119: 14 | L119: 16 | M119: 18 | N119: 14 | O119: 28 | R119: 45854 | S119: 308.45 | T119: 3427 | U119: =IF(T119=0,T120,T119) -> 3427 | W119: =C119 -> 45533 | X119: =IF(D119=0,NA(),($B119+D119)*22.406) -> 5234.0416 | Y119: =IF(E119=0,NA(),($B119+E119)*22.406) -> 5771.7856 | Z119: =IF(F119=0,NA(),($B119+F119)*22.406) -> 4875.5456 | AA119: =IF(G119=0,NA(),($B119+G119)*22.406) -> 5144.4176 | AB119: =IF(H119=0,NA(),($B119+H119)*22.406) -> 4830.7336 | AC119: =IF(I119=0,NA(),($B119+I119)*22.406) -> 5211.6356 | AD119: =IF(J119=0,NA(),($B119+J119)*22.406) -> #N/A | AE119: =IF(K119=0,NA(),($B119+K119)*22.406) -> 5861.4096 | ... AI119: =IF(O119=0,NA(),($B119+O119)*22.406) -> 6175.0936
A120: =IF(_xlfn.XLOOKUP($C120,R:R,U:U)=0,A121,_xlfn.XLOOKUP($C120,R:R,U:U)) -> 4574 | B120: =IF(_xlfn.XLOOKUP($C120,R:R,S:S)=0,B121,_xlfn.XLOOKUP($C120,R:R,S:S)) -> 242.9 | C120: 45526 | D120: -14 | E120: 10 | F120: -30 | G120: -18 | H120: -32 | I120: -15 | K120: 14 | L120: 15 | M120: 18 | N120: 14 | O120: 28 | R120: 45853 | S120: 297.35 | T120: 3408 | U120: =IF(T120=0,T121,T120) -> 3408 | W120: =C120 -> 45526 | X120: =IF(D120=0,NA(),($B120+D120)*22.406) -> 5128.7334 | Y120: =IF(E120=0,NA(),($B120+E120)*22.406) -> 5666.4774 | Z120: =IF(F120=0,NA(),($B120+F120)*22.406) -> 4770.2374 | AA120: =IF(G120=0,NA(),($B120+G120)*22.406) -> 5039.1094 | AB120: =IF(H120=0,NA(),($B120+H120)*22.406) -> 4725.4254 | AC120: =IF(I120=0,NA(),($B120+I120)*22.406) -> 5106.3274 | AD120: =IF(J120=0,NA(),($B120+J120)*22.406) -> #N/A | AE120: =IF(K120=0,NA(),($B120+K120)*22.406) -> 5756.1014 | ... AI120: =IF(O120=0,NA(),($B120+O120)*22.406) -> 6069.7854
A121: =IF(_xlfn.XLOOKUP($C121,R:R,U:U)=0,A122,_xlfn.XLOOKUP($C121,R:R,U:U)) -> 4452 | B121: =IF(_xlfn.XLOOKUP($C121,R:R,S:S)=0,B122,_xlfn.XLOOKUP($C121,R:R,S:S)) -> 244.1 | C121: 45520 | D121: -14 | E121: 6 | F121: -30 | G121: -18 | H121: -30 | I121: -15 | K121: 14 | L121: 15 | M121: 18 | N121: 14 | O121: 28 | R121: 45852 | S121: 301.85 | T121: 3519 | U121: =IF(T121=0,T122,T121) -> 3519 | W121: =C121 -> 45520 | X121: =IF(D121=0,NA(),($B121+D121)*22.406) -> 5155.6206 | Y121: =IF(E121=0,NA(),($B121+E121)*22.406) -> 5603.7406 | Z121: =IF(F121=0,NA(),($B121+F121)*22.406) -> 4797.1246 | AA121: =IF(G121=0,NA(),($B121+G121)*22.406) -> 5065.9966 | AB121: =IF(H121=0,NA(),($B121+H121)*22.406) -> 4797.1246 | AC121: =IF(I121=0,NA(),($B121+I121)*22.406) -> 5133.2146 | AD121: =IF(J121=0,NA(),($B121+J121)*22.406) -> #N/A | AE121: =IF(K121=0,NA(),($B121+K121)*22.406) -> 5782.9886 | ... AI121: =IF(O121=0,NA(),($B121+O121)*22.406) -> 6096.6726
A122: =IF(_xlfn.XLOOKUP($C122,R:R,U:U)=0,A123,_xlfn.XLOOKUP($C122,R:R,U:U)) -> 4253 | B122: =IF(_xlfn.XLOOKUP($C122,R:R,S:S)=0,B123,_xlfn.XLOOKUP($C122,R:R,S:S)) -> 239.35 | C122: 45512 | D122: -11 | E122: 4 | F122: -32 | G122: -20 | H122: -30 | I122: -15 | K122: 14 | L122: 15 | M122: 18 | N122: 10 | O122: 28 | R122: 45849 | S122: 286.5 | T122: 3216 | U122: =IF(T122=0,T123,T122) -> 3216 | W122: =C122 -> 45512 | X122: =IF(D122=0,NA(),($B122+D122)*22.406) -> 5116.4101 | Y122: =IF(E122=0,NA(),($B122+E122)*22.406) -> 5452.5001 | Z122: =IF(F122=0,NA(),($B122+F122)*22.406) -> 4645.8841 | AA122: =IF(G122=0,NA(),($B122+G122)*22.406) -> 4914.7561 | AB122: =IF(H122=0,NA(),($B122+H122)*22.406) -> 4690.6961 | AC122: =IF(I122=0,NA(),($B122+I122)*22.406) -> 5026.7861 | AD122: =IF(J122=0,NA(),($B122+J122)*22.406) -> #N/A | AE122: =IF(K122=0,NA(),($B122+K122)*22.406) -> 5676.5601 | ... AI122: =IF(O122=0,NA(),($B122+O122)*22.406) -> 5990.2441
A123: =IF(_xlfn.XLOOKUP($C123,R:R,U:U)=0,A124,_xlfn.XLOOKUP($C123,R:R,U:U)) -> 4083 | B123: =IF(_xlfn.XLOOKUP($C123,R:R,S:S)=0,B124,_xlfn.XLOOKUP($C123,R:R,S:S)) -> 226.4 | C123: 45505 | D123: -13 | E123: 5 | F123: -30 | G123: -18 | H123: -32 | I123: -15 | K123: 14 | L123: 15 | M123: 18 | N123: 7 | O123: 28 | R123: 45848 | S123: 287.8 | T123: 3320 | U123: =IF(T123=0,T124,T123) -> 3320 | W123: =C123 -> 45505 | X123: =IF(D123=0,NA(),($B123+D123)*22.406) -> 4781.4404 | Y123: =IF(E123=0,NA(),($B123+E123)*22.406) -> 5184.7484 | Z123: =IF(F123=0,NA(),($B123+F123)*22.406) -> 4400.5384 | AA123: =IF(G123=0,NA(),($B123+G123)*22.406) -> 4669.4104 | AB123: =IF(H123=0,NA(),($B123+H123)*22.406) -> 4355.7264 | AC123: =IF(I123=0,NA(),($B123+I123)*22.406) -> 4736.6284 | AD123: =IF(J123=0,NA(),($B123+J123)*22.406) -> #N/A | AE123: =IF(K123=0,NA(),($B123+K123)*22.406) -> 5386.4024 | ... AI123: =IF(O123=0,NA(),($B123+O123)*22.406) -> 5700.0864
A124: =IF(_xlfn.XLOOKUP($C124,R:R,U:U)=0,A125,_xlfn.XLOOKUP($C124,R:R,U:U)) -> 4395 | B124: =IF(_xlfn.XLOOKUP($C124,R:R,S:S)=0,B125,_xlfn.XLOOKUP($C124,R:R,S:S)) -> 233.55 | C124: 45498 | D124: -13 | E124: 6 | F124: -25 | G124: -18 | H124: -32 | I124: -16 | K124: 14 | L124: 15 | M124: 18 | N124: 6 | O124: 28 | R124: 45847 | S124: 284.05 | T124: 3470 | U124: =IF(T124=0,T125,T124) -> 3470 | W124: =C124 -> 45498 | X124: =IF(D124=0,NA(),($B124+D124)*22.406) -> 4941.6433 | Y124: =IF(E124=0,NA(),($B124+E124)*22.406) -> 5367.3573 | Z124: =IF(F124=0,NA(),($B124+F124)*22.406) -> 4672.7713 | AA124: =IF(G124=0,NA(),($B124+G124)*22.406) -> 4829.6133 | AB124: =IF(H124=0,NA(),($B124+H124)*22.406) -> 4515.9293 | AC124: =IF(I124=0,NA(),($B124+I124)*22.406) -> 4874.4253 | AD124: =IF(J124=0,NA(),($B124+J124)*22.406) -> #N/A | AE124: =IF(K124=0,NA(),($B124+K124)*22.406) -> 5546.6053 | ... AI124: =IF(O124=0,NA(),($B124+O124)*22.406) -> 5860.2893
... A126: =IF(_xlfn.XLOOKUP($C126,R:R,U:U)=0,A127,_xlfn.XLOOKUP($C126,R:R,U:U)) -> 4477 | B126: =IF(_xlfn.XLOOKUP($C126,R:R,S:S)=0,B127,_xlfn.XLOOKUP($C126,R:R,S:S)) -> 243.55 | C126: 45483 | D126: -11 | E126: 4 | F126: -22 | G126: -15 | H126: -32 | I126: -16 | K126: 12 | L126: 13 | M126: 16 | N126: 7 | O126: 28 | R126: 45845 | S126: 278.25 | T126: 3526 | U126: =IF(T126=0,T127,T126) -> 3526 | W126: =C126 -> 45483 | X126: =IF(D126=0,NA(),($B126+D126)*22.406) -> 5210.5153 | Y126: =IF(E126=0,NA(),($B126+E126)*22.406) -> 5546.6053 | Z126: =IF(F126=0,NA(),($B126+F126)*22.406) -> 4964.0493 | AA126: =IF(G126=0,NA(),($B126+G126)*22.406) -> 5120.8913 | AB126: =IF(H126=0,NA(),($B126+H126)*22.406) -> 4739.9893 | AC126: =IF(I126=0,NA(),($B126+I126)*22.406) -> 5098.4853 | AD126: =IF(J126=0,NA(),($B126+J126)*22.406) -> #N/A | AE126: =IF(K126=0,NA(),($B126+K126)*22.406) -> 5725.8533 | ... AI126: =IF(O126=0,NA(),($B126+O126)*22.406) -> 6084.3493
A127: =IF(_xlfn.XLOOKUP($C127,R:R,U:U)=0,A128,_xlfn.XLOOKUP($C127,R:R,U:U)) -> 4058 | B127: =IF(_xlfn.XLOOKUP($C127,R:R,S:S)=0,B128,_xlfn.XLOOKUP($C127,R:R,S:S)) -> 224.2 | C127: 45476 | D127: -9 | E127: 3 | F127: -22 | G127: -15 | H127: -30 | I127: -16 | K127: 13 | L127: 15 | M127: 18 | N127: 8 | O127: 25 | R127: 45842 | T127: 3677 | U127: =IF(T127=0,T128,T127) -> 3677 | W127: =C127 -> 45476 | X127: =IF(D127=0,NA(),($B127+D127)*22.406) -> 4821.7712 | Y127: =IF(E127=0,NA(),($B127+E127)*22.406) -> 5090.6432 | Z127: =IF(F127=0,NA(),($B127+F127)*22.406) -> 4530.4932 | AA127: =IF(G127=0,NA(),($B127+G127)*22.406) -> 4687.3352 | AB127: =IF(H127=0,NA(),($B127+H127)*22.406) -> 4351.2452 | AC127: =IF(I127=0,NA(),($B127+I127)*22.406) -> 4664.9292 | AD127: =IF(J127=0,NA(),($B127+J127)*22.406) -> #N/A | AE127: =IF(K127=0,NA(),($B127+K127)*22.406) -> 5314.7032 | ... AI127: =IF(O127=0,NA(),($B127+O127)*22.406) -> 5583.5752
A128: =IF(_xlfn.XLOOKUP($C128,R:R,U:U)=0,A129,_xlfn.XLOOKUP($C128,R:R,U:U)) -> 4047 | B128: =IF(_xlfn.XLOOKUP($C128,R:R,S:S)=0,B129,_xlfn.XLOOKUP($C128,R:R,S:S)) -> 226.35 | C128: 45470 | D128: -9 | E128: 4 | F128: -22 | G128: -15 | H128: -25 | I128: -16 | K128: 13 | L128: 18 | M128: 18 | N128: 8 | O128: 30 | R128: 45841 | S128: 289.6 | T128: 3627 | U128: =IF(T128=0,T129,T128) -> 3627 | W128: =C128 -> 45470 | X128: =IF(D128=0,NA(),($B128+D128)*22.406) -> 4869.9441 | Y128: =IF(E128=0,NA(),($B128+E128)*22.406) -> 5161.2221 | Z128: =IF(F128=0,NA(),($B128+F128)*22.406) -> 4578.6661 | AA128: =IF(G128=0,NA(),($B128+G128)*22.406) -> 4735.5081 | AB128: =IF(H128=0,NA(),($B128+H128)*22.406) -> 4511.4481 | AC128: =IF(I128=0,NA(),($B128+I128)*22.406) -> 4713.1021 | AD128: =IF(J128=0,NA(),($B128+J128)*22.406) -> #N/A | AE128: =IF(K128=0,NA(),($B128+K128)*22.406) -> 5362.8761 | ... AI128: =IF(O128=0,NA(),($B128+O128)*22.406) -> 5743.7781
A129: =IF(_xlfn.XLOOKUP($C129,R:R,U:U)=0,A130,_xlfn.XLOOKUP($C129,R:R,U:U)) -> 4176 | B129: =IF(_xlfn.XLOOKUP($C129,R:R,S:S)=0,B130,_xlfn.XLOOKUP($C129,R:R,S:S)) -> 230.35 | C129: 45463 | D129: -9 | E129: 3 | F129: -15 | G129: -7 | H129: -22 | I129: -16 | K129: 14 | L129: 18 | M129: 18 | N129: 10 | O129: 23 | R129: 45840 | S129: 291.2 | T129: 3602 | U129: =IF(T129=0,T130,T129) -> 3602 | W129: =C129 -> 45463 | X129: =IF(D129=0,NA(),($B129+D129)*22.406) -> 4959.5681 | Y129: =IF(E129=0,NA(),($B129+E129)*22.406) -> 5228.4401 | Z129: =IF(F129=0,NA(),($B129+F129)*22.406) -> 4825.1321 | AA129: =IF(G129=0,NA(),($B129+G129)*22.406) -> 5004.3801 | AB129: =IF(H129=0,NA(),($B129+H129)*22.406) -> 4668.2901 | AC129: =IF(I129=0,NA(),($B129+I129)*22.406) -> 4802.7261 | AD129: =IF(J129=0,NA(),($B129+J129)*22.406) -> #N/A | AE129: =IF(K129=0,NA(),($B129+K129)*22.406) -> 5474.9061 | ... AI129: =IF(O129=0,NA(),($B129+O129)*22.406) -> 5676.5601
A130: =IF(_xlfn.XLOOKUP($C130,R:R,U:U)=0,A131,_xlfn.XLOOKUP($C130,R:R,U:U)) -> 4093 | B130: =IF(_xlfn.XLOOKUP($C130,R:R,S:S)=0,B131,_xlfn.XLOOKUP($C130,R:R,S:S)) -> 226.25 | C130: 45456 | D130: -9 | E130: 3 | F130: -15 | G130: -7 | H130: -25 | I130: -16 | K130: 13 | L130: 18 | M130: 15 | N130: 8 | O130: 20 | R130: 45839 | S130: 291.95 | T130: 3660 | U130: =IF(T130=0,T131,T130) -> 3660 | W130: =C130 -> 45456 | X130: =IF(D130=0,NA(),($B130+D130)*22.406) -> 4867.7035 | Y130: =IF(E130=0,NA(),($B130+E130)*22.406) -> 5136.5755 | Z130: =IF(F130=0,NA(),($B130+F130)*22.406) -> 4733.2675 | AA130: =IF(G130=0,NA(),($B130+G130)*22.406) -> 4912.5155 | AB130: =IF(H130=0,NA(),($B130+H130)*22.406) -> 4509.2075 | AC130: =IF(I130=0,NA(),($B130+I130)*22.406) -> 4710.8615 | AD130: =IF(J130=0,NA(),($B130+J130)*22.406) -> #N/A | AE130: =IF(K130=0,NA(),($B130+K130)*22.406) -> 5360.6355 | ... AI130: =IF(O130=0,NA(),($B130+O130)*22.406) -> 5517.4775
A131: =IF(_xlfn.XLOOKUP($C131,R:R,U:U)=0,A132,_xlfn.XLOOKUP($C131,R:R,U:U)) -> 4294 | B131: =IF(_xlfn.XLOOKUP($C131,R:R,S:S)=0,B132,_xlfn.XLOOKUP($C131,R:R,S:S)) -> 233.35 | C131: 45449 | D131: -9 | E131: -1 | F131: -15 | G131: -10 | H131: -25 | I131: -16 | K131: 14 | L131: 8 | M131: 10 | N131: 8 | O131: 19 | R131: 45838 | S131: 300.1 | T131: 3620 | U131: =IF(T131=0,T132,T131) -> 3620 | W131: =C131 -> 45449 | X131: =IF(D131=0,NA(),($B131+D131)*22.406) -> 5026.7861 | Y131: =IF(E131=0,NA(),($B131+E131)*22.406) -> 5206.0341 | Z131: =IF(F131=0,NA(),($B131+F131)*22.406) -> 4892.3501 | AA131: =IF(G131=0,NA(),($B131+G131)*22.406) -> 5004.3801 | AB131: =IF(H131=0,NA(),($B131+H131)*22.406) -> 4668.2901 | AC131: =IF(I131=0,NA(),($B131+I131)*22.406) -> 4869.9441 | AD131: =IF(J131=0,NA(),($B131+J131)*22.406) -> #N/A | AE131: =IF(K131=0,NA(),($B131+K131)*22.406) -> 5542.1241 | ... AI131: =IF(O131=0,NA(),($B131+O131)*22.406) -> 5654.1541
A132: =IF(_xlfn.XLOOKUP($C132,R:R,U:U)=0,A133,_xlfn.XLOOKUP($C132,R:R,U:U)) -> 4131 | B132: =IF(_xlfn.XLOOKUP($C132,R:R,S:S)=0,B133,_xlfn.XLOOKUP($C132,R:R,S:S)) -> 231.95 | C132: 45442 | D132: -9 | E132: -1 | F132: -15 | G132: -10 | H132: -23 | I132: -16 | K132: 15 | L132: 8 | M132: 10 | N132: 8 | O132: 20 | R132: 45835 | S132: 303.75 | T132: 3661 | U132: =IF(T132=0,T133,T132) -> 3661 | W132: =C132 -> 45442 | X132: =IF(D132=0,NA(),($B132+D132)*22.406) -> 4995.4177 | Y132: =IF(E132=0,NA(),($B132+E132)*22.406) -> 5174.6657 | Z132: =IF(F132=0,NA(),($B132+F132)*22.406) -> 4860.9817 | AA132: =IF(G132=0,NA(),($B132+G132)*22.406) -> 4973.0117 | AB132: =IF(H132=0,NA(),($B132+H132)*22.406) -> 4681.7337 | AC132: =IF(I132=0,NA(),($B132+I132)*22.406) -> 4838.5757 | AD132: =IF(J132=0,NA(),($B132+J132)*22.406) -> #N/A | AE132: =IF(K132=0,NA(),($B132+K132)*22.406) -> 5533.1617 | ... AI132: =IF(O132=0,NA(),($B132+O132)*22.406) -> 5645.1917
A133: =IF(_xlfn.XLOOKUP($C133,R:R,U:U)=0,A134,_xlfn.XLOOKUP($C133,R:R,U:U)) -> 3819 | B133: =IF(_xlfn.XLOOKUP($C133,R:R,S:S)=0,B134,_xlfn.XLOOKUP($C133,R:R,S:S)) -> 214.8 | C133: 45435 | D133: -9 | E133: -1 | F133: -15 | G133: -13 | H133: -22 | I133: -16 | K133: 17 | L133: 6 | M133: 8 | N133: 8 | O133: 20 | R133: 45834 | S133: 305.65 | T133: 3665 | U133: =IF(T133=0,T134,T133) -> 3665 | W133: =C133 -> 45435 | X133: =IF(D133=0,NA(),($B133+D133)*22.406) -> 4611.1548 | Y133: =IF(E133=0,NA(),($B133+E133)*22.406) -> 4790.4028 | Z133: =IF(F133=0,NA(),($B133+F133)*22.406) -> 4476.7188 | AA133: =IF(G133=0,NA(),($B133+G133)*22.406) -> 4521.5308 | AB133: =IF(H133=0,NA(),($B133+H133)*22.406) -> 4319.8768 | AC133: =IF(I133=0,NA(),($B133+I133)*22.406) -> 4454.3128 | AD133: =IF(J133=0,NA(),($B133+J133)*22.406) -> #N/A | AE133: =IF(K133=0,NA(),($B133+K133)*22.406) -> 5193.7108 | ... AI133: =IF(O133=0,NA(),($B133+O133)*22.406) -> 5260.9288
A134: =IF(_xlfn.XLOOKUP($C134,R:R,U:U)=0,A135,_xlfn.XLOOKUP($C134,R:R,U:U)) -> 3420 | B134: =IF(_xlfn.XLOOKUP($C134,R:R,S:S)=0,B135,_xlfn.XLOOKUP($C134,R:R,S:S)) -> 197.9 | C134: 45428 | D134: -7 | E134: -1 | F134: -15 | G134: -13 | H134: -20 | I134: -15 | K134: 17 | L134: 6 | M134: 8 | N134: 8 | O134: 20 | R134: 45833 | S134: 304.5 | T134: 3524 | U134: =IF(T134=0,T135,T134) -> 3524 | W134: =C134 -> 45428 | X134: =IF(D134=0,NA(),($B134+D134)*22.406) -> 4277.3054 | Y134: =IF(E134=0,NA(),($B134+E134)*22.406) -> 4411.7414 | Z134: =IF(F134=0,NA(),($B134+F134)*22.406) -> 4098.0574 | AA134: =IF(G134=0,NA(),($B134+G134)*22.406) -> 4142.8694 | AB134: =IF(H134=0,NA(),($B134+H134)*22.406) -> 3986.0274 | AC134: =IF(I134=0,NA(),($B134+I134)*22.406) -> 4098.0574 | AD134: =IF(J134=0,NA(),($B134+J134)*22.406) -> #N/A | AE134: =IF(K134=0,NA(),($B134+K134)*22.406) -> 4815.0494 | ... AI134: =IF(O134=0,NA(),($B134+O134)*22.406) -> 4882.2674
A135: =IF(_xlfn.XLOOKUP($C135,R:R,U:U)=0,A136,_xlfn.XLOOKUP($C135,R:R,U:U)) -> 3440 | B135: =IF(_xlfn.XLOOKUP($C135,R:R,S:S)=0,B136,_xlfn.XLOOKUP($C135,R:R,S:S)) -> 201.15 | C135: 45422 | D135: -11 | E135: -3 | F135: -16 | G135: -14 | H135: -22 | I135: -15 | K135: 17 | L135: 6 | M135: 8 | N135: 6 | O135: 20 | R135: 45832 | S135: 311.35 | T135: 3682 | U135: =IF(T135=0,T136,T135) -> 3682 | W135: =C135 -> 45422 | X135: =IF(D135=0,NA(),($B135+D135)*22.406) -> 4260.5009 | Y135: =IF(E135=0,NA(),($B135+E135)*22.406) -> 4439.7489 | Z135: =IF(F135=0,NA(),($B135+F135)*22.406) -> 4148.4709 | AA135: =IF(G135=0,NA(),($B135+G135)*22.406) -> 4193.2829 | AB135: =IF(H135=0,NA(),($B135+H135)*22.406) -> 4014.0349 | AC135: =IF(I135=0,NA(),($B135+I135)*22.406) -> 4170.8769 | AD135: =IF(J135=0,NA(),($B135+J135)*22.406) -> #N/A | AE135: =IF(K135=0,NA(),($B135+K135)*22.406) -> 4887.8689 | ... AI135: =IF(O135=0,NA(),($B135+O135)*22.406) -> 4955.0869
A136: =IF(_xlfn.XLOOKUP($C136,R:R,U:U)=0,A137,_xlfn.XLOOKUP($C136,R:R,U:U)) -> 3680 | B136: =IF(_xlfn.XLOOKUP($C136,R:R,S:S)=0,B137,_xlfn.XLOOKUP($C136,R:R,S:S)) -> 206.1 | C136: 45414 | D136: -12 | E136: -4 | F136: -20 | G136: -17 | H136: -20 | I136: -16 | J136: -8 | K136: 17 | L136: 5 | M136: 8 | N136: 7 | O136: 15 | R136: 45831 | S136: 326.55 | T136: 3904 | U136: =IF(T136=0,T137,T136) -> 3904 | W136: =C136 -> 45414 | X136: =IF(D136=0,NA(),($B136+D136)*22.406) -> 4349.0046 | Y136: =IF(E136=0,NA(),($B136+E136)*22.406) -> 4528.2526 | Z136: =IF(F136=0,NA(),($B136+F136)*22.406) -> 4169.7566 | AA136: =IF(G136=0,NA(),($B136+G136)*22.406) -> 4236.9746 | AB136: =IF(H136=0,NA(),($B136+H136)*22.406) -> 4169.7566 | AC136: =IF(I136=0,NA(),($B136+I136)*22.406) -> 4259.3806 | AD136: =IF(J136=0,NA(),($B136+J136)*22.406) -> 4438.6286 | AE136: =IF(K136=0,NA(),($B136+K136)*22.406) -> 4998.7786 | ... AI136: =IF(O136=0,NA(),($B136+O136)*22.406) -> 4953.9666
A137: =IF(_xlfn.XLOOKUP($C137,R:R,U:U)=0,A138,_xlfn.XLOOKUP($C137,R:R,U:U)) -> 4304 | B137: =IF(_xlfn.XLOOKUP($C137,R:R,S:S)=0,B138,_xlfn.XLOOKUP($C137,R:R,S:S)) -> 228.1 | C137: 45407 | D137: -11 | E137: -4 | F137: -17 | G137: -14 | H137: -22 | I137: -15 | J137: -8 | K137: 18 | L137: 5 | M137: 8 | N137: 6 | O137: 14 | R137: 45828 | S137: 315.05 | T137: 3737 | U137: =IF(T137=0,T138,T137) -> 3737 | W137: =C137 -> 45407 | X137: =IF(D137=0,NA(),($B137+D137)*22.406) -> 4864.3426 | Y137: =IF(E137=0,NA(),($B137+E137)*22.406) -> 5021.1846 | Z137: =IF(F137=0,NA(),($B137+F137)*22.406) -> 4729.9066 | AA137: =IF(G137=0,NA(),($B137+G137)*22.406) -> 4797.1246 | AB137: =IF(H137=0,NA(),($B137+H137)*22.406) -> 4617.8766 | AC137: =IF(I137=0,NA(),($B137+I137)*22.406) -> 4774.7186 | AD137: =IF(J137=0,NA(),($B137+J137)*22.406) -> 4931.5606 | AE137: =IF(K137=0,NA(),($B137+K137)*22.406) -> 5514.1166 | ... AI137: =IF(O137=0,NA(),($B137+O137)*22.406) -> 5424.4926
A138: =IF(_xlfn.XLOOKUP($C138,R:R,U:U)=0,A139,_xlfn.XLOOKUP($C138,R:R,U:U)) -> 4062 | B138: =IF(_xlfn.XLOOKUP($C138,R:R,S:S)=0,B139,_xlfn.XLOOKUP($C138,R:R,S:S)) -> 231.1 | C138: 45400 | D138: -13 | E138: -3 | F138: -18 | G138: -15 | H138: -25 | I138: -15 | J138: -8 | K138: 18 | L138: 4 | M138: 8 | N138: 6 | O138: 17 | R138: 45827 | T138: 3887 | U138: =IF(T138=0,T139,T138) -> 3887 | W138: =C138 -> 45400 | X138: =IF(D138=0,NA(),($B138+D138)*22.406) -> 4886.7486 | Y138: =IF(E138=0,NA(),($B138+E138)*22.406) -> 5110.8086 | Z138: =IF(F138=0,NA(),($B138+F138)*22.406) -> 4774.7186 | AA138: =IF(G138=0,NA(),($B138+G138)*22.406) -> 4841.9366 | AB138: =IF(H138=0,NA(),($B138+H138)*22.406) -> 4617.8766 | AC138: =IF(I138=0,NA(),($B138+I138)*22.406) -> 4841.9366 | AD138: =IF(J138=0,NA(),($B138+J138)*22.406) -> 4998.7786 | AE138: =IF(K138=0,NA(),($B138+K138)*22.406) -> 5581.3346 | ... AI138: =IF(O138=0,NA(),($B138+O138)*22.406) -> 5558.9286
A139: =IF(_xlfn.XLOOKUP($C139,R:R,U:U)=0,A140,_xlfn.XLOOKUP($C139,R:R,U:U)) -> 3790 | B139: =IF(_xlfn.XLOOKUP($C139,R:R,S:S)=0,B140,_xlfn.XLOOKUP($C139,R:R,S:S)) -> 217.35 | C139: 45393 | D139: -12 | E139: -1 | F139: -17 | G139: -14 | H139: -20 | I139: -15 | J139: -8 | K139: 18 | L139: 5 | M139: 8 | N139: 6 | O139: 17 | R139: 45826 | S139: 322.3 | T139: 3891 | U139: =IF(T139=0,T140,T139) -> 3891 | W139: =C139 -> 45393 | X139: =IF(D139=0,NA(),($B139+D139)*22.406) -> 4601.0721 | Y139: =IF(E139=0,NA(),($B139+E139)*22.406) -> 4847.5381 | Z139: =IF(F139=0,NA(),($B139+F139)*22.406) -> 4489.0421 | AA139: =IF(G139=0,NA(),($B139+G139)*22.406) -> 4556.2601 | AB139: =IF(H139=0,NA(),($B139+H139)*22.406) -> 4421.8241 | AC139: =IF(I139=0,NA(),($B139+I139)*22.406) -> 4533.8541 | AD139: =IF(J139=0,NA(),($B139+J139)*22.406) -> 4690.6961 | AE139: =IF(K139=0,NA(),($B139+K139)*22.406) -> 5273.2521 | ... AI139: =IF(O139=0,NA(),($B139+O139)*22.406) -> 5250.8461
A140: =IF(_xlfn.XLOOKUP($C140,R:R,U:U)=0,A141,_xlfn.XLOOKUP($C140,R:R,U:U)) -> 3698 | B140: =IF(_xlfn.XLOOKUP($C140,R:R,S:S)=0,B141,_xlfn.XLOOKUP($C140,R:R,S:S)) -> 205.8 | C140: 45386 | D140: -11 | E140: -1 | F140: -17 | G140: -14 | H140: -20 | I140: -15 | J140: -8 | K140: 17 | L140: 6 | M140: 8 | N140: 8 | O140: 15 | R140: 45825 | S140: 332.45 | T140: 4155 | U140: =IF(T140=0,T141,T140) -> 4155 | W140: =C140 -> 45386 | X140: =IF(D140=0,NA(),($B140+D140)*22.406) -> 4364.6888 | Y140: =IF(E140=0,NA(),($B140+E140)*22.406) -> 4588.7488 | Z140: =IF(F140=0,NA(),($B140+F140)*22.406) -> 4230.2528 | AA140: =IF(G140=0,NA(),($B140+G140)*22.406) -> 4297.4708 | AB140: =IF(H140=0,NA(),($B140+H140)*22.406) -> 4163.0348 | AC140: =IF(I140=0,NA(),($B140+I140)*22.406) -> 4275.0648 | AD140: =IF(J140=0,NA(),($B140+J140)*22.406) -> 4431.9068 | AE140: =IF(K140=0,NA(),($B140+K140)*22.406) -> 4992.0568 | ... AI140: =IF(O140=0,NA(),($B140+O140)*22.406) -> 4947.2448
A141: =IF(_xlfn.XLOOKUP($C141,R:R,U:U)=0,A142,_xlfn.XLOOKUP($C141,R:R,U:U)) -> 3396 | B141: =IF(_xlfn.XLOOKUP($C141,R:R,S:S)=0,B142,_xlfn.XLOOKUP($C141,R:R,S:S)) -> 188.05 | C141: 45379 | D141: -10 | E141: -1 | F141: -17 | G141: -14 | H141: -20 | I141: -14 | J141: -7 | K141: 17 | L141: 6 | M141: 8 | N141: 9 | O141: 13 | R141: 45824 | S141: 340.25 | T141: 4192 | U141: =IF(T141=0,T142,T141) -> 4192 | W141: =C141 -> 45379 | X141: =IF(D141=0,NA(),($B141+D141)*22.406) -> 3989.3883 | Y141: =IF(E141=0,NA(),($B141+E141)*22.406) -> 4191.0423 | Z141: =IF(F141=0,NA(),($B141+F141)*22.406) -> 3832.5463 | AA141: =IF(G141=0,NA(),($B141+G141)*22.406) -> 3899.7643 | AB141: =IF(H141=0,NA(),($B141+H141)*22.406) -> 3765.3283 | AC141: =IF(I141=0,NA(),($B141+I141)*22.406) -> 3899.7643 | AD141: =IF(J141=0,NA(),($B141+J141)*22.406) -> 4056.6063 | AE141: =IF(K141=0,NA(),($B141+K141)*22.406) -> 4594.3503 | ... AI141: =IF(O141=0,NA(),($B141+O141)*22.406) -> 4504.7263
A142: =IF(_xlfn.XLOOKUP($C142,R:R,U:U)=0,A143,_xlfn.XLOOKUP($C142,R:R,U:U)) -> 3385 | B142: =IF(_xlfn.XLOOKUP($C142,R:R,S:S)=0,B143,_xlfn.XLOOKUP($C142,R:R,S:S)) -> 184.65 | C142: 45372 | D142: -10 | E142: -1 | F142: -18 | G142: -15 | H142: -21 | I142: -16 | J142: -8 | K142: 16 | L142: 6 | M142: 8 | N142: 9 | O142: 13 | R142: 45821 | S142: 346 | T142: 4287 | U142: =IF(T142=0,T143,T142) -> 4287 | W142: =C142 -> 45372 | X142: =IF(D142=0,NA(),($B142+D142)*22.406) -> 3913.2079 | Y142: =IF(E142=0,NA(),($B142+E142)*22.406) -> 4114.8619 | Z142: =IF(F142=0,NA(),($B142+F142)*22.406) -> 3733.9599 | AA142: =IF(G142=0,NA(),($B142+G142)*22.406) -> 3801.1779 | AB142: =IF(H142=0,NA(),($B142+H142)*22.406) -> 3666.7419 | AC142: =IF(I142=0,NA(),($B142+I142)*22.406) -> 3778.7719 | AD142: =IF(J142=0,NA(),($B142+J142)*22.406) -> 3958.0199 | AE142: =IF(K142=0,NA(),($B142+K142)*22.406) -> 4495.7639 | ... AI142: =IF(O142=0,NA(),($B142+O142)*22.406) -> 4428.5459
A143: =IF(_xlfn.XLOOKUP($C143,R:R,U:U)=0,A144,_xlfn.XLOOKUP($C143,R:R,U:U)) -> 3277 | B143: =IF(_xlfn.XLOOKUP($C143,R:R,S:S)=0,B144,_xlfn.XLOOKUP($C143,R:R,S:S)) -> 183.85 | C143: 45365 | D143: -13 | E143: -3 | F143: -20 | G143: -17 | H143: -20 | I143: -18 | J143: -8 | K143: 15 | L143: 8 | M143: 8 | N143: 9 | O143: 13 | R143: 45820 | S143: 345.3 | T143: 4314 | U143: =IF(T143=0,T144,T143) -> 4314 | W143: =C143 -> 45365 | X143: =IF(D143=0,NA(),($B143+D143)*22.406) -> 3828.0651 | Y143: =IF(E143=0,NA(),($B143+E143)*22.406) -> 4052.1251 | Z143: =IF(F143=0,NA(),($B143+F143)*22.406) -> 3671.2231 | AA143: =IF(G143=0,NA(),($B143+G143)*22.406) -> 3738.4411 | AB143: =IF(H143=0,NA(),($B143+H143)*22.406) -> 3671.2231 | AC143: =IF(I143=0,NA(),($B143+I143)*22.406) -> 3716.0351 | AD143: =IF(J143=0,NA(),($B143+J143)*22.406) -> 3940.0951 | AE143: =IF(K143=0,NA(),($B143+K143)*22.406) -> 4455.4331 | ... AI143: =IF(O143=0,NA(),($B143+O143)*22.406) -> 4410.6211
A144: =IF(_xlfn.XLOOKUP($C144,R:R,U:U)=0,A145,_xlfn.XLOOKUP($C144,R:R,U:U)) -> 3381 | B144: =IF(_xlfn.XLOOKUP($C144,R:R,S:S)=0,B145,_xlfn.XLOOKUP($C144,R:R,S:S)) -> 192.2 | C144: 45358 | D144: -12 | E144: -2 | F144: -17 | G144: -14 | H144: -20 | I144: -18 | J144: -10 | K144: 15 | L144: 7 | M144: 8 | N144: 9 | O144: 14 | R144: 45819 | S144: 348.6 | T144: 4291 | U144: =IF(T144=0,T145,T144) -> 4291 | W144: =C144 -> 45358 | X144: =IF(D144=0,NA(),($B144+D144)*22.406) -> 4037.5612 | Y144: =IF(E144=0,NA(),($B144+E144)*22.406) -> 4261.6212 | Z144: =IF(F144=0,NA(),($B144+F144)*22.406) -> 3925.5312 | AA144: =IF(G144=0,NA(),($B144+G144)*22.406) -> 3992.7492 | AB144: =IF(H144=0,NA(),($B144+H144)*22.406) -> 3858.3132 | AC144: =IF(I144=0,NA(),($B144+I144)*22.406) -> 3903.1252 | AD144: =IF(J144=0,NA(),($B144+J144)*22.406) -> 4082.3732 | AE144: =IF(K144=0,NA(),($B144+K144)*22.406) -> 4642.5232 | ... AI144: =IF(O144=0,NA(),($B144+O144)*22.406) -> 4620.1172
A145: =IF(_xlfn.XLOOKUP($C145,R:R,U:U)=0,A146,_xlfn.XLOOKUP($C145,R:R,U:U)) -> 3095 | B145: =IF(_xlfn.XLOOKUP($C145,R:R,S:S)=0,B146,_xlfn.XLOOKUP($C145,R:R,S:S)) -> 184.35 | C145: 45351 | D145: -11 | E145: -1 | F145: -17 | G145: -14 | H145: -18 | I145: -17 | J145: -10 | K145: 13 | L145: 6 | M145: 8 | N145: 12 | O145: 17 | R145: 45818 | S145: 353.05 | T145: 4317 | U145: =IF(T145=0,T146,T145) -> 4317 | W145: =C145 -> 45351 | X145: =IF(D145=0,NA(),($B145+D145)*22.406) -> 3884.0801 | Y145: =IF(E145=0,NA(),($B145+E145)*22.406) -> 4108.1401 | Z145: =IF(F145=0,NA(),($B145+F145)*22.406) -> 3749.6441 | AA145: =IF(G145=0,NA(),($B145+G145)*22.406) -> 3816.8621 | AB145: =IF(H145=0,NA(),($B145+H145)*22.406) -> 3727.2381 | AC145: =IF(I145=0,NA(),($B145+I145)*22.406) -> 3749.6441 | AD145: =IF(J145=0,NA(),($B145+J145)*22.406) -> 3906.4861 | AE145: =IF(K145=0,NA(),($B145+K145)*22.406) -> 4421.8241 | ... AI145: =IF(O145=0,NA(),($B145+O145)*22.406) -> 4511.4481
A146: =IF(_xlfn.XLOOKUP($C146,R:R,U:U)=0,A147,_xlfn.XLOOKUP($C146,R:R,U:U)) -> 3113 | B146: =IF(_xlfn.XLOOKUP($C146,R:R,S:S)=0,B147,_xlfn.XLOOKUP($C146,R:R,S:S)) -> 183.15 | C146: 45344 | D146: -12 | E146: -3 | F146: -18 | G146: -15 | H146: -18 | I146: -17 | J146: -10 | K146: 12 | L146: 7 | M146: 8 | N146: 12 | O146: 17 | R146: 45817 | S146: 359.4 | T146: 4451 | U146: =IF(T146=0,T147,T146) -> 4451 | W146: =C146 -> 45344 | X146: =IF(D146=0,NA(),($B146+D146)*22.406) -> 3834.7869 | Y146: =IF(E146=0,NA(),($B146+E146)*22.406) -> 4036.4409 | Z146: =IF(F146=0,NA(),($B146+F146)*22.406) -> 3700.3509 | AA146: =IF(G146=0,NA(),($B146+G146)*22.406) -> 3767.5689 | AB146: =IF(H146=0,NA(),($B146+H146)*22.406) -> 3700.3509 | AC146: =IF(I146=0,NA(),($B146+I146)*22.406) -> 3722.7569 | AD146: =IF(J146=0,NA(),($B146+J146)*22.406) -> 3879.5989 | AE146: =IF(K146=0,NA(),($B146+K146)*22.406) -> 4372.5309 | ... AI146: =IF(O146=0,NA(),($B146+O146)*22.406) -> 4484.5609
A147: =IF(_xlfn.XLOOKUP($C147,R:R,U:U)=0,A148,_xlfn.XLOOKUP($C147,R:R,U:U)) -> 3108 | B147: =IF(_xlfn.XLOOKUP($C147,R:R,S:S)=0,B148,_xlfn.XLOOKUP($C147,R:R,S:S)) -> 185.15 | C147: 45337 | D147: -12 | E147: -3 | F147: -18 | G147: -15 | H147: -18 | I147: -17 | J147: -10 | K147: 11 | L147: 7 | M147: 8 | N147: 12 | O147: 17 | R147: 45814 | S147: 355.45 | T147: 4339 | U147: =IF(T147=0,T148,T147) -> 4339 | W147: =C147 -> 45337 | X147: =IF(D147=0,NA(),($B147+D147)*22.406) -> 3879.5989 | Y147: =IF(E147=0,NA(),($B147+E147)*22.406) -> 4081.2529 | Z147: =IF(F147=0,NA(),($B147+F147)*22.406) -> 3745.1629 | AA147: =IF(G147=0,NA(),($B147+G147)*22.406) -> 3812.3809 | AB147: =IF(H147=0,NA(),($B147+H147)*22.406) -> 3745.1629 | AC147: =IF(I147=0,NA(),($B147+I147)*22.406) -> 3767.5689 | AD147: =IF(J147=0,NA(),($B147+J147)*22.406) -> 3924.4109 | AE147: =IF(K147=0,NA(),($B147+K147)*22.406) -> 4394.9369 | ... AI147: =IF(O147=0,NA(),($B147+O147)*22.406) -> 4529.3729
A148: =IF(_xlfn.XLOOKUP($C148,R:R,U:U)=0,A149,_xlfn.XLOOKUP($C148,R:R,U:U)) -> 3109 | B148: =IF(_xlfn.XLOOKUP($C148,R:R,S:S)=0,B149,_xlfn.XLOOKUP($C148,R:R,S:S)) -> 185.85 | C148: 45330 | D148: -11 | E148: -3 | F148: -20 | G148: -17 | H148: -16 | I148: -15 | J148: -10 | K148: 10 | L148: 8 | M148: 8 | N148: 12 | O148: 18 | R148: 45813 | S148: 357.2 | T148: 4445 | U148: =IF(T148=0,T149,T148) -> 4445 | W148: =C148 -> 45330 | X148: =IF(D148=0,NA(),($B148+D148)*22.406) -> 3917.6891 | Y148: =IF(E148=0,NA(),($B148+E148)*22.406) -> 4096.9371 | Z148: =IF(F148=0,NA(),($B148+F148)*22.406) -> 3716.0351 | AA148: =IF(G148=0,NA(),($B148+G148)*22.406) -> 3783.2531 | AB148: =IF(H148=0,NA(),($B148+H148)*22.406) -> 3805.6591 | AC148: =IF(I148=0,NA(),($B148+I148)*22.406) -> 3828.0651 | AD148: =IF(J148=0,NA(),($B148+J148)*22.406) -> 3940.0951 | AE148: =IF(K148=0,NA(),($B148+K148)*22.406) -> 4388.2151 | ... AI148: =IF(O148=0,NA(),($B148+O148)*22.406) -> 4567.4631
A149: =IF(_xlfn.XLOOKUP($C149,R:R,U:U)=0,A150,_xlfn.XLOOKUP($C149,R:R,U:U)) -> 3151 | B149: =IF(_xlfn.XLOOKUP($C149,R:R,S:S)=0,B150,_xlfn.XLOOKUP($C149,R:R,S:S)) -> 190.95 | C149: 45323 | D149: -11 | E149: -2 | F149: -20 | G149: -17 | H149: -20 | I149: -15 | J149: -10 | K149: 10 | L149: 6 | M149: 8 | N149: 12 | O149: 18 | R149: 45812 | S149: 343.85 | T149: 4345 | U149: =IF(T149=0,T150,T149) -> 4345 | W149: =C149 -> 45323 | X149: =IF(D149=0,NA(),($B149+D149)*22.406) -> 4031.9597 | Y149: =IF(E149=0,NA(),($B149+E149)*22.406) -> 4233.6137 | Z149: =IF(F149=0,NA(),($B149+F149)*22.406) -> 3830.3057 | AA149: =IF(G149=0,NA(),($B149+G149)*22.406) -> 3897.5237 | AB149: =IF(H149=0,NA(),($B149+H149)*22.406) -> 3830.3057 | AC149: =IF(I149=0,NA(),($B149+I149)*22.406) -> 3942.3357 | AD149: =IF(J149=0,NA(),($B149+J149)*22.406) -> 4054.3657 | AE149: =IF(K149=0,NA(),($B149+K149)*22.406) -> 4502.4857 | ... AI149: =IF(O149=0,NA(),($B149+O149)*22.406) -> 4681.7337
A150: =IF(_xlfn.XLOOKUP($C150,R:R,U:U)=0,A151,_xlfn.XLOOKUP($C150,R:R,U:U)) -> 3251 | B150: =IF(_xlfn.XLOOKUP($C150,R:R,S:S)=0,B151,_xlfn.XLOOKUP($C150,R:R,S:S)) -> 183.7 | C150: 45316 | D150: -12 | E150: -2 | F150: -22 | G150: -18 | H150: -20 | I150: -15 | J150: -10 | K150: 10 | L150: 4 | M150: 8 | N150: 14 | O150: 22 | R150: 45811 | S150: 338.6 | T150: 4337 | U150: =IF(T150=0,T151,T150) -> 4337 | W150: =C150 -> 45316 | X150: =IF(D150=0,NA(),($B150+D150)*22.406) -> 3847.1102 | Y150: =IF(E150=0,NA(),($B150+E150)*22.406) -> 4071.1702 | Z150: =IF(F150=0,NA(),($B150+F150)*22.406) -> 3623.0502 | AA150: =IF(G150=0,NA(),($B150+G150)*22.406) -> 3712.6742 | AB150: =IF(H150=0,NA(),($B150+H150)*22.406) -> 3667.8622 | AC150: =IF(I150=0,NA(),($B150+I150)*22.406) -> 3779.8922 | AD150: =IF(J150=0,NA(),($B150+J150)*22.406) -> 3891.9222 | AE150: =IF(K150=0,NA(),($B150+K150)*22.406) -> 4340.0422 | ... AI150: =IF(O150=0,NA(),($B150+O150)*22.406) -> 4608.9142
... A169: =IF(_xlfn.XLOOKUP($C169,R:R,U:U)=0,A170,_xlfn.XLOOKUP($C169,R:R,U:U)) -> 2495 | B169: =IF(_xlfn.XLOOKUP($C169,R:R,S:S)=0,B170,_xlfn.XLOOKUP($C169,R:R,S:S)) -> 154 | C169: 45183 | D169: -10 | E169: -3 | F169: -16 | G169: -14 | H169: -2 | I169: -16 | J169: -2 | K169: 22 | L169: 12 | M169: 12 | N169: 13 | O169: 34 | R169: 45783 | S169: 389.85 | T169: 5256 | U169: =IF(T169=0,T170,T169) -> 5256 | W169: =C169 -> 45183 | X169: =IF(D169=0,NA(),($B169+D169)*22.406) -> 3226.464 | Y169: =IF(E169=0,NA(),($B169+E169)*22.406) -> 3383.306 | Z169: =IF(F169=0,NA(),($B169+F169)*22.406) -> 3092.028 | AA169: =IF(G169=0,NA(),($B169+G169)*22.406) -> 3136.84 | AB169: =IF(H169=0,NA(),($B169+H169)*22.406) -> 3405.712 | AC169: =IF(I169=0,NA(),($B169+I169)*22.406) -> 3092.028 | AD169: =IF(J169=0,NA(),($B169+J169)*22.406) -> 3405.712 | AE169: =IF(K169=0,NA(),($B169+K169)*22.406) -> 3943.456 | ... AI169: =IF(O169=0,NA(),($B169+O169)*22.406) -> 4212.328
A170: =IF(_xlfn.XLOOKUP($C170,R:R,U:U)=0,A171,_xlfn.XLOOKUP($C170,R:R,U:U)) -> 2407 | B170: =IF(_xlfn.XLOOKUP($C170,R:R,S:S)=0,B171,_xlfn.XLOOKUP($C170,R:R,S:S)) -> 149.8 | C170: 45176 | D170: -10 | E170: -2 | F170: -14 | G170: -12 | H170: -2 | I170: -16 | J170: -2 | K170: 22 | L170: 13 | M170: 12 | N170: 12 | O170: 33 | R170: 45782 | S170: 388.25 | U170: =IF(T170=0,T171,T170) -> 5291 | W170: =C170 -> 45176 | X170: =IF(D170=0,NA(),($B170+D170)*22.406) -> 3132.3588 | Y170: =IF(E170=0,NA(),($B170+E170)*22.406) -> 3311.6068 | Z170: =IF(F170=0,NA(),($B170+F170)*22.406) -> 3042.7348 | AA170: =IF(G170=0,NA(),($B170+G170)*22.406) -> 3087.5468 | AB170: =IF(H170=0,NA(),($B170+H170)*22.406) -> 3311.6068 | AC170: =IF(I170=0,NA(),($B170+I170)*22.406) -> 2997.9228 | AD170: =IF(J170=0,NA(),($B170+J170)*22.406) -> 3311.6068 | AE170: =IF(K170=0,NA(),($B170+K170)*22.406) -> 3849.3508 | ... AI170: =IF(O170=0,NA(),($B170+O170)*22.406) -> 4095.8168
A171: =IF(_xlfn.XLOOKUP($C171,R:R,U:U)=0,A172,_xlfn.XLOOKUP($C171,R:R,U:U)) -> 2489 | B171: =IF(_xlfn.XLOOKUP($C171,R:R,S:S)=0,B172,_xlfn.XLOOKUP($C171,R:R,S:S)) -> 154.5 | C171: 45169 | D171: -10 | E171: -3 | F171: -14 | G171: -12 | H171: -2 | I171: -15 | J171: -2 | K171: 22 | L171: 13 | M171: 12 | N171: 12 | O171: 33 | R171: 45779 | S171: 385.4 | T171: 5291 | U171: =IF(T171=0,T172,T171) -> 5291 | W171: =C171 -> 45169 | X171: =IF(D171=0,NA(),($B171+D171)*22.406) -> 3237.667 | Y171: =IF(E171=0,NA(),($B171+E171)*22.406) -> 3394.509 | Z171: =IF(F171=0,NA(),($B171+F171)*22.406) -> 3148.043 | AA171: =IF(G171=0,NA(),($B171+G171)*22.406) -> 3192.855 | AB171: =IF(H171=0,NA(),($B171+H171)*22.406) -> 3416.915 | AC171: =IF(I171=0,NA(),($B171+I171)*22.406) -> 3125.637 | AD171: =IF(J171=0,NA(),($B171+J171)*22.406) -> 3416.915 | AE171: =IF(K171=0,NA(),($B171+K171)*22.406) -> 3954.659 | ... AI171: =IF(O171=0,NA(),($B171+O171)*22.406) -> 4201.125
A172: =IF(_xlfn.XLOOKUP($C172,R:R,U:U)=0,A173,_xlfn.XLOOKUP($C172,R:R,U:U)) -> 2406 | B172: =IF(_xlfn.XLOOKUP($C172,R:R,S:S)=0,B173,_xlfn.XLOOKUP($C172,R:R,S:S)) -> 154.3 | C172: 45162 | D172: -12 | E172: -3 | F172: -15 | G172: -13 | H172: -2 | I172: -15 | J172: -2 | K172: 24 | L172: 14 | M172: 12 | N172: 12 | O172: 33 | R172: 45778 | S172: 384.65 | T172: 5126 | U172: =IF(T172=0,T173,T172) -> 5126 | W172: =C172 -> 45162 | X172: =IF(D172=0,NA(),($B172+D172)*22.406) -> 3188.3738 | Y172: =IF(E172=0,NA(),($B172+E172)*22.406) -> 3390.0278 | Z172: =IF(F172=0,NA(),($B172+F172)*22.406) -> 3121.1558 | AA172: =IF(G172=0,NA(),($B172+G172)*22.406) -> 3165.9678 | AB172: =IF(H172=0,NA(),($B172+H172)*22.406) -> 3412.4338 | AC172: =IF(I172=0,NA(),($B172+I172)*22.406) -> 3121.1558 | AD172: =IF(J172=0,NA(),($B172+J172)*22.406) -> 3412.4338 | AE172: =IF(K172=0,NA(),($B172+K172)*22.406) -> 3994.9898 | ... AI172: =IF(O172=0,NA(),($B172+O172)*22.406) -> 4196.6438
A173: =IF(_xlfn.XLOOKUP($C173,R:R,U:U)=0,A174,_xlfn.XLOOKUP($C173,R:R,U:U)) -> 2391 | B173: =IF(_xlfn.XLOOKUP($C173,R:R,S:S)=0,B174,_xlfn.XLOOKUP($C173,R:R,S:S)) -> 149.1 | C173: 45155 | D173: -12 | E173: -6 | F173: -13 | G173: -11 | H173: -2 | I173: -12 | J173: -2 | K173: 23 | L173: 14 | M173: 12 | N173: 15 | O173: 32 | R173: 45777 | S173: 400.75 | T173: 5369 | U173: =IF(T173=0,T174,T173) -> 5369 | W173: =C173 -> 45155 | X173: =IF(D173=0,NA(),($B173+D173)*22.406) -> 3071.8626 | Y173: =IF(E173=0,NA(),($B173+E173)*22.406) -> 3206.2986 | Z173: =IF(F173=0,NA(),($B173+F173)*22.406) -> 3049.4566 | AA173: =IF(G173=0,NA(),($B173+G173)*22.406) -> 3094.2686 | AB173: =IF(H173=0,NA(),($B173+H173)*22.406) -> 3295.9226 | AC173: =IF(I173=0,NA(),($B173+I173)*22.406) -> 3071.8626 | AD173: =IF(J173=0,NA(),($B173+J173)*22.406) -> 3295.9226 | AE173: =IF(K173=0,NA(),($B173+K173)*22.406) -> 3856.0726 | ... AI173: =IF(O173=0,NA(),($B173+O173)*22.406) -> 4057.7266
A174: =IF(_xlfn.XLOOKUP($C174,R:R,U:U)=0,A175,_xlfn.XLOOKUP($C174,R:R,U:U)) -> 2534 | B174: =IF(_xlfn.XLOOKUP($C174,R:R,S:S)=0,B175,_xlfn.XLOOKUP($C174,R:R,S:S)) -> 159.65 | C174: 45148 | D174: -15 | E174: -8 | F174: -22 | G174: -19 | H174: -1 | I174: -14 | J174: -2 | K174: 25 | L174: 17 | M174: 15 | N174: 12 | O174: 35 | R174: 45776 | S174: 399.8 | T174: 5298 | U174: =IF(T174=0,T175,T174) -> 5298 | W174: =C174 -> 45148 | X174: =IF(D174=0,NA(),($B174+D174)*22.406) -> 3241.0279 | Y174: =IF(E174=0,NA(),($B174+E174)*22.406) -> 3397.8699 | Z174: =IF(F174=0,NA(),($B174+F174)*22.406) -> 3084.1859 | AA174: =IF(G174=0,NA(),($B174+G174)*22.406) -> 3151.4039 | AB174: =IF(H174=0,NA(),($B174+H174)*22.406) -> 3554.7119 | AC174: =IF(I174=0,NA(),($B174+I174)*22.406) -> 3263.4339 | AD174: =IF(J174=0,NA(),($B174+J174)*22.406) -> 3532.3059 | AE174: =IF(K174=0,NA(),($B174+K174)*22.406) -> 4137.2679 | ... AI174: =IF(O174=0,NA(),($B174+O174)*22.406) -> 4361.3279
A175: =IF(_xlfn.XLOOKUP($C175,R:R,U:U)=0,A176,_xlfn.XLOOKUP($C175,R:R,U:U)) -> 2516 | B175: =IF(_xlfn.XLOOKUP($C175,R:R,S:S)=0,B176,_xlfn.XLOOKUP($C175,R:R,S:S)) -> 164 | C175: 45141 | D175: -15 | E175: -8 | F175: -22 | G175: -19 | H175: -2 | I175: -14 | J175: 2 | K175: 21 | L175: 17 | M175: 15 | N175: 12 | O175: 32 | R175: 45775 | S175: 410.05 | T175: 5413 | U175: =IF(T175=0,T176,T175) -> 5413 | W175: =C175 -> 45141 | X175: =IF(D175=0,NA(),($B175+D175)*22.406) -> 3338.494 | Y175: =IF(E175=0,NA(),($B175+E175)*22.406) -> 3495.336 | Z175: =IF(F175=0,NA(),($B175+F175)*22.406) -> 3181.652 | AA175: =IF(G175=0,NA(),($B175+G175)*22.406) -> 3248.87 | AB175: =IF(H175=0,NA(),($B175+H175)*22.406) -> 3629.772 | AC175: =IF(I175=0,NA(),($B175+I175)*22.406) -> 3360.9 | AD175: =IF(J175=0,NA(),($B175+J175)*22.406) -> 3719.396 | AE175: =IF(K175=0,NA(),($B175+K175)*22.406) -> 4145.11 | ... AI175: =IF(O175=0,NA(),($B175+O175)*22.406) -> 4391.576
A176: =IF(_xlfn.XLOOKUP($C176,R:R,U:U)=0,A177,_xlfn.XLOOKUP($C176,R:R,U:U)) -> 2499 | B176: =IF(_xlfn.XLOOKUP($C176,R:R,S:S)=0,B177,_xlfn.XLOOKUP($C176,R:R,S:S)) -> 161.7 | C176: 45134 | D176: -15 | E176: -6 | F176: -23 | G176: -20 | H176: -4 | I176: -14 | J176: 2 | K176: 22 | L176: 15 | M176: 15 | N176: 12 | O176: 32 | R176: 45772 | S176: 399.85 | T176: 5415 | U176: =IF(T176=0,T177,T176) -> 5415 | W176: =C176 -> 45134 | X176: =IF(D176=0,NA(),($B176+D176)*22.406) -> 3286.9602 | Y176: =IF(E176=0,NA(),($B176+E176)*22.406) -> 3488.6142 | Z176: =IF(F176=0,NA(),($B176+F176)*22.406) -> 3107.7122 | AA176: =IF(G176=0,NA(),($B176+G176)*22.406) -> 3174.9302 | AB176: =IF(H176=0,NA(),($B176+H176)*22.406) -> 3533.4262 | AC176: =IF(I176=0,NA(),($B176+I176)*22.406) -> 3309.3662 | AD176: =IF(J176=0,NA(),($B176+J176)*22.406) -> 3667.8622 | AE176: =IF(K176=0,NA(),($B176+K176)*22.406) -> 4115.9822 | ... AI176: =IF(O176=0,NA(),($B176+O176)*22.406) -> 4340.0422
A177: =IF(_xlfn.XLOOKUP($C177,R:R,U:U)=0,A178,_xlfn.XLOOKUP($C177,R:R,U:U)) -> 2536 | B177: =IF(_xlfn.XLOOKUP($C177,R:R,S:S)=0,B178,_xlfn.XLOOKUP($C177,R:R,S:S)) -> 158.3 | C177: 45127 | D177: -15 | E177: -6 | F177: -19 | G177: -16 | H177: -5 | I177: -14 | J177: 2 | K177: 20 | L177: 12 | M177: 16 | N177: 12 | O177: 35 | R177: 45771 | S177: 398.8 | T177: 5427 | U177: =IF(T177=0,T178,T177) -> 5427 | W177: =C177 -> 45127 | X177: =IF(D177=0,NA(),($B177+D177)*22.406) -> 3210.7798 | Y177: =IF(E177=0,NA(),($B177+E177)*22.406) -> 3412.4338 | Z177: =IF(F177=0,NA(),($B177+F177)*22.406) -> 3121.1558 | AA177: =IF(G177=0,NA(),($B177+G177)*22.406) -> 3188.3738 | AB177: =IF(H177=0,NA(),($B177+H177)*22.406) -> 3434.8398 | AC177: =IF(I177=0,NA(),($B177+I177)*22.406) -> 3233.1858 | AD177: =IF(J177=0,NA(),($B177+J177)*22.406) -> 3591.6818 | AE177: =IF(K177=0,NA(),($B177+K177)*22.406) -> 3994.9898 | ... AI177: =IF(O177=0,NA(),($B177+O177)*22.406) -> 4331.0798
A178: =IF(_xlfn.XLOOKUP($C178,R:R,U:U)=0,A179,_xlfn.XLOOKUP($C178,R:R,U:U)) -> 2525 | B178: =IF(_xlfn.XLOOKUP($C178,R:R,S:S)=0,B179,_xlfn.XLOOKUP($C178,R:R,S:S)) -> 157.6 | C178: 45120 | D178: -15 | E178: -5 | F178: -19 | G178: -16 | H178: -10 | I178: -14 | J178: 2 | K178: 20 | L178: 12 | M178: 16 | N178: 12 | O178: 35 | R178: 45770 | S178: 385.75 | T178: 5362 | U178: =IF(T178=0,T179,T178) -> 5362 | W178: =C178 -> 45120 | X178: =IF(D178=0,NA(),($B178+D178)*22.406) -> 3195.0956 | Y178: =IF(E178=0,NA(),($B178+E178)*22.406) -> 3419.1556 | Z178: =IF(F178=0,NA(),($B178+F178)*22.406) -> 3105.4716 | AA178: =IF(G178=0,NA(),($B178+G178)*22.406) -> 3172.6896 | AB178: =IF(H178=0,NA(),($B178+H178)*22.406) -> 3307.1256 | AC178: =IF(I178=0,NA(),($B178+I178)*22.406) -> 3217.5016 | AD178: =IF(J178=0,NA(),($B178+J178)*22.406) -> 3575.9976 | AE178: =IF(K178=0,NA(),($B178+K178)*22.406) -> 3979.3056 | ... AI178: =IF(O178=0,NA(),($B178+O178)*22.406) -> 4315.3956
...

Sheet timestamp
A1: =NOW() -> 46322.587

Sheet Robusta Dbse
A1: =_xll.RHistory($C$3:$K$3,"TRDPRC_1.Timestamp;TRDPRC_1.Close","START:01-Aug-2013 INTERVAL:1D",,"TSREPEAT:NO CH:Fd",B5) -> Updated at 14:05:36
C3: COF-RBST-VN1DF | D3: COF-RBST-VNDIF | E3: COF-RBST-VN2DF | F3: COF-RBST-VN8DF | G3: COF-RBST-IDDIF | H3: COF-RBST-UG2DF | I3: COF-RBST-UG1DF | J3: COF-RBST-INDIF | K3: COF-RBST-CI1DF
C4: Vietnam Grd 1 | D4: Vietnam Grd 2 | E4: Vietnam Grd 2: 5% Black | F4: Vietnam Grd 2: 8% Blck | G4: Indonesia | H4: Uganda Screen 12 | I4: Uganda Screen 15 | J4: India Cherry AB | K4: Ivy Cst Grd 1 | M4: 1 | N4: 2 | O4: 3 | P4: 4 | Q4: 5 | R4: 6 | S4: 7 | T4: 8 | U4: 9 | V4: 10 | W4: 11 | X4: 12 | Y4: 13 | Z4: 14 | AA4: 15 | AB4: 16 | AC4: 17 | AD4: 18 | AE4: 19 | AF4: 20 | AG4: 21
A5: LRC | B5: Timestamp | C5: Trade Close | D5: Trade Close | E5: Trade Close | F5: Trade Close | G5: Trade Close | H5: Trade Close | I5: Trade Close | J5: Trade Close | K5: Trade Close | L5: Date | M5: Vietnam Grd 1 | N5: Vietnam Grd 2 | O5: Vietnam Grd 2: 5% Black | P5: Vietnam Grd 2: 8% Blck | Q5: Indonesia | R5: Uganda Screen 12 | S5: Uganda Screen 15 | T5: India Cherry AB | U5: Ivy Cst Grd 1 | V5: =_xlfn.CONCAT('Arabica Dbse'!X6," (A)") -> Brazil NY 3/4 MGTB (A) | W5: =_xlfn.CONCAT('Arabica Dbse'!Y6," (A)") -> Brazil Santos (A) | X5: =_xlfn.CONCAT('Arabica Dbse'!Z6," (A)") -> Brazil Rio Minas 15/16 (A) | Y5: =_xlfn.CONCAT('Arabica Dbse'!AA6," (A)") -> Brazil Rio Minas 17/18 (A) | Z5: =_xlfn.CONCAT('Arabica Dbse'!AB6," (A)") -> Ethiopia Djimmah 5 (A) | AA5: =_xlfn.CONCAT('Arabica Dbse'!AC6," (A)") -> Uganda Drugar (A) | AB5: =_xlfn.CONCAT('Arabica Dbse'!AD6," (A)") -> India Cherry AB (A) | AC5: =_xlfn.CONCAT('Arabica Dbse'!AE6," (A)") -> Colombia Excelso (A) | ... AG5: =_xlfn.CONCAT('Arabica Dbse'!AI6," (A)") -> Guatemala SHB (A)
A6: =_xlfn.XLOOKUP(B6,'Arabica Dbse'!R:R,'Arabica Dbse'!U:U) -> #N/A | B6: 46317 | C6: 450 | D6: 170 | E6: 170 | F6: 140 | G6: 220 | H6: 470 | I6: 570 | J6: 730 | K6: 240 | L6: =B6 -> 46317 | M6: =IF(C6=0,NA(),$A6+C6) -> #N/A | N6: =IF(D6=0,NA(),$A6+D6) -> #N/A | O6: =IF(E6=0,NA(),$A6+E6) -> #N/A | P6: =IF(F6=0,NA(),$A6+F6) -> #N/A | Q6: =IF(G6=0,NA(),$A6+G6) -> #N/A | R6: =IF(H6=0,NA(),$A6+H6) -> #N/A | S6: =IF(I6=0,NA(),$A6+I6) -> #N/A | T6: =IF(J6=0,NA(),$A6+J6) -> #N/A | U6: =IF(K6=0,NA(),$A6+K6) -> #N/A | V6: =_xlfn.XLOOKUP($L6,'Arabica Dbse'!$W:$W,'Arabica Dbse'!X:X,NA()) -> #N/A | W6: =_xlfn.XLOOKUP($L6,'Arabica Dbse'!$W:$W,'Arabica Dbse'!Y:Y,NA()) -> #N/A | X6: =_xlfn.XLOOKUP($L6,'Arabica Dbse'!$W:$W,'Arabica Dbse'!Z:Z,NA()) -> #N/A | Y6: =_xlfn.XLOOKUP($L6,'Arabica Dbse'!$W:$W,'Arabica Dbse'!AA:AA,NA()) -> #N/A | Z6: =_xlfn.XLOOKUP($L6,'Arabica Dbse'!$W:$W,'Arabica Dbse'!AB:AB,NA()) -> #N/A | AA6: =_xlfn.XLOOKUP($L6,'Arabica Dbse'!$W:$W,'Arabica Dbse'!AC:AC,NA()) -> #N/A | AB6: =_xlfn.XLOOKUP($L6,'Arabica Dbse'!$W:$W,'Arabica Dbse'!AD:AD,NA()) -> #N/A | AC6: =_xlfn.XLOOKUP($L6,'Arabica Dbse'!$W:$W,'Arabica Dbse'!AE:AE,NA()) -> #N/A | AD6: =_xlfn.XLOOKUP($L6,'Arabica Dbse'!$W:$W,'Arabica Dbse'!AF:AF,NA()) -> #N/A | AE6: =_xlfn.XLOOKUP($L6,'Arabica Dbse'!$W:$W,'Arabica Dbse'!AG:AG,NA()) -> #N/A | AF6: =_xlfn.XLOOKUP($L6,'Arabica Dbse'!$W:$W,'Arabica Dbse'!AH:AH,NA()) -> #N/A | AG6: =_xlfn.XLOOKUP($L6,'Arabica Dbse'!$W:$W,'Arabica Dbse'!AI:AI,NA()) -> #N/A
A7: =_xlfn.XLOOKUP(B7,'Arabica Dbse'!R:R,'Arabica Dbse'!U:U) -> #N/A | B7: 46310 | C7: 450 | D7: 200 | E7: 200 | F7: 170 | G7: 250 | H7: 480 | I7: 580 | J7: 750 | K7: 240 | L7: =B7 -> 46310 | M7: =IF(C7=0,NA(),$A7+C7) -> #N/A | N7: =IF(D7=0,NA(),$A7+D7) -> #N/A | O7: =IF(E7=0,NA(),$A7+E7) -> #N/A | P7: =IF(F7=0,NA(),$A7+F7) -> #N/A | Q7: =IF(G7=0,NA(),$A7+G7) -> #N/A | R7: =IF(H7=0,NA(),$A7+H7) -> #N/A | S7: =IF(I7=0,NA(),$A7+I7) -> #N/A | T7: =IF(J7=0,NA(),$A7+J7) -> #N/A | U7: =IF(K7=0,NA(),$A7+K7) -> #N/A | V7: =_xlfn.XLOOKUP($L7,'Arabica Dbse'!$W:$W,'Arabica Dbse'!X:X,NA()) -> #N/A | W7: =_xlfn.XLOOKUP($L7,'Arabica Dbse'!$W:$W,'Arabica Dbse'!Y:Y,NA()) -> #N/A | X7: =_xlfn.XLOOKUP($L7,'Arabica Dbse'!$W:$W,'Arabica Dbse'!Z:Z,NA()) -> #N/A | Y7: =_xlfn.XLOOKUP($L7,'Arabica Dbse'!$W:$W,'Arabica Dbse'!AA:AA,NA()) -> #N/A | Z7: =_xlfn.XLOOKUP($L7,'Arabica Dbse'!$W:$W,'Arabica Dbse'!AB:AB,NA()) -> #N/A | AA7: =_xlfn.XLOOKUP($L7,'Arabica Dbse'!$W:$W,'Arabica Dbse'!AC:AC,NA()) -> #N/A | AB7: =_xlfn.XLOOKUP($L7,'Arabica Dbse'!$W:$W,'Arabica Dbse'!AD:AD,NA()) -> #N/A | AC7: =_xlfn.XLOOKUP($L7,'Arabica Dbse'!$W:$W,'Arabica Dbse'!AE:AE,NA()) -> #N/A | AD7: =_xlfn.XLOOKUP($L7,'Arabica Dbse'!$W:$W,'Arabica Dbse'!AF:AF,NA()) -> #N/A | AE7: =_xlfn.XLOOKUP($L7,'Arabica Dbse'!$W:$W,'Arabica Dbse'!AG:AG,NA()) -> #N/A | AF7: =_xlfn.XLOOKUP($L7,'Arabica Dbse'!$W:$W,'Arabica Dbse'!AH:AH,NA()) -> #N/A | AG7: =_xlfn.XLOOKUP($L7,'Arabica Dbse'!$W:$W,'Arabica Dbse'!AI:AI,NA()) -> #N/A
A8: =_xlfn.XLOOKUP(B8,'Arabica Dbse'!R:R,'Arabica Dbse'!U:U) -> #N/A | B8: 46303 | C8: 430 | D8: 220 | E8: 220 | F8: 200 | G8: 270 | H8: 450 | I8: 550 | J8: 700 | K8: 240 | L8: =B8 -> 46303 | M8: =IF(C8=0,NA(),$A8+C8) -> #N/A | N8: =IF(D8=0,NA(),$A8+D8) -> #N/A | O8: =IF(E8=0,NA(),$A8+E8) -> #N/A | P8: =IF(F8=0,NA(),$A8+F8) -> #N/A | Q8: =IF(G8=0,NA(),$A8+G8) -> #N/A | R8: =IF(H8=0,NA(),$A8+H8) -> #N/A | S8: =IF(I8=0,NA(),$A8+I8) -> #N/A | T8: =IF(J8=0,NA(),$A8+J8) -> #N/A | U8: =IF(K8=0,NA(),$A8+K8) -> #N/A | V8: =_xlfn.XLOOKUP($L8,'Arabica Dbse'!$W:$W,'Arabica Dbse'!X:X,NA()) -> #N/A | W8: =_xlfn.XLOOKUP($L8,'Arabica Dbse'!$W:$W,'Arabica Dbse'!Y:Y,NA()) -> #N/A | X8: =_xlfn.XLOOKUP($L8,'Arabica Dbse'!$W:$W,'Arabica Dbse'!Z:Z,NA()) -> #N/A | Y8: =_xlfn.XLOOKUP($L8,'Arabica Dbse'!$W:$W,'Arabica Dbse'!AA:AA,NA()) -> #N/A | Z8: =_xlfn.XLOOKUP($L8,'Arabica Dbse'!$W:$W,'Arabica Dbse'!AB:AB,NA()) -> #N/A | AA8: =_xlfn.XLOOKUP($L8,'Arabica Dbse'!$W:$W,'Arabica Dbse'!AC:AC,NA()) -> #N/A | AB8: =_xlfn.XLOOKUP($L8,'Arabica Dbse'!$W:$W,'Arabica Dbse'!AD:AD,NA()) -> #N/A | AC8: =_xlfn.XLOOKUP($L8,'Arabica Dbse'!$W:$W,'Arabica Dbse'!AE:AE,NA()) -> #N/A | AD8: =_xlfn.XLOOKUP($L8,'Arabica Dbse'!$W:$W,'Arabica Dbse'!AF:AF,NA()) -> #N/A | AE8: =_xlfn.XLOOKUP($L8,'Arabica Dbse'!$W:$W,'Arabica Dbse'!AG:AG,NA()) -> #N/A | AF8: =_xlfn.XLOOKUP($L8,'Arabica Dbse'!$W:$W,'Arabica Dbse'!AH:AH,NA()) -> #N/A | AG8: =_xlfn.XLOOKUP($L8,'Arabica Dbse'!$W:$W,'Arabica Dbse'!AI:AI,NA()) -> #N/A
A9: =_xlfn.XLOOKUP(B9,'Arabica Dbse'!R:R,'Arabica Dbse'!U:U) -> #N/A | B9: 46296 | C9: 430 | D9: 240 | E9: 240 | F9: 220 | G9: 280 | H9: 420 | I9: 530 | J9: 700 | K9: 240 | L9: =B9 -> 46296 | M9: =IF(C9=0,NA(),$A9+C9) -> #N/A | N9: =IF(D9=0,NA(),$A9+D9) -> #N/A | O9: =IF(E9=0,NA(),$A9+E9) -> #N/A | P9: =IF(F9=0,NA(),$A9+F9) -> #N/A | Q9: =IF(G9=0,NA(),$A9+G9) -> #N/A | R9: =IF(H9=0,NA(),$A9+H9) -> #N/A | S9: =IF(I9=0,NA(),$A9+I9) -> #N/A | T9: =IF(J9=0,NA(),$A9+J9) -> #N/A | U9: =IF(K9=0,NA(),$A9+K9) -> #N/A | V9: =_xlfn.XLOOKUP($L9,'Arabica Dbse'!$W:$W,'Arabica Dbse'!X:X,NA()) -> #N/A | W9: =_xlfn.XLOOKUP($L9,'Arabica Dbse'!$W:$W,'Arabica Dbse'!Y:Y,NA()) -> #N/A | X9: =_xlfn.XLOOKUP($L9,'Arabica Dbse'!$W:$W,'Arabica Dbse'!Z:Z,NA()) -> #N/A | Y9: =_xlfn.XLOOKUP($L9,'Arabica Dbse'!$W:$W,'Arabica Dbse'!AA:AA,NA()) -> #N/A | Z9: =_xlfn.XLOOKUP($L9,'Arabica Dbse'!$W:$W,'Arabica Dbse'!AB:AB,NA()) -> #N/A | AA9: =_xlfn.XLOOKUP($L9,'Arabica Dbse'!$W:$W,'Arabica Dbse'!AC:AC,NA()) -> #N/A | AB9: =_xlfn.XLOOKUP($L9,'Arabica Dbse'!$W:$W,'Arabica Dbse'!AD:AD,NA()) -> #N/A | AC9: =_xlfn.XLOOKUP($L9,'Arabica Dbse'!$W:$W,'Arabica Dbse'!AE:AE,NA()) -> #N/A | AD9: =_xlfn.XLOOKUP($L9,'Arabica Dbse'!$W:$W,'Arabica Dbse'!AF:AF,NA()) -> #N/A | AE9: =_xlfn.XLOOKUP($L9,'Arabica Dbse'!$W:$W,'Arabica Dbse'!AG:AG,NA()) -> #N/A | AF9: =_xlfn.XLOOKUP($L9,'Arabica Dbse'!$W:$W,'Arabica Dbse'!AH:AH,NA()) -> #N/A | AG9: =_xlfn.XLOOKUP($L9,'Arabica Dbse'!$W:$W,'Arabica Dbse'!AI:AI,NA()) -> #N/A
A10: =_xlfn.XLOOKUP(B10,'Arabica Dbse'!R:R,'Arabica Dbse'!U:U) -> #N/A | B10: 46289 | C10: 450 | D10: 240 | E10: 240 | F10: 220 | G10: 280 | H10: 420 | I10: 550 | J10: 750 | K10: 240 | L10: =B10 -> 46289 | M10: =IF(C10=0,NA(),$A10+C10) -> #N/A | N10: =IF(D10=0,NA(),$A10+D10) -> #N/A | O10: =IF(E10=0,NA(),$A10+E10) -> #N/A | P10: =IF(F10=0,NA(),$A10+F10) -> #N/A | Q10: =IF(G10=0,NA(),$A10+G10) -> #N/A | R10: =IF(H10=0,NA(),$A10+H10) -> #N/A | S10: =IF(I10=0,NA(),$A10+I10) -> #N/A | T10: =IF(J10=0,NA(),$A10+J10) -> #N/A | U10: =IF(K10=0,NA(),$A10+K10) -> #N/A | V10: =_xlfn.XLOOKUP($L10,'Arabica Dbse'!$W:$W,'Arabica Dbse'!X:X,NA()) -> #N/A | W10: =_xlfn.XLOOKUP($L10,'Arabica Dbse'!$W:$W,'Arabica Dbse'!Y:Y,NA()) -> #N/A | X10: =_xlfn.XLOOKUP($L10,'Arabica Dbse'!$W:$W,'Arabica Dbse'!Z:Z,NA()) -> #N/A | Y10: =_xlfn.XLOOKUP($L10,'Arabica Dbse'!$W:$W,'Arabica Dbse'!AA:AA,NA()) -> #N/A | Z10: =_xlfn.XLOOKUP($L10,'Arabica Dbse'!$W:$W,'Arabica Dbse'!AB:AB,NA()) -> #N/A | AA10: =_xlfn.XLOOKUP($L10,'Arabica Dbse'!$W:$W,'Arabica Dbse'!AC:AC,NA()) -> #N/A | AB10: =_xlfn.XLOOKUP($L10,'Arabica Dbse'!$W:$W,'Arabica Dbse'!AD:AD,NA()) -> #N/A | AC10: =_xlfn.XLOOKUP($L10,'Arabica Dbse'!$W:$W,'Arabica Dbse'!AE:AE,NA()) -> #N/A | AD10: =_xlfn.XLOOKUP($L10,'Arabica Dbse'!$W:$W,'Arabica Dbse'!AF:AF,NA()) -> #N/A | AE10: =_xlfn.XLOOKUP($L10,'Arabica Dbse'!$W:$W,'Arabica Dbse'!AG:AG,NA()) -> #N/A | AF10: =_xlfn.XLOOKUP($L10,'Arabica Dbse'!$W:$W,'Arabica Dbse'!AH:AH,NA()) -> #N/A | AG10: =_xlfn.XLOOKUP($L10,'Arabica Dbse'!$W:$W,'Arabica Dbse'!AI:AI,NA()) -> #N/A
A11: =_xlfn.XLOOKUP(B11,'Arabica Dbse'!R:R,'Arabica Dbse'!U:U) -> #N/A | B11: 46282 | C11: 390 | D11: 220 | E11: 220 | F11: 200 | G11: 230 | H11: 420 | I11: 550 | J11: 580 | K11: 240 | L11: =B11 -> 46282 | M11: =IF(C11=0,NA(),$A11+C11) -> #N/A | N11: =IF(D11=0,NA(),$A11+D11) -> #N/A | O11: =IF(E11=0,NA(),$A11+E11) -> #N/A | P11: =IF(F11=0,NA(),$A11+F11) -> #N/A | Q11: =IF(G11=0,NA(),$A11+G11) -> #N/A | R11: =IF(H11=0,NA(),$A11+H11) -> #N/A | S11: =IF(I11=0,NA(),$A11+I11) -> #N/A | T11: =IF(J11=0,NA(),$A11+J11) -> #N/A | U11: =IF(K11=0,NA(),$A11+K11) -> #N/A | V11: =_xlfn.XLOOKUP($L11,'Arabica Dbse'!$W:$W,'Arabica Dbse'!X:X,NA()) -> #N/A | W11: =_xlfn.XLOOKUP($L11,'Arabica Dbse'!$W:$W,'Arabica Dbse'!Y:Y,NA()) -> #N/A | X11: =_xlfn.XLOOKUP($L11,'Arabica Dbse'!$W:$W,'Arabica Dbse'!Z:Z,NA()) -> #N/A | Y11: =_xlfn.XLOOKUP($L11,'Arabica Dbse'!$W:$W,'Arabica Dbse'!AA:AA,NA()) -> #N/A | Z11: =_xlfn.XLOOKUP($L11,'Arabica Dbse'!$W:$W,'Arabica Dbse'!AB:AB,NA()) -> #N/A | AA11: =_xlfn.XLOOKUP($L11,'Arabica Dbse'!$W:$W,'Arabica Dbse'!AC:AC,NA()) -> #N/A | AB11: =_xlfn.XLOOKUP($L11,'Arabica Dbse'!$W:$W,'Arabica Dbse'!AD:AD,NA()) -> #N/A | AC11: =_xlfn.XLOOKUP($L11,'Arabica Dbse'!$W:$W,'Arabica Dbse'!AE:AE,NA()) -> #N/A | AD11: =_xlfn.XLOOKUP($L11,'Arabica Dbse'!$W:$W,'Arabica Dbse'!AF:AF,NA()) -> #N/A | AE11: =_xlfn.XLOOKUP($L11,'Arabica Dbse'!$W:$W,'Arabica Dbse'!AG:AG,NA()) -> #N/A | AF11: =_xlfn.XLOOKUP($L11,'Arabica Dbse'!$W:$W,'Arabica Dbse'!AH:AH,NA()) -> #N/A | AG11: =_xlfn.XLOOKUP($L11,'Arabica Dbse'!$W:$W,'Arabica Dbse'!AI:AI,NA()) -> #N/A
A12: =_xlfn.XLOOKUP(B12,'Arabica Dbse'!R:R,'Arabica Dbse'!U:U) -> #N/A | B12: 46275 | C12: 370 | D12: 200 | E12: 200 | F12: 180 | G12: 200 | H12: 400 | I12: 520 | J12: 580 | K12: 220 | L12: =B12 -> 46275 | M12: =IF(C12=0,NA(),$A12+C12) -> #N/A | N12: =IF(D12=0,NA(),$A12+D12) -> #N/A | O12: =IF(E12=0,NA(),$A12+E12) -> #N/A | P12: =IF(F12=0,NA(),$A12+F12) -> #N/A | Q12: =IF(G12=0,NA(),$A12+G12) -> #N/A | R12: =IF(H12=0,NA(),$A12+H12) -> #N/A | S12: =IF(I12=0,NA(),$A12+I12) -> #N/A | T12: =IF(J12=0,NA(),$A12+J12) -> #N/A | U12: =IF(K12=0,NA(),$A12+K12) -> #N/A | V12: =_xlfn.XLOOKUP($L12,'Arabica Dbse'!$W:$W,'Arabica Dbse'!X:X,NA()) -> #N/A | W12: =_xlfn.XLOOKUP($L12,'Arabica Dbse'!$W:$W,'Arabica Dbse'!Y:Y,NA()) -> #N/A | X12: =_xlfn.XLOOKUP($L12,'Arabica Dbse'!$W:$W,'Arabica Dbse'!Z:Z,NA()) -> #N/A | Y12: =_xlfn.XLOOKUP($L12,'Arabica Dbse'!$W:$W,'Arabica Dbse'!AA:AA,NA()) -> #N/A | Z12: =_xlfn.XLOOKUP($L12,'Arabica Dbse'!$W:$W,'Arabica Dbse'!AB:AB,NA()) -> #N/A | AA12: =_xlfn.XLOOKUP($L12,'Arabica Dbse'!$W:$W,'Arabica Dbse'!AC:AC,NA()) -> #N/A | AB12: =_xlfn.XLOOKUP($L12,'Arabica Dbse'!$W:$W,'Arabica Dbse'!AD:AD,NA()) -> #N/A | AC12: =_xlfn.XLOOKUP($L12,'Arabica Dbse'!$W:$W,'Arabica Dbse'!AE:AE,NA()) -> #N/A | AD12: =_xlfn.XLOOKUP($L12,'Arabica Dbse'!$W:$W,'Arabica Dbse'!AF:AF,NA()) -> #N/A | AE12: =_xlfn.XLOOKUP($L12,'Arabica Dbse'!$W:$W,'Arabica Dbse'!AG:AG,NA()) -> #N/A | AF12: =_xlfn.XLOOKUP($L12,'Arabica Dbse'!$W:$W,'Arabica Dbse'!AH:AH,NA()) -> #N/A | AG12: =_xlfn.XLOOKUP($L12,'Arabica Dbse'!$W:$W,'Arabica Dbse'!AI:AI,NA()) -> #N/A
A13: =_xlfn.XLOOKUP(B13,'Arabica Dbse'!R:R,'Arabica Dbse'!U:U) -> #N/A | B13: 46268 | C13: 370 | D13: 200 | E13: 200 | F13: 180 | G13: 180 | H13: 450 | I13: 550 | J13: 580 | K13: 220 | L13: =B13 -> 46268 | M13: =IF(C13=0,NA(),$A13+C13) -> #N/A | N13: =IF(D13=0,NA(),$A13+D13) -> #N/A | O13: =IF(E13=0,NA(),$A13+E13) -> #N/A | P13: =IF(F13=0,NA(),$A13+F13) -> #N/A | Q13: =IF(G13=0,NA(),$A13+G13) -> #N/A | R13: =IF(H13=0,NA(),$A13+H13) -> #N/A | S13: =IF(I13=0,NA(),$A13+I13) -> #N/A | T13: =IF(J13=0,NA(),$A13+J13) -> #N/A | U13: =IF(K13=0,NA(),$A13+K13) -> #N/A | V13: =_xlfn.XLOOKUP($L13,'Arabica Dbse'!$W:$W,'Arabica Dbse'!X:X,NA()) -> #N/A | W13: =_xlfn.XLOOKUP($L13,'Arabica Dbse'!$W:$W,'Arabica Dbse'!Y:Y,NA()) -> #N/A | X13: =_xlfn.XLOOKUP($L13,'Arabica Dbse'!$W:$W,'Arabica Dbse'!Z:Z,NA()) -> #N/A | Y13: =_xlfn.XLOOKUP($L13,'Arabica Dbse'!$W:$W,'Arabica Dbse'!AA:AA,NA()) -> #N/A | Z13: =_xlfn.XLOOKUP($L13,'Arabica Dbse'!$W:$W,'Arabica Dbse'!AB:AB,NA()) -> #N/A | AA13: =_xlfn.XLOOKUP($L13,'Arabica Dbse'!$W:$W,'Arabica Dbse'!AC:AC,NA()) -> #N/A | AB13: =_xlfn.XLOOKUP($L13,'Arabica Dbse'!$W:$W,'Arabica Dbse'!AD:AD,NA()) -> #N/A | AC13: =_xlfn.XLOOKUP($L13,'Arabica Dbse'!$W:$W,'Arabica Dbse'!AE:AE,NA()) -> #N/A | AD13: =_xlfn.XLOOKUP($L13,'Arabica Dbse'!$W:$W,'Arabica Dbse'!AF:AF,NA()) -> #N/A | AE13: =_xlfn.XLOOKUP($L13,'Arabica Dbse'!$W:$W,'Arabica Dbse'!AG:AG,NA()) -> #N/A | AF13: =_xlfn.XLOOKUP($L13,'Arabica Dbse'!$W:$W,'Arabica Dbse'!AH:AH,NA()) -> #N/A | AG13: =_xlfn.XLOOKUP($L13,'Arabica Dbse'!$W:$W,'Arabica Dbse'!AI:AI,NA()) -> #N/A
A14: =_xlfn.XLOOKUP(B14,'Arabica Dbse'!R:R,'Arabica Dbse'!U:U) -> #N/A | B14: 46261 | C14: 370 | D14: 220 | E14: 220 | F14: 200 | G14: 200 | H14: 450 | I14: 550 | J14: 580 | K14: 220 | L14: =B14 -> 46261 | M14: =IF(C14=0,NA(),$A14+C14) -> #N/A | N14: =IF(D14=0,NA(),$A14+D14) -> #N/A | O14: =IF(E14=0,NA(),$A14+E14) -> #N/A | P14: =IF(F14=0,NA(),$A14+F14) -> #N/A | Q14: =IF(G14=0,NA(),$A14+G14) -> #N/A | R14: =IF(H14=0,NA(),$A14+H14) -> #N/A | S14: =IF(I14=0,NA(),$A14+I14) -> #N/A | T14: =IF(J14=0,NA(),$A14+J14) -> #N/A | U14: =IF(K14=0,NA(),$A14+K14) -> #N/A | V14: =_xlfn.XLOOKUP($L14,'Arabica Dbse'!$W:$W,'Arabica Dbse'!X:X,NA()) -> #N/A | W14: =_xlfn.XLOOKUP($L14,'Arabica Dbse'!$W:$W,'Arabica Dbse'!Y:Y,NA()) -> #N/A | X14: =_xlfn.XLOOKUP($L14,'Arabica Dbse'!$W:$W,'Arabica Dbse'!Z:Z,NA()) -> #N/A | Y14: =_xlfn.XLOOKUP($L14,'Arabica Dbse'!$W:$W,'Arabica Dbse'!AA:AA,NA()) -> #N/A | Z14: =_xlfn.XLOOKUP($L14,'Arabica Dbse'!$W:$W,'Arabica Dbse'!AB:AB,NA()) -> #N/A | AA14: =_xlfn.XLOOKUP($L14,'Arabica Dbse'!$W:$W,'Arabica Dbse'!AC:AC,NA()) -> #N/A | AB14: =_xlfn.XLOOKUP($L14,'Arabica Dbse'!$W:$W,'Arabica Dbse'!AD:AD,NA()) -> #N/A | AC14: =_xlfn.XLOOKUP($L14,'Arabica Dbse'!$W:$W,'Arabica Dbse'!AE:AE,NA()) -> #N/A | AD14: =_xlfn.XLOOKUP($L14,'Arabica Dbse'!$W:$W,'Arabica Dbse'!AF:AF,NA()) -> #N/A | AE14: =_xlfn.XLOOKUP($L14,'Arabica Dbse'!$W:$W,'Arabica Dbse'!AG:AG,NA()) -> #N/A | AF14: =_xlfn.XLOOKUP($L14,'Arabica Dbse'!$W:$W,'Arabica Dbse'!AH:AH,NA()) -> #N/A | AG14: =_xlfn.XLOOKUP($L14,'Arabica Dbse'!$W:$W,'Arabica Dbse'!AI:AI,NA()) -> #N/A
A15: =_xlfn.XLOOKUP(B15,'Arabica Dbse'!R:R,'Arabica Dbse'!U:U) -> #N/A | B15: 46254 | C15: 370 | D15: 200 | E15: 200 | F15: 180 | G15: 200 | H15: 450 | I15: 550 | J15: 580 | K15: 220 | L15: =B15 -> 46254 | M15: =IF(C15=0,NA(),$A15+C15) -> #N/A | N15: =IF(D15=0,NA(),$A15+D15) -> #N/A | O15: =IF(E15=0,NA(),$A15+E15) -> #N/A | P15: =IF(F15=0,NA(),$A15+F15) -> #N/A | Q15: =IF(G15=0,NA(),$A15+G15) -> #N/A | R15: =IF(H15=0,NA(),$A15+H15) -> #N/A | S15: =IF(I15=0,NA(),$A15+I15) -> #N/A | T15: =IF(J15=0,NA(),$A15+J15) -> #N/A | U15: =IF(K15=0,NA(),$A15+K15) -> #N/A | V15: =_xlfn.XLOOKUP($L15,'Arabica Dbse'!$W:$W,'Arabica Dbse'!X:X,NA()) -> #N/A | W15: =_xlfn.XLOOKUP($L15,'Arabica Dbse'!$W:$W,'Arabica Dbse'!Y:Y,NA()) -> #N/A | X15: =_xlfn.XLOOKUP($L15,'Arabica Dbse'!$W:$W,'Arabica Dbse'!Z:Z,NA()) -> #N/A | Y15: =_xlfn.XLOOKUP($L15,'Arabica Dbse'!$W:$W,'Arabica Dbse'!AA:AA,NA()) -> #N/A | Z15: =_xlfn.XLOOKUP($L15,'Arabica Dbse'!$W:$W,'Arabica Dbse'!AB:AB,NA()) -> #N/A | AA15: =_xlfn.XLOOKUP($L15,'Arabica Dbse'!$W:$W,'Arabica Dbse'!AC:AC,NA()) -> #N/A | AB15: =_xlfn.XLOOKUP($L15,'Arabica Dbse'!$W:$W,'Arabica Dbse'!AD:AD,NA()) -> #N/A | AC15: =_xlfn.XLOOKUP($L15,'Arabica Dbse'!$W:$W,'Arabica Dbse'!AE:AE,NA()) -> #N/A | AD15: =_xlfn.XLOOKUP($L15,'Arabica Dbse'!$W:$W,'Arabica Dbse'!AF:AF,NA()) -> #N/A | AE15: =_xlfn.XLOOKUP($L15,'Arabica Dbse'!$W:$W,'Arabica Dbse'!AG:AG,NA()) -> #N/A | AF15: =_xlfn.XLOOKUP($L15,'Arabica Dbse'!$W:$W,'Arabica Dbse'!AH:AH,NA()) -> #N/A | AG15: =_xlfn.XLOOKUP($L15,'Arabica Dbse'!$W:$W,'Arabica Dbse'!AI:AI,NA()) -> #N/A
A16: =_xlfn.XLOOKUP(B16,'Arabica Dbse'!R:R,'Arabica Dbse'!U:U) -> #N/A | B16: 46247 | C16: 350 | D16: 200 | E16: 200 | F16: 180 | G16: 300 | H16: 470 | I16: 550 | J16: 600 | K16: 220 | L16: =B16 -> 46247 | M16: =IF(C16=0,NA(),$A16+C16) -> #N/A | N16: =IF(D16=0,NA(),$A16+D16) -> #N/A | O16: =IF(E16=0,NA(),$A16+E16) -> #N/A | P16: =IF(F16=0,NA(),$A16+F16) -> #N/A | Q16: =IF(G16=0,NA(),$A16+G16) -> #N/A | R16: =IF(H16=0,NA(),$A16+H16) -> #N/A | S16: =IF(I16=0,NA(),$A16+I16) -> #N/A | T16: =IF(J16=0,NA(),$A16+J16) -> #N/A | U16: =IF(K16=0,NA(),$A16+K16) -> #N/A | V16: =_xlfn.XLOOKUP($L16,'Arabica Dbse'!$W:$W,'Arabica Dbse'!X:X,NA()) -> #N/A | W16: =_xlfn.XLOOKUP($L16,'Arabica Dbse'!$W:$W,'Arabica Dbse'!Y:Y,NA()) -> #N/A | X16: =_xlfn.XLOOKUP($L16,'Arabica Dbse'!$W:$W,'Arabica Dbse'!Z:Z,NA()) -> #N/A | Y16: =_xlfn.XLOOKUP($L16,'Arabica Dbse'!$W:$W,'Arabica Dbse'!AA:AA,NA()) -> #N/A | Z16: =_xlfn.XLOOKUP($L16,'Arabica Dbse'!$W:$W,'Arabica Dbse'!AB:AB,NA()) -> #N/A | AA16: =_xlfn.XLOOKUP($L16,'Arabica Dbse'!$W:$W,'Arabica Dbse'!AC:AC,NA()) -> #N/A | AB16: =_xlfn.XLOOKUP($L16,'Arabica Dbse'!$W:$W,'Arabica Dbse'!AD:AD,NA()) -> #N/A | AC16: =_xlfn.XLOOKUP($L16,'Arabica Dbse'!$W:$W,'Arabica Dbse'!AE:AE,NA()) -> #N/A | AD16: =_xlfn.XLOOKUP($L16,'Arabica Dbse'!$W:$W,'Arabica Dbse'!AF:AF,NA()) -> #N/A | AE16: =_xlfn.XLOOKUP($L16,'Arabica Dbse'!$W:$W,'Arabica Dbse'!AG:AG,NA()) -> #N/A | AF16: =_xlfn.XLOOKUP($L16,'Arabica Dbse'!$W:$W,'Arabica Dbse'!AH:AH,NA()) -> #N/A | AG16: =_xlfn.XLOOKUP($L16,'Arabica Dbse'!$W:$W,'Arabica Dbse'!AI:AI,NA()) -> #N/A
A17: =_xlfn.XLOOKUP(B17,'Arabica Dbse'!R:R,'Arabica Dbse'!U:U) -> #N/A | B17: 46240 | C17: 340 | D17: 180 | E17: 180 | F17: 160 | G17: 250 | H17: 420 | I17: 500 | J17: 550 | K17: 220 | L17: =B17 -> 46240 | M17: =IF(C17=0,NA(),$A17+C17) -> #N/A | N17: =IF(D17=0,NA(),$A17+D17) -> #N/A | O17: =IF(E17=0,NA(),$A17+E17) -> #N/A | P17: =IF(F17=0,NA(),$A17+F17) -> #N/A | Q17: =IF(G17=0,NA(),$A17+G17) -> #N/A | R17: =IF(H17=0,NA(),$A17+H17) -> #N/A | S17: =IF(I17=0,NA(),$A17+I17) -> #N/A | T17: =IF(J17=0,NA(),$A17+J17) -> #N/A | U17: =IF(K17=0,NA(),$A17+K17) -> #N/A | V17: =_xlfn.XLOOKUP($L17,'Arabica Dbse'!$W:$W,'Arabica Dbse'!X:X,NA()) -> #N/A | W17: =_xlfn.XLOOKUP($L17,'Arabica Dbse'!$W:$W,'Arabica Dbse'!Y:Y,NA()) -> #N/A | X17: =_xlfn.XLOOKUP($L17,'Arabica Dbse'!$W:$W,'Arabica Dbse'!Z:Z,NA()) -> #N/A | Y17: =_xlfn.XLOOKUP($L17,'Arabica Dbse'!$W:$W,'Arabica Dbse'!AA:AA,NA()) -> #N/A | Z17: =_xlfn.XLOOKUP($L17,'Arabica Dbse'!$W:$W,'Arabica Dbse'!AB:AB,NA()) -> #N/A | AA17: =_xlfn.XLOOKUP($L17,'Arabica Dbse'!$W:$W,'Arabica Dbse'!AC:AC,NA()) -> #N/A | AB17: =_xlfn.XLOOKUP($L17,'Arabica Dbse'!$W:$W,'Arabica Dbse'!AD:AD,NA()) -> #N/A | AC17: =_xlfn.XLOOKUP($L17,'Arabica Dbse'!$W:$W,'Arabica Dbse'!AE:AE,NA()) -> #N/A | AD17: =_xlfn.XLOOKUP($L17,'Arabica Dbse'!$W:$W,'Arabica Dbse'!AF:AF,NA()) -> #N/A | AE17: =_xlfn.XLOOKUP($L17,'Arabica Dbse'!$W:$W,'Arabica Dbse'!AG:AG,NA()) -> #N/A | AF17: =_xlfn.XLOOKUP($L17,'Arabica Dbse'!$W:$W,'Arabica Dbse'!AH:AH,NA()) -> #N/A | AG17: =_xlfn.XLOOKUP($L17,'Arabica Dbse'!$W:$W,'Arabica Dbse'!AI:AI,NA()) -> #N/A
... A144: =_xlfn.XLOOKUP(B144,'Arabica Dbse'!R:R,'Arabica Dbse'!U:U) -> 3095 | B144: 45351 | C144: 800 | D144: 600 | E144: 600 | F144: 580 | G144: 600 | H144: 500 | I144: 600 | J144: 550 | K144: 310 | L144: =B144 -> 45351 | M144: =IF(C144=0,NA(),$A144+C144) -> 3895 | N144: =IF(D144=0,NA(),$A144+D144) -> 3695 | O144: =IF(E144=0,NA(),$A144+E144) -> 3695 | P144: =IF(F144=0,NA(),$A144+F144) -> 3675 | Q144: =IF(G144=0,NA(),$A144+G144) -> 3695 | R144: =IF(H144=0,NA(),$A144+H144) -> 3595 | S144: =IF(I144=0,NA(),$A144+I144) -> 3695 | T144: =IF(J144=0,NA(),$A144+J144) -> 3645 | U144: =IF(K144=0,NA(),$A144+K144) -> 3405 | V144: =_xlfn.XLOOKUP($L144,'Arabica Dbse'!$W:$W,'Arabica Dbse'!X:X,NA()) -> 3884.0801 | W144: =_xlfn.XLOOKUP($L144,'Arabica Dbse'!$W:$W,'Arabica Dbse'!Y:Y,NA()) -> 4108.1401 | X144: =_xlfn.XLOOKUP($L144,'Arabica Dbse'!$W:$W,'Arabica Dbse'!Z:Z,NA()) -> 3749.6441 | Y144: =_xlfn.XLOOKUP($L144,'Arabica Dbse'!$W:$W,'Arabica Dbse'!AA:AA,NA()) -> 3816.8621 | Z144: =_xlfn.XLOOKUP($L144,'Arabica Dbse'!$W:$W,'Arabica Dbse'!AB:AB,NA()) -> 3727.2381 | AA144: =_xlfn.XLOOKUP($L144,'Arabica Dbse'!$W:$W,'Arabica Dbse'!AC:AC,NA()) -> 3749.6441 | AB144: =_xlfn.XLOOKUP($L144,'Arabica Dbse'!$W:$W,'Arabica Dbse'!AD:AD,NA()) -> 3906.4861 | AC144: =_xlfn.XLOOKUP($L144,'Arabica Dbse'!$W:$W,'Arabica Dbse'!AE:AE,NA()) -> 4421.8241 | AD144: =_xlfn.XLOOKUP($L144,'Arabica Dbse'!$W:$W,'Arabica Dbse'!AF:AF,NA()) -> 4264.9821 | AE144: =_xlfn.XLOOKUP($L144,'Arabica Dbse'!$W:$W,'Arabica Dbse'!AG:AG,NA()) -> 4309.7941 | AF144: =_xlfn.XLOOKUP($L144,'Arabica Dbse'!$W:$W,'Arabica Dbse'!AH:AH,NA()) -> 4399.4181 | AG144: =_xlfn.XLOOKUP($L144,'Arabica Dbse'!$W:$W,'Arabica Dbse'!AI:AI,NA()) -> 4511.4481
A145: =_xlfn.XLOOKUP(B145,'Arabica Dbse'!R:R,'Arabica Dbse'!U:U) -> 3113 | B145: 45344 | C145: 620 | D145: 420 | E145: 420 | F145: 400 | H145: 400 | I145: 520 | J145: 520 | K145: 310 | L145: =B145 -> 45344 | M145: =IF(C145=0,NA(),$A145+C145) -> 3733 | N145: =IF(D145=0,NA(),$A145+D145) -> 3533 | O145: =IF(E145=0,NA(),$A145+E145) -> 3533 | P145: =IF(F145=0,NA(),$A145+F145) -> 3513 | Q145: =IF(G145=0,NA(),$A145+G145) -> #N/A | R145: =IF(H145=0,NA(),$A145+H145) -> 3513 | S145: =IF(I145=0,NA(),$A145+I145) -> 3633 | T145: =IF(J145=0,NA(),$A145+J145) -> 3633 | U145: =IF(K145=0,NA(),$A145+K145) -> 3423 | V145: =_xlfn.XLOOKUP($L145,'Arabica Dbse'!$W:$W,'Arabica Dbse'!X:X,NA()) -> 3834.7869 | W145: =_xlfn.XLOOKUP($L145,'Arabica Dbse'!$W:$W,'Arabica Dbse'!Y:Y,NA()) -> 4036.4409 | X145: =_xlfn.XLOOKUP($L145,'Arabica Dbse'!$W:$W,'Arabica Dbse'!Z:Z,NA()) -> 3700.3509 | Y145: =_xlfn.XLOOKUP($L145,'Arabica Dbse'!$W:$W,'Arabica Dbse'!AA:AA,NA()) -> 3767.5689 | Z145: =_xlfn.XLOOKUP($L145,'Arabica Dbse'!$W:$W,'Arabica Dbse'!AB:AB,NA()) -> 3700.3509 | AA145: =_xlfn.XLOOKUP($L145,'Arabica Dbse'!$W:$W,'Arabica Dbse'!AC:AC,NA()) -> 3722.7569 | AB145: =_xlfn.XLOOKUP($L145,'Arabica Dbse'!$W:$W,'Arabica Dbse'!AD:AD,NA()) -> 3879.5989 | AC145: =_xlfn.XLOOKUP($L145,'Arabica Dbse'!$W:$W,'Arabica Dbse'!AE:AE,NA()) -> 4372.5309 | AD145: =_xlfn.XLOOKUP($L145,'Arabica Dbse'!$W:$W,'Arabica Dbse'!AF:AF,NA()) -> 4260.5009 | AE145: =_xlfn.XLOOKUP($L145,'Arabica Dbse'!$W:$W,'Arabica Dbse'!AG:AG,NA()) -> 4282.9069 | AF145: =_xlfn.XLOOKUP($L145,'Arabica Dbse'!$W:$W,'Arabica Dbse'!AH:AH,NA()) -> 4372.5309 | AG145: =_xlfn.XLOOKUP($L145,'Arabica Dbse'!$W:$W,'Arabica Dbse'!AI:AI,NA()) -> 4484.5609
A146: =_xlfn.XLOOKUP(B146,'Arabica Dbse'!R:R,'Arabica Dbse'!U:U) -> 3108 | B146: 45337 | C146: 620 | D146: 400 | E146: 400 | F146: 380 | H146: 400 | I146: 520 | J146: 520 | K146: 310 | L146: =B146 -> 45337 | M146: =IF(C146=0,NA(),$A146+C146) -> 3728 | N146: =IF(D146=0,NA(),$A146+D146) -> 3508 | O146: =IF(E146=0,NA(),$A146+E146) -> 3508 | P146: =IF(F146=0,NA(),$A146+F146) -> 3488 | Q146: =IF(G146=0,NA(),$A146+G146) -> #N/A | R146: =IF(H146=0,NA(),$A146+H146) -> 3508 | S146: =IF(I146=0,NA(),$A146+I146) -> 3628 | T146: =IF(J146=0,NA(),$A146+J146) -> 3628 | U146: =IF(K146=0,NA(),$A146+K146) -> 3418 | V146: =_xlfn.XLOOKUP($L146,'Arabica Dbse'!$W:$W,'Arabica Dbse'!X:X,NA()) -> 3879.5989 | W146: =_xlfn.XLOOKUP($L146,'Arabica Dbse'!$W:$W,'Arabica Dbse'!Y:Y,NA()) -> 4081.2529 | X146: =_xlfn.XLOOKUP($L146,'Arabica Dbse'!$W:$W,'Arabica Dbse'!Z:Z,NA()) -> 3745.1629 | Y146: =_xlfn.XLOOKUP($L146,'Arabica Dbse'!$W:$W,'Arabica Dbse'!AA:AA,NA()) -> 3812.3809 | Z146: =_xlfn.XLOOKUP($L146,'Arabica Dbse'!$W:$W,'Arabica Dbse'!AB:AB,NA()) -> 3745.1629 | AA146: =_xlfn.XLOOKUP($L146,'Arabica Dbse'!$W:$W,'Arabica Dbse'!AC:AC,NA()) -> 3767.5689 | AB146: =_xlfn.XLOOKUP($L146,'Arabica Dbse'!$W:$W,'Arabica Dbse'!AD:AD,NA()) -> 3924.4109 | AC146: =_xlfn.XLOOKUP($L146,'Arabica Dbse'!$W:$W,'Arabica Dbse'!AE:AE,NA()) -> 4394.9369 | AD146: =_xlfn.XLOOKUP($L146,'Arabica Dbse'!$W:$W,'Arabica Dbse'!AF:AF,NA()) -> 4305.3129 | AE146: =_xlfn.XLOOKUP($L146,'Arabica Dbse'!$W:$W,'Arabica Dbse'!AG:AG,NA()) -> 4327.7189 | AF146: =_xlfn.XLOOKUP($L146,'Arabica Dbse'!$W:$W,'Arabica Dbse'!AH:AH,NA()) -> 4417.3429 | AG146: =_xlfn.XLOOKUP($L146,'Arabica Dbse'!$W:$W,'Arabica Dbse'!AI:AI,NA()) -> 4529.3729
A147: =_xlfn.XLOOKUP(B147,'Arabica Dbse'!R:R,'Arabica Dbse'!U:U) -> 3109 | B147: 45330 | C147: 500 | D147: 320 | E147: 320 | F147: 300 | H147: 400 | I147: 520 | J147: 520 | K147: 310 | L147: =B147 -> 45330 | M147: =IF(C147=0,NA(),$A147+C147) -> 3609 | N147: =IF(D147=0,NA(),$A147+D147) -> 3429 | O147: =IF(E147=0,NA(),$A147+E147) -> 3429 | P147: =IF(F147=0,NA(),$A147+F147) -> 3409 | Q147: =IF(G147=0,NA(),$A147+G147) -> #N/A | R147: =IF(H147=0,NA(),$A147+H147) -> 3509 | S147: =IF(I147=0,NA(),$A147+I147) -> 3629 | T147: =IF(J147=0,NA(),$A147+J147) -> 3629 | U147: =IF(K147=0,NA(),$A147+K147) -> 3419 | V147: =_xlfn.XLOOKUP($L147,'Arabica Dbse'!$W:$W,'Arabica Dbse'!X:X,NA()) -> 3917.6891 | W147: =_xlfn.XLOOKUP($L147,'Arabica Dbse'!$W:$W,'Arabica Dbse'!Y:Y,NA()) -> 4096.9371 | X147: =_xlfn.XLOOKUP($L147,'Arabica Dbse'!$W:$W,'Arabica Dbse'!Z:Z,NA()) -> 3716.0351 | Y147: =_xlfn.XLOOKUP($L147,'Arabica Dbse'!$W:$W,'Arabica Dbse'!AA:AA,NA()) -> 3783.2531 | Z147: =_xlfn.XLOOKUP($L147,'Arabica Dbse'!$W:$W,'Arabica Dbse'!AB:AB,NA()) -> 3805.6591 | AA147: =_xlfn.XLOOKUP($L147,'Arabica Dbse'!$W:$W,'Arabica Dbse'!AC:AC,NA()) -> 3828.0651 | AB147: =_xlfn.XLOOKUP($L147,'Arabica Dbse'!$W:$W,'Arabica Dbse'!AD:AD,NA()) -> 3940.0951 | AC147: =_xlfn.XLOOKUP($L147,'Arabica Dbse'!$W:$W,'Arabica Dbse'!AE:AE,NA()) -> 4388.2151 | AD147: =_xlfn.XLOOKUP($L147,'Arabica Dbse'!$W:$W,'Arabica Dbse'!AF:AF,NA()) -> 4343.4031 | AE147: =_xlfn.XLOOKUP($L147,'Arabica Dbse'!$W:$W,'Arabica Dbse'!AG:AG,NA()) -> 4343.4031 | AF147: =_xlfn.XLOOKUP($L147,'Arabica Dbse'!$W:$W,'Arabica Dbse'!AH:AH,NA()) -> 4433.0271 | AG147: =_xlfn.XLOOKUP($L147,'Arabica Dbse'!$W:$W,'Arabica Dbse'!AI:AI,NA()) -> 4567.4631
A148: =_xlfn.XLOOKUP(B148,'Arabica Dbse'!R:R,'Arabica Dbse'!U:U) -> 3151 | B148: 45323 | C148: 450 | D148: 280 | E148: 280 | F148: 260 | H148: 400 | I148: 520 | J148: 520 | K148: 310 | L148: =B148 -> 45323 | M148: =IF(C148=0,NA(),$A148+C148) -> 3601 | N148: =IF(D148=0,NA(),$A148+D148) -> 3431 | O148: =IF(E148=0,NA(),$A148+E148) -> 3431 | P148: =IF(F148=0,NA(),$A148+F148) -> 3411 | Q148: =IF(G148=0,NA(),$A148+G148) -> #N/A | R148: =IF(H148=0,NA(),$A148+H148) -> 3551 | S148: =IF(I148=0,NA(),$A148+I148) -> 3671 | T148: =IF(J148=0,NA(),$A148+J148) -> 3671 | U148: =IF(K148=0,NA(),$A148+K148) -> 3461 | V148: =_xlfn.XLOOKUP($L148,'Arabica Dbse'!$W:$W,'Arabica Dbse'!X:X,NA()) -> 4031.9597 | W148: =_xlfn.XLOOKUP($L148,'Arabica Dbse'!$W:$W,'Arabica Dbse'!Y:Y,NA()) -> 4233.6137 | X148: =_xlfn.XLOOKUP($L148,'Arabica Dbse'!$W:$W,'Arabica Dbse'!Z:Z,NA()) -> 3830.3057 | Y148: =_xlfn.XLOOKUP($L148,'Arabica Dbse'!$W:$W,'Arabica Dbse'!AA:AA,NA()) -> 3897.5237 | Z148: =_xlfn.XLOOKUP($L148,'Arabica Dbse'!$W:$W,'Arabica Dbse'!AB:AB,NA()) -> 3830.3057 | AA148: =_xlfn.XLOOKUP($L148,'Arabica Dbse'!$W:$W,'Arabica Dbse'!AC:AC,NA()) -> 3942.3357 | AB148: =_xlfn.XLOOKUP($L148,'Arabica Dbse'!$W:$W,'Arabica Dbse'!AD:AD,NA()) -> 4054.3657 | AC148: =_xlfn.XLOOKUP($L148,'Arabica Dbse'!$W:$W,'Arabica Dbse'!AE:AE,NA()) -> 4502.4857 | AD148: =_xlfn.XLOOKUP($L148,'Arabica Dbse'!$W:$W,'Arabica Dbse'!AF:AF,NA()) -> 4412.8617 | AE148: =_xlfn.XLOOKUP($L148,'Arabica Dbse'!$W:$W,'Arabica Dbse'!AG:AG,NA()) -> 4457.6737 | AF148: =_xlfn.XLOOKUP($L148,'Arabica Dbse'!$W:$W,'Arabica Dbse'!AH:AH,NA()) -> 4547.2977 | AG148: =_xlfn.XLOOKUP($L148,'Arabica Dbse'!$W:$W,'Arabica Dbse'!AI:AI,NA()) -> 4681.7337
A149: =_xlfn.XLOOKUP(B149,'Arabica Dbse'!R:R,'Arabica Dbse'!U:U) -> 3251 | B149: 45316 | C149: 400 | D149: 250 | E149: 250 | F149: 230 | H149: 450 | I149: 550 | J149: 520 | K149: 310 | L149: =B149 -> 45316 | M149: =IF(C149=0,NA(),$A149+C149) -> 3651 | N149: =IF(D149=0,NA(),$A149+D149) -> 3501 | O149: =IF(E149=0,NA(),$A149+E149) -> 3501 | P149: =IF(F149=0,NA(),$A149+F149) -> 3481 | Q149: =IF(G149=0,NA(),$A149+G149) -> #N/A | R149: =IF(H149=0,NA(),$A149+H149) -> 3701 | S149: =IF(I149=0,NA(),$A149+I149) -> 3801 | T149: =IF(J149=0,NA(),$A149+J149) -> 3771 | U149: =IF(K149=0,NA(),$A149+K149) -> 3561 | V149: =_xlfn.XLOOKUP($L149,'Arabica Dbse'!$W:$W,'Arabica Dbse'!X:X,NA()) -> 3847.1102 | W149: =_xlfn.XLOOKUP($L149,'Arabica Dbse'!$W:$W,'Arabica Dbse'!Y:Y,NA()) -> 4071.1702 | X149: =_xlfn.XLOOKUP($L149,'Arabica Dbse'!$W:$W,'Arabica Dbse'!Z:Z,NA()) -> 3623.0502 | Y149: =_xlfn.XLOOKUP($L149,'Arabica Dbse'!$W:$W,'Arabica Dbse'!AA:AA,NA()) -> 3712.6742 | Z149: =_xlfn.XLOOKUP($L149,'Arabica Dbse'!$W:$W,'Arabica Dbse'!AB:AB,NA()) -> 3667.8622 | AA149: =_xlfn.XLOOKUP($L149,'Arabica Dbse'!$W:$W,'Arabica Dbse'!AC:AC,NA()) -> 3779.8922 | AB149: =_xlfn.XLOOKUP($L149,'Arabica Dbse'!$W:$W,'Arabica Dbse'!AD:AD,NA()) -> 3891.9222 | AC149: =_xlfn.XLOOKUP($L149,'Arabica Dbse'!$W:$W,'Arabica Dbse'!AE:AE,NA()) -> 4340.0422 | AD149: =_xlfn.XLOOKUP($L149,'Arabica Dbse'!$W:$W,'Arabica Dbse'!AF:AF,NA()) -> 4205.6062 | AE149: =_xlfn.XLOOKUP($L149,'Arabica Dbse'!$W:$W,'Arabica Dbse'!AG:AG,NA()) -> 4295.2302 | AF149: =_xlfn.XLOOKUP($L149,'Arabica Dbse'!$W:$W,'Arabica Dbse'!AH:AH,NA()) -> 4429.6662 | AG149: =_xlfn.XLOOKUP($L149,'Arabica Dbse'!$W:$W,'Arabica Dbse'!AI:AI,NA()) -> 4608.9142
A150: =_xlfn.XLOOKUP(B150,'Arabica Dbse'!R:R,'Arabica Dbse'!U:U) -> 3063 | B150: 45309 | C150: 400 | D150: 250 | E150: 250 | F150: 230 | H150: 450 | I150: 550 | J150: 540 | K150: 310 | L150: =B150 -> 45309 | M150: =IF(C150=0,NA(),$A150+C150) -> 3463 | N150: =IF(D150=0,NA(),$A150+D150) -> 3313 | O150: =IF(E150=0,NA(),$A150+E150) -> 3313 | P150: =IF(F150=0,NA(),$A150+F150) -> 3293 | Q150: =IF(G150=0,NA(),$A150+G150) -> #N/A | R150: =IF(H150=0,NA(),$A150+H150) -> 3513 | S150: =IF(I150=0,NA(),$A150+I150) -> 3613 | T150: =IF(J150=0,NA(),$A150+J150) -> 3603 | U150: =IF(K150=0,NA(),$A150+K150) -> 3373 | V150: =_xlfn.XLOOKUP($L150,'Arabica Dbse'!$W:$W,'Arabica Dbse'!X:X,NA()) -> 3696.99 | W150: =_xlfn.XLOOKUP($L150,'Arabica Dbse'!$W:$W,'Arabica Dbse'!Y:Y,NA()) -> 3921.05 | X150: =_xlfn.XLOOKUP($L150,'Arabica Dbse'!$W:$W,'Arabica Dbse'!Z:Z,NA()) -> 3472.93 | Y150: =_xlfn.XLOOKUP($L150,'Arabica Dbse'!$W:$W,'Arabica Dbse'!AA:AA,NA()) -> 3562.554 | Z150: =_xlfn.XLOOKUP($L150,'Arabica Dbse'!$W:$W,'Arabica Dbse'!AB:AB,NA()) -> 3450.524 | AA150: =_xlfn.XLOOKUP($L150,'Arabica Dbse'!$W:$W,'Arabica Dbse'!AC:AC,NA()) -> 3629.772 | AB150: =_xlfn.XLOOKUP($L150,'Arabica Dbse'!$W:$W,'Arabica Dbse'!AD:AD,NA()) -> 3741.802 | AC150: =_xlfn.XLOOKUP($L150,'Arabica Dbse'!$W:$W,'Arabica Dbse'!AE:AE,NA()) -> 4167.516 | AD150: =_xlfn.XLOOKUP($L150,'Arabica Dbse'!$W:$W,'Arabica Dbse'!AF:AF,NA()) -> 4055.486 | AE150: =_xlfn.XLOOKUP($L150,'Arabica Dbse'!$W:$W,'Arabica Dbse'!AG:AG,NA()) -> 4145.11 | AF150: =_xlfn.XLOOKUP($L150,'Arabica Dbse'!$W:$W,'Arabica Dbse'!AH:AH,NA()) -> 4279.546 | AG150: =_xlfn.XLOOKUP($L150,'Arabica Dbse'!$W:$W,'Arabica Dbse'!AI:AI,NA()) -> 4503.606
A151: =_xlfn.XLOOKUP(B151,'Arabica Dbse'!R:R,'Arabica Dbse'!U:U) -> 2938 | B151: 45302 | C151: 400 | D151: 280 | E151: 280 | F151: 260 | H151: 450 | I151: 550 | J151: 520 | K151: 310 | L151: =B151 -> 45302 | M151: =IF(C151=0,NA(),$A151+C151) -> 3338 | N151: =IF(D151=0,NA(),$A151+D151) -> 3218 | O151: =IF(E151=0,NA(),$A151+E151) -> 3218 | P151: =IF(F151=0,NA(),$A151+F151) -> 3198 | Q151: =IF(G151=0,NA(),$A151+G151) -> #N/A | R151: =IF(H151=0,NA(),$A151+H151) -> 3388 | S151: =IF(I151=0,NA(),$A151+I151) -> 3488 | T151: =IF(J151=0,NA(),$A151+J151) -> 3458 | U151: =IF(K151=0,NA(),$A151+K151) -> 3248 | V151: =_xlfn.XLOOKUP($L151,'Arabica Dbse'!$W:$W,'Arabica Dbse'!X:X,NA()) -> 3741.802 | W151: =_xlfn.XLOOKUP($L151,'Arabica Dbse'!$W:$W,'Arabica Dbse'!Y:Y,NA()) -> 3898.644 | X151: =_xlfn.XLOOKUP($L151,'Arabica Dbse'!$W:$W,'Arabica Dbse'!Z:Z,NA()) -> 3338.494 | Y151: =_xlfn.XLOOKUP($L151,'Arabica Dbse'!$W:$W,'Arabica Dbse'!AA:AA,NA()) -> 3428.118 | Z151: =_xlfn.XLOOKUP($L151,'Arabica Dbse'!$W:$W,'Arabica Dbse'!AB:AB,NA()) -> 3540.148 | AA151: =_xlfn.XLOOKUP($L151,'Arabica Dbse'!$W:$W,'Arabica Dbse'!AC:AC,NA()) -> 3719.396 | AB151: =_xlfn.XLOOKUP($L151,'Arabica Dbse'!$W:$W,'Arabica Dbse'!AD:AD,NA()) -> 3921.05 | AC151: =_xlfn.XLOOKUP($L151,'Arabica Dbse'!$W:$W,'Arabica Dbse'!AE:AE,NA()) -> 4257.14 | AD151: =_xlfn.XLOOKUP($L151,'Arabica Dbse'!$W:$W,'Arabica Dbse'!AF:AF,NA()) -> 4167.516 | AE151: =_xlfn.XLOOKUP($L151,'Arabica Dbse'!$W:$W,'Arabica Dbse'!AG:AG,NA()) -> 4234.734 | AF151: =_xlfn.XLOOKUP($L151,'Arabica Dbse'!$W:$W,'Arabica Dbse'!AH:AH,NA()) -> 4369.17 | AG151: =_xlfn.XLOOKUP($L151,'Arabica Dbse'!$W:$W,'Arabica Dbse'!AI:AI,NA()) -> 4593.23
A152: =_xlfn.XLOOKUP(B152,'Arabica Dbse'!R:R,'Arabica Dbse'!U:U) -> 2786 | B152: 45295 | C152: 380 | D152: 230 | E152: 230 | F152: 210 | H152: 450 | I152: 550 | J152: 480 | K152: 310 | L152: =B152 -> 45295 | M152: =IF(C152=0,NA(),$A152+C152) -> 3166 | N152: =IF(D152=0,NA(),$A152+D152) -> 3016 | O152: =IF(E152=0,NA(),$A152+E152) -> 3016 | P152: =IF(F152=0,NA(),$A152+F152) -> 2996 | Q152: =IF(G152=0,NA(),$A152+G152) -> #N/A | R152: =IF(H152=0,NA(),$A152+H152) -> 3236 | S152: =IF(I152=0,NA(),$A152+I152) -> 3336 | T152: =IF(J152=0,NA(),$A152+J152) -> 3266 | U152: =IF(K152=0,NA(),$A152+K152) -> 3096 | V152: =_xlfn.XLOOKUP($L152,'Arabica Dbse'!$W:$W,'Arabica Dbse'!X:X,NA()) -> 3820.223 | W152: =_xlfn.XLOOKUP($L152,'Arabica Dbse'!$W:$W,'Arabica Dbse'!Y:Y,NA()) -> 3977.065 | X152: =_xlfn.XLOOKUP($L152,'Arabica Dbse'!$W:$W,'Arabica Dbse'!Z:Z,NA()) -> 3394.509 | Y152: =_xlfn.XLOOKUP($L152,'Arabica Dbse'!$W:$W,'Arabica Dbse'!AA:AA,NA()) -> 3484.133 | Z152: =_xlfn.XLOOKUP($L152,'Arabica Dbse'!$W:$W,'Arabica Dbse'!AB:AB,NA()) -> 3663.381 | AA152: =_xlfn.XLOOKUP($L152,'Arabica Dbse'!$W:$W,'Arabica Dbse'!AC:AC,NA()) -> 3775.411 | AB152: =_xlfn.XLOOKUP($L152,'Arabica Dbse'!$W:$W,'Arabica Dbse'!AD:AD,NA()) -> 3977.065 | AC152: =_xlfn.XLOOKUP($L152,'Arabica Dbse'!$W:$W,'Arabica Dbse'!AE:AE,NA()) -> 4313.155 | AD152: =_xlfn.XLOOKUP($L152,'Arabica Dbse'!$W:$W,'Arabica Dbse'!AF:AF,NA()) -> 4245.937 | AE152: =_xlfn.XLOOKUP($L152,'Arabica Dbse'!$W:$W,'Arabica Dbse'!AG:AG,NA()) -> 4290.749 | AF152: =_xlfn.XLOOKUP($L152,'Arabica Dbse'!$W:$W,'Arabica Dbse'!AH:AH,NA()) -> 4425.185 | AG152: =_xlfn.XLOOKUP($L152,'Arabica Dbse'!$W:$W,'Arabica Dbse'!AI:AI,NA()) -> 4649.245
A153: =_xlfn.XLOOKUP(B153,'Arabica Dbse'!R:R,'Arabica Dbse'!U:U) -> 2936 | B153: 45288 | C153: 400 | D153: 260 | E153: 260 | F153: 240 | H153: 450 | I153: 550 | J153: 480 | K153: 330 | L153: =B153 -> 45288 | M153: =IF(C153=0,NA(),$A153+C153) -> 3336 | N153: =IF(D153=0,NA(),$A153+D153) -> 3196 | O153: =IF(E153=0,NA(),$A153+E153) -> 3196 | P153: =IF(F153=0,NA(),$A153+F153) -> 3176 | Q153: =IF(G153=0,NA(),$A153+G153) -> #N/A | R153: =IF(H153=0,NA(),$A153+H153) -> 3386 | S153: =IF(I153=0,NA(),$A153+I153) -> 3486 | T153: =IF(J153=0,NA(),$A153+J153) -> 3416 | U153: =IF(K153=0,NA(),$A153+K153) -> 3266 | V153: =_xlfn.XLOOKUP($L153,'Arabica Dbse'!$W:$W,'Arabica Dbse'!X:X,NA()) -> 4094.6965 | W153: =_xlfn.XLOOKUP($L153,'Arabica Dbse'!$W:$W,'Arabica Dbse'!Y:Y,NA()) -> 4229.1325 | X153: =_xlfn.XLOOKUP($L153,'Arabica Dbse'!$W:$W,'Arabica Dbse'!Z:Z,NA()) -> 3668.9825 | Y153: =_xlfn.XLOOKUP($L153,'Arabica Dbse'!$W:$W,'Arabica Dbse'!AA:AA,NA()) -> 3758.6065 | Z153: =_xlfn.XLOOKUP($L153,'Arabica Dbse'!$W:$W,'Arabica Dbse'!AB:AB,NA()) -> 3937.8545 | AA153: =_xlfn.XLOOKUP($L153,'Arabica Dbse'!$W:$W,'Arabica Dbse'!AC:AC,NA()) -> 4049.8845 | AB153: =_xlfn.XLOOKUP($L153,'Arabica Dbse'!$W:$W,'Arabica Dbse'!AD:AD,NA()) -> 4251.5385 | AC153: =_xlfn.XLOOKUP($L153,'Arabica Dbse'!$W:$W,'Arabica Dbse'!AE:AE,NA()) -> 4587.6285 | AD153: =_xlfn.XLOOKUP($L153,'Arabica Dbse'!$W:$W,'Arabica Dbse'!AF:AF,NA()) -> 4498.0045 | AE153: =_xlfn.XLOOKUP($L153,'Arabica Dbse'!$W:$W,'Arabica Dbse'!AG:AG,NA()) -> 4565.2225 | AF153: =_xlfn.XLOOKUP($L153,'Arabica Dbse'!$W:$W,'Arabica Dbse'!AH:AH,NA()) -> 4699.6585 | AG153: =_xlfn.XLOOKUP($L153,'Arabica Dbse'!$W:$W,'Arabica Dbse'!AI:AI,NA()) -> 4923.7185
A154: =_xlfn.XLOOKUP(B154,'Arabica Dbse'!R:R,'Arabica Dbse'!U:U) -> 2964 | B154: 45281 | C154: 400 | D154: 260 | E154: 260 | F154: 240 | H154: 450 | I154: 550 | J154: 480 | K154: 330 | L154: =B154 -> 45281 | M154: =IF(C154=0,NA(),$A154+C154) -> 3364 | N154: =IF(D154=0,NA(),$A154+D154) -> 3224 | O154: =IF(E154=0,NA(),$A154+E154) -> 3224 | P154: =IF(F154=0,NA(),$A154+F154) -> 3204 | Q154: =IF(G154=0,NA(),$A154+G154) -> #N/A | R154: =IF(H154=0,NA(),$A154+H154) -> 3414 | S154: =IF(I154=0,NA(),$A154+I154) -> 3514 | T154: =IF(J154=0,NA(),$A154+J154) -> 3444 | U154: =IF(K154=0,NA(),$A154+K154) -> 3294 | V154: =_xlfn.XLOOKUP($L154,'Arabica Dbse'!$W:$W,'Arabica Dbse'!X:X,NA()) -> 4012.9146 | W154: =_xlfn.XLOOKUP($L154,'Arabica Dbse'!$W:$W,'Arabica Dbse'!Y:Y,NA()) -> 4147.3506 | X154: =_xlfn.XLOOKUP($L154,'Arabica Dbse'!$W:$W,'Arabica Dbse'!Z:Z,NA()) -> 3676.8246 | Y154: =_xlfn.XLOOKUP($L154,'Arabica Dbse'!$W:$W,'Arabica Dbse'!AA:AA,NA()) -> 3766.4486 | Z154: =_xlfn.XLOOKUP($L154,'Arabica Dbse'!$W:$W,'Arabica Dbse'!AB:AB,NA()) -> 3923.2906 | AA154: =_xlfn.XLOOKUP($L154,'Arabica Dbse'!$W:$W,'Arabica Dbse'!AC:AC,NA()) -> 3945.6966 | AB154: =_xlfn.XLOOKUP($L154,'Arabica Dbse'!$W:$W,'Arabica Dbse'!AD:AD,NA()) -> 4147.3506 | AC154: =_xlfn.XLOOKUP($L154,'Arabica Dbse'!$W:$W,'Arabica Dbse'!AE:AE,NA()) -> 4483.4406 | AD154: =_xlfn.XLOOKUP($L154,'Arabica Dbse'!$W:$W,'Arabica Dbse'!AF:AF,NA()) -> 4393.8166 | AE154: =_xlfn.XLOOKUP($L154,'Arabica Dbse'!$W:$W,'Arabica Dbse'!AG:AG,NA()) -> 4461.0346 | AF154: =_xlfn.XLOOKUP($L154,'Arabica Dbse'!$W:$W,'Arabica Dbse'!AH:AH,NA()) -> 4595.4706 | AG154: =_xlfn.XLOOKUP($L154,'Arabica Dbse'!$W:$W,'Arabica Dbse'!AI:AI,NA()) -> 4819.5306
A155: =_xlfn.XLOOKUP(B155,'Arabica Dbse'!R:R,'Arabica Dbse'!U:U) -> 2797 | B155: 45274 | C155: 380 | D155: 230 | E155: 230 | F155: 210 | G155: 750 | H155: 380 | I155: 500 | J155: 480 | K155: 330 | L155: =B155 -> 45274 | M155: =IF(C155=0,NA(),$A155+C155) -> 3177 | N155: =IF(D155=0,NA(),$A155+D155) -> 3027 | O155: =IF(E155=0,NA(),$A155+E155) -> 3027 | P155: =IF(F155=0,NA(),$A155+F155) -> 3007 | Q155: =IF(G155=0,NA(),$A155+G155) -> 3547 | R155: =IF(H155=0,NA(),$A155+H155) -> 3177 | S155: =IF(I155=0,NA(),$A155+I155) -> 3297 | T155: =IF(J155=0,NA(),$A155+J155) -> 3277 | U155: =IF(K155=0,NA(),$A155+K155) -> 3127 | V155: =_xlfn.XLOOKUP($L155,'Arabica Dbse'!$W:$W,'Arabica Dbse'!X:X,NA()) -> 4024.1176 | W155: =_xlfn.XLOOKUP($L155,'Arabica Dbse'!$W:$W,'Arabica Dbse'!Y:Y,NA()) -> 4136.1476 | X155: =_xlfn.XLOOKUP($L155,'Arabica Dbse'!$W:$W,'Arabica Dbse'!Z:Z,NA()) -> 3688.0276 | Y155: =_xlfn.XLOOKUP($L155,'Arabica Dbse'!$W:$W,'Arabica Dbse'!AA:AA,NA()) -> 3777.6516 | Z155: =_xlfn.XLOOKUP($L155,'Arabica Dbse'!$W:$W,'Arabica Dbse'!AB:AB,NA()) -> 3956.8996 | AA155: =_xlfn.XLOOKUP($L155,'Arabica Dbse'!$W:$W,'Arabica Dbse'!AC:AC,NA()) -> 3934.4936 | AB155: =_xlfn.XLOOKUP($L155,'Arabica Dbse'!$W:$W,'Arabica Dbse'!AD:AD,NA()) -> 4158.5536 | AC155: =_xlfn.XLOOKUP($L155,'Arabica Dbse'!$W:$W,'Arabica Dbse'!AE:AE,NA()) -> 4517.0496 | AD155: =_xlfn.XLOOKUP($L155,'Arabica Dbse'!$W:$W,'Arabica Dbse'!AF:AF,NA()) -> 4405.0196 | AE155: =_xlfn.XLOOKUP($L155,'Arabica Dbse'!$W:$W,'Arabica Dbse'!AG:AG,NA()) -> 4449.8316 | AF155: =_xlfn.XLOOKUP($L155,'Arabica Dbse'!$W:$W,'Arabica Dbse'!AH:AH,NA()) -> 4584.2676 | AG155: =_xlfn.XLOOKUP($L155,'Arabica Dbse'!$W:$W,'Arabica Dbse'!AI:AI,NA()) -> 4875.5456
A156: =_xlfn.XLOOKUP(B156,'Arabica Dbse'!R:R,'Arabica Dbse'!U:U) -> 2541 | B156: 45267 | C156: 350 | D156: 200 | E156: 200 | F156: 190 | G156: 750 | H156: 380 | I156: 500 | J156: 480 | K156: 330 | L156: =B156 -> 45267 | M156: =IF(C156=0,NA(),$A156+C156) -> 2891 | N156: =IF(D156=0,NA(),$A156+D156) -> 2741 | O156: =IF(E156=0,NA(),$A156+E156) -> 2741 | P156: =IF(F156=0,NA(),$A156+F156) -> 2731 | Q156: =IF(G156=0,NA(),$A156+G156) -> 3291 | R156: =IF(H156=0,NA(),$A156+H156) -> 2921 | S156: =IF(I156=0,NA(),$A156+I156) -> 3041 | T156: =IF(J156=0,NA(),$A156+J156) -> 3021 | U156: =IF(K156=0,NA(),$A156+K156) -> 2871 | V156: =_xlfn.XLOOKUP($L156,'Arabica Dbse'!$W:$W,'Arabica Dbse'!X:X,NA()) -> 3753.005 | W156: =_xlfn.XLOOKUP($L156,'Arabica Dbse'!$W:$W,'Arabica Dbse'!Y:Y,NA()) -> 3865.035 | X156: =_xlfn.XLOOKUP($L156,'Arabica Dbse'!$W:$W,'Arabica Dbse'!Z:Z,NA()) -> 3394.509 | Y156: =_xlfn.XLOOKUP($L156,'Arabica Dbse'!$W:$W,'Arabica Dbse'!AA:AA,NA()) -> 3484.133 | Z156: =_xlfn.XLOOKUP($L156,'Arabica Dbse'!$W:$W,'Arabica Dbse'!AB:AB,NA()) -> 3753.005 | AA156: =_xlfn.XLOOKUP($L156,'Arabica Dbse'!$W:$W,'Arabica Dbse'!AC:AC,NA()) -> 3640.975 | AB156: =_xlfn.XLOOKUP($L156,'Arabica Dbse'!$W:$W,'Arabica Dbse'!AD:AD,NA()) -> 3932.253 | AC156: =_xlfn.XLOOKUP($L156,'Arabica Dbse'!$W:$W,'Arabica Dbse'!AE:AE,NA()) -> 4245.937 | AD156: =_xlfn.XLOOKUP($L156,'Arabica Dbse'!$W:$W,'Arabica Dbse'!AF:AF,NA()) -> 4111.501 | AE156: =_xlfn.XLOOKUP($L156,'Arabica Dbse'!$W:$W,'Arabica Dbse'!AG:AG,NA()) -> 4156.313 | AF156: =_xlfn.XLOOKUP($L156,'Arabica Dbse'!$W:$W,'Arabica Dbse'!AH:AH,NA()) -> 4156.313 | AG156: =_xlfn.XLOOKUP($L156,'Arabica Dbse'!$W:$W,'Arabica Dbse'!AI:AI,NA()) -> 4604.433
A157: =_xlfn.XLOOKUP(B157,'Arabica Dbse'!R:R,'Arabica Dbse'!U:U) -> 2546 | B157: 45260 | C157: 350 | D157: 200 | E157: 200 | F157: 190 | G157: 750 | H157: 380 | I157: 480 | J157: 500 | K157: 330 | L157: =B157 -> 45260 | M157: =IF(C157=0,NA(),$A157+C157) -> 2896 | N157: =IF(D157=0,NA(),$A157+D157) -> 2746 | O157: =IF(E157=0,NA(),$A157+E157) -> 2746 | P157: =IF(F157=0,NA(),$A157+F157) -> 2736 | Q157: =IF(G157=0,NA(),$A157+G157) -> 3296 | R157: =IF(H157=0,NA(),$A157+H157) -> 2926 | S157: =IF(I157=0,NA(),$A157+I157) -> 3026 | T157: =IF(J157=0,NA(),$A157+J157) -> 3046 | U157: =IF(K157=0,NA(),$A157+K157) -> 2876 | V157: =_xlfn.XLOOKUP($L157,'Arabica Dbse'!$W:$W,'Arabica Dbse'!X:X,NA()) -> 3914.3282 | W157: =_xlfn.XLOOKUP($L157,'Arabica Dbse'!$W:$W,'Arabica Dbse'!Y:Y,NA()) -> 4048.7642 | X157: =_xlfn.XLOOKUP($L157,'Arabica Dbse'!$W:$W,'Arabica Dbse'!Z:Z,NA()) -> 3555.8322 | Y157: =_xlfn.XLOOKUP($L157,'Arabica Dbse'!$W:$W,'Arabica Dbse'!AA:AA,NA()) -> 3645.4562 | Z157: =_xlfn.XLOOKUP($L157,'Arabica Dbse'!$W:$W,'Arabica Dbse'!AB:AB,NA()) -> 3959.1402 | AA157: =_xlfn.XLOOKUP($L157,'Arabica Dbse'!$W:$W,'Arabica Dbse'!AC:AC,NA()) -> 3802.2982 | AB157: =_xlfn.XLOOKUP($L157,'Arabica Dbse'!$W:$W,'Arabica Dbse'!AD:AD,NA()) -> 4093.5762 | AC157: =_xlfn.XLOOKUP($L157,'Arabica Dbse'!$W:$W,'Arabica Dbse'!AE:AE,NA()) -> 4407.2602 | AD157: =_xlfn.XLOOKUP($L157,'Arabica Dbse'!$W:$W,'Arabica Dbse'!AF:AF,NA()) -> 4317.6362 | AE157: =_xlfn.XLOOKUP($L157,'Arabica Dbse'!$W:$W,'Arabica Dbse'!AG:AG,NA()) -> 4317.6362 | AF157: =_xlfn.XLOOKUP($L157,'Arabica Dbse'!$W:$W,'Arabica Dbse'!AH:AH,NA()) -> 4317.6362 | AG157: =_xlfn.XLOOKUP($L157,'Arabica Dbse'!$W:$W,'Arabica Dbse'!AI:AI,NA()) -> 4765.7562
A158: =_xlfn.XLOOKUP(B158,'Arabica Dbse'!R:R,'Arabica Dbse'!U:U) -> 2491 | B158: 45253 | C158: 380 | D158: 230 | E158: 230 | F158: 220 | G158: 750 | H158: 380 | I158: 480 | J158: 500 | K158: 350 | L158: =B158 -> 45253 | M158: =IF(C158=0,NA(),$A158+C158) -> 2871 | N158: =IF(D158=0,NA(),$A158+D158) -> 2721 | O158: =IF(E158=0,NA(),$A158+E158) -> 2721 | P158: =IF(F158=0,NA(),$A158+F158) -> 2711 | Q158: =IF(G158=0,NA(),$A158+G158) -> 3241 | R158: =IF(H158=0,NA(),$A158+H158) -> 2871 | S158: =IF(I158=0,NA(),$A158+I158) -> 2971 | T158: =IF(J158=0,NA(),$A158+J158) -> 2991 | U158: =IF(K158=0,NA(),$A158+K158) -> 2841 | V158: =_xlfn.XLOOKUP($L158,'Arabica Dbse'!$W:$W,'Arabica Dbse'!X:X,NA()) -> 3611.8472 | W158: =_xlfn.XLOOKUP($L158,'Arabica Dbse'!$W:$W,'Arabica Dbse'!Y:Y,NA()) -> 3746.2832 | X158: =_xlfn.XLOOKUP($L158,'Arabica Dbse'!$W:$W,'Arabica Dbse'!Z:Z,NA()) -> 3253.3512 | Y158: =_xlfn.XLOOKUP($L158,'Arabica Dbse'!$W:$W,'Arabica Dbse'!AA:AA,NA()) -> 3342.9752 | Z158: =_xlfn.XLOOKUP($L158,'Arabica Dbse'!$W:$W,'Arabica Dbse'!AB:AB,NA()) -> #N/A | AA158: =_xlfn.XLOOKUP($L158,'Arabica Dbse'!$W:$W,'Arabica Dbse'!AC:AC,NA()) -> 3499.8172 | AB158: =_xlfn.XLOOKUP($L158,'Arabica Dbse'!$W:$W,'Arabica Dbse'!AD:AD,NA()) -> 3791.0952 | AC158: =_xlfn.XLOOKUP($L158,'Arabica Dbse'!$W:$W,'Arabica Dbse'!AE:AE,NA()) -> 4194.4032 | AD158: =_xlfn.XLOOKUP($L158,'Arabica Dbse'!$W:$W,'Arabica Dbse'!AF:AF,NA()) -> 3970.3432 | AE158: =_xlfn.XLOOKUP($L158,'Arabica Dbse'!$W:$W,'Arabica Dbse'!AG:AG,NA()) -> 4015.1552 | AF158: =_xlfn.XLOOKUP($L158,'Arabica Dbse'!$W:$W,'Arabica Dbse'!AH:AH,NA()) -> 3903.1252 | AG158: =_xlfn.XLOOKUP($L158,'Arabica Dbse'!$W:$W,'Arabica Dbse'!AI:AI,NA()) -> 4485.6812
A159: =_xlfn.XLOOKUP(B159,'Arabica Dbse'!R:R,'Arabica Dbse'!U:U) -> 2566 | B159: 45246 | C159: 400 | D159: 250 | E159: 250 | F159: 240 | G159: 750 | H159: 380 | I159: 480 | J159: 500 | K159: 350 | L159: =B159 -> 45246 | M159: =IF(C159=0,NA(),$A159+C159) -> 2966 | N159: =IF(D159=0,NA(),$A159+D159) -> 2816 | O159: =IF(E159=0,NA(),$A159+E159) -> 2816 | P159: =IF(F159=0,NA(),$A159+F159) -> 2806 | Q159: =IF(G159=0,NA(),$A159+G159) -> 3316 | R159: =IF(H159=0,NA(),$A159+H159) -> 2946 | S159: =IF(I159=0,NA(),$A159+I159) -> 3046 | T159: =IF(J159=0,NA(),$A159+J159) -> 3066 | U159: =IF(K159=0,NA(),$A159+K159) -> 2916 | V159: =_xlfn.XLOOKUP($L159,'Arabica Dbse'!$W:$W,'Arabica Dbse'!X:X,NA()) -> 3634.2532 | W159: =_xlfn.XLOOKUP($L159,'Arabica Dbse'!$W:$W,'Arabica Dbse'!Y:Y,NA()) -> 3746.2832 | X159: =_xlfn.XLOOKUP($L159,'Arabica Dbse'!$W:$W,'Arabica Dbse'!Z:Z,NA()) -> 3298.1632 | Y159: =_xlfn.XLOOKUP($L159,'Arabica Dbse'!$W:$W,'Arabica Dbse'!AA:AA,NA()) -> 3387.7872 | Z159: =_xlfn.XLOOKUP($L159,'Arabica Dbse'!$W:$W,'Arabica Dbse'!AB:AB,NA()) -> #N/A | AA159: =_xlfn.XLOOKUP($L159,'Arabica Dbse'!$W:$W,'Arabica Dbse'!AC:AC,NA()) -> 3499.8172 | AB159: =_xlfn.XLOOKUP($L159,'Arabica Dbse'!$W:$W,'Arabica Dbse'!AD:AD,NA()) -> 3791.0952 | AC159: =_xlfn.XLOOKUP($L159,'Arabica Dbse'!$W:$W,'Arabica Dbse'!AE:AE,NA()) -> 4239.2152 | AD159: =_xlfn.XLOOKUP($L159,'Arabica Dbse'!$W:$W,'Arabica Dbse'!AF:AF,NA()) -> 3970.3432 | AE159: =_xlfn.XLOOKUP($L159,'Arabica Dbse'!$W:$W,'Arabica Dbse'!AG:AG,NA()) -> 4015.1552 | AF159: =_xlfn.XLOOKUP($L159,'Arabica Dbse'!$W:$W,'Arabica Dbse'!AH:AH,NA()) -> 3947.9372 | AG159: =_xlfn.XLOOKUP($L159,'Arabica Dbse'!$W:$W,'Arabica Dbse'!AI:AI,NA()) -> 4508.0872
A160: =_xlfn.XLOOKUP(B160,'Arabica Dbse'!R:R,'Arabica Dbse'!U:U) -> 2430 | B160: 45239 | C160: 400 | D160: 300 | E160: 300 | F160: 290 | G160: 680 | H160: 300 | I160: 450 | J160: 600 | K160: 350 | L160: =B160 -> 45239 | M160: =IF(C160=0,NA(),$A160+C160) -> 2830 | N160: =IF(D160=0,NA(),$A160+D160) -> 2730 | O160: =IF(E160=0,NA(),$A160+E160) -> 2730 | P160: =IF(F160=0,NA(),$A160+F160) -> 2720 | Q160: =IF(G160=0,NA(),$A160+G160) -> 3110 | R160: =IF(H160=0,NA(),$A160+H160) -> 2730 | S160: =IF(I160=0,NA(),$A160+I160) -> 2880 | T160: =IF(J160=0,NA(),$A160+J160) -> 3030 | U160: =IF(K160=0,NA(),$A160+K160) -> 2780 | V160: =_xlfn.XLOOKUP($L160,'Arabica Dbse'!$W:$W,'Arabica Dbse'!X:X,NA()) -> 3656.6592 | W160: =_xlfn.XLOOKUP($L160,'Arabica Dbse'!$W:$W,'Arabica Dbse'!Y:Y,NA()) -> 3768.6892 | X160: =_xlfn.XLOOKUP($L160,'Arabica Dbse'!$W:$W,'Arabica Dbse'!Z:Z,NA()) -> 3410.1932 | Y160: =_xlfn.XLOOKUP($L160,'Arabica Dbse'!$W:$W,'Arabica Dbse'!AA:AA,NA()) -> 3499.8172 | Z160: =_xlfn.XLOOKUP($L160,'Arabica Dbse'!$W:$W,'Arabica Dbse'!AB:AB,NA()) -> #N/A | AA160: =_xlfn.XLOOKUP($L160,'Arabica Dbse'!$W:$W,'Arabica Dbse'!AC:AC,NA()) -> 3567.0352 | AB160: =_xlfn.XLOOKUP($L160,'Arabica Dbse'!$W:$W,'Arabica Dbse'!AD:AD,NA()) -> 3858.3132 | AC160: =_xlfn.XLOOKUP($L160,'Arabica Dbse'!$W:$W,'Arabica Dbse'!AE:AE,NA()) -> 4373.6512 | AD160: =_xlfn.XLOOKUP($L160,'Arabica Dbse'!$W:$W,'Arabica Dbse'!AF:AF,NA()) -> 4059.9672 | AE160: =_xlfn.XLOOKUP($L160,'Arabica Dbse'!$W:$W,'Arabica Dbse'!AG:AG,NA()) -> 4082.3732 | AF160: =_xlfn.XLOOKUP($L160,'Arabica Dbse'!$W:$W,'Arabica Dbse'!AH:AH,NA()) -> 4127.1852 | AG160: =_xlfn.XLOOKUP($L160,'Arabica Dbse'!$W:$W,'Arabica Dbse'!AI:AI,NA()) -> 4687.3352
A161: =_xlfn.XLOOKUP(B161,'Arabica Dbse'!R:R,'Arabica Dbse'!U:U) -> 2328 | B161: 45232 | C161: 425 | D161: 300 | E161: 300 | F161: 290 | G161: 600 | H161: 300 | I161: 450 | J161: 650 | K161: 350 | L161: =B161 -> 45232 | M161: =IF(C161=0,NA(),$A161+C161) -> 2753 | N161: =IF(D161=0,NA(),$A161+D161) -> 2628 | O161: =IF(E161=0,NA(),$A161+E161) -> 2628 | P161: =IF(F161=0,NA(),$A161+F161) -> 2618 | Q161: =IF(G161=0,NA(),$A161+G161) -> 2928 | R161: =IF(H161=0,NA(),$A161+H161) -> 2628 | S161: =IF(I161=0,NA(),$A161+I161) -> 2778 | T161: =IF(J161=0,NA(),$A161+J161) -> 2978 | U161: =IF(K161=0,NA(),$A161+K161) -> 2678 | V161: =_xlfn.XLOOKUP($L161,'Arabica Dbse'!$W:$W,'Arabica Dbse'!X:X,NA()) -> 3447.1631 | W161: =_xlfn.XLOOKUP($L161,'Arabica Dbse'!$W:$W,'Arabica Dbse'!Y:Y,NA()) -> 3559.1931 | X161: =_xlfn.XLOOKUP($L161,'Arabica Dbse'!$W:$W,'Arabica Dbse'!Z:Z,NA()) -> 3178.2911 | Y161: =_xlfn.XLOOKUP($L161,'Arabica Dbse'!$W:$W,'Arabica Dbse'!AA:AA,NA()) -> 3267.9151 | Z161: =_xlfn.XLOOKUP($L161,'Arabica Dbse'!$W:$W,'Arabica Dbse'!AB:AB,NA()) -> 3693.6291 | AA161: =_xlfn.XLOOKUP($L161,'Arabica Dbse'!$W:$W,'Arabica Dbse'!AC:AC,NA()) -> 3357.5391 | AB161: =_xlfn.XLOOKUP($L161,'Arabica Dbse'!$W:$W,'Arabica Dbse'!AD:AD,NA()) -> 3626.4111 | AC161: =_xlfn.XLOOKUP($L161,'Arabica Dbse'!$W:$W,'Arabica Dbse'!AE:AE,NA()) -> 4141.7491 | AD161: =_xlfn.XLOOKUP($L161,'Arabica Dbse'!$W:$W,'Arabica Dbse'!AF:AF,NA()) -> 3850.4711 | AE161: =_xlfn.XLOOKUP($L161,'Arabica Dbse'!$W:$W,'Arabica Dbse'!AG:AG,NA()) -> 3895.2831 | AF161: =_xlfn.XLOOKUP($L161,'Arabica Dbse'!$W:$W,'Arabica Dbse'!AH:AH,NA()) -> 4007.3131 | AG161: =_xlfn.XLOOKUP($L161,'Arabica Dbse'!$W:$W,'Arabica Dbse'!AI:AI,NA()) -> 4455.4331
A162: =_xlfn.XLOOKUP(B162,'Arabica Dbse'!R:R,'Arabica Dbse'!U:U) -> 2420 | B162: 45225 | D162: 360 | E162: 360 | F162: 350 | G162: 540 | H162: 300 | I162: 470 | J162: 600 | K162: 350 | L162: =B162 -> 45225 | M162: =IF(C162=0,NA(),$A162+C162) -> #N/A | N162: =IF(D162=0,NA(),$A162+D162) -> 2780 | O162: =IF(E162=0,NA(),$A162+E162) -> 2780 | P162: =IF(F162=0,NA(),$A162+F162) -> 2770 | Q162: =IF(G162=0,NA(),$A162+G162) -> 2960 | R162: =IF(H162=0,NA(),$A162+H162) -> 2720 | S162: =IF(I162=0,NA(),$A162+I162) -> 2890 | T162: =IF(J162=0,NA(),$A162+J162) -> 3020 | U162: =IF(K162=0,NA(),$A162+K162) -> 2770 | V162: =_xlfn.XLOOKUP($L162,'Arabica Dbse'!$W:$W,'Arabica Dbse'!X:X,NA()) -> 3358.6594 | W162: =_xlfn.XLOOKUP($L162,'Arabica Dbse'!$W:$W,'Arabica Dbse'!Y:Y,NA()) -> 3537.9074 | X162: =_xlfn.XLOOKUP($L162,'Arabica Dbse'!$W:$W,'Arabica Dbse'!Z:Z,NA()) -> 3179.4114 | Y162: =_xlfn.XLOOKUP($L162,'Arabica Dbse'!$W:$W,'Arabica Dbse'!AA:AA,NA()) -> 3246.6294 | Z162: =_xlfn.XLOOKUP($L162,'Arabica Dbse'!$W:$W,'Arabica Dbse'!AB:AB,NA()) -> 3649.9374 | AA162: =_xlfn.XLOOKUP($L162,'Arabica Dbse'!$W:$W,'Arabica Dbse'!AC:AC,NA()) -> 3246.6294 | AB162: =_xlfn.XLOOKUP($L162,'Arabica Dbse'!$W:$W,'Arabica Dbse'!AD:AD,NA()) -> 3560.3134 | AC162: =_xlfn.XLOOKUP($L162,'Arabica Dbse'!$W:$W,'Arabica Dbse'!AE:AE,NA()) -> 4120.4634 | AD162: =_xlfn.XLOOKUP($L162,'Arabica Dbse'!$W:$W,'Arabica Dbse'!AF:AF,NA()) -> 3806.7794 | AE162: =_xlfn.XLOOKUP($L162,'Arabica Dbse'!$W:$W,'Arabica Dbse'!AG:AG,NA()) -> 3873.9974 | AF162: =_xlfn.XLOOKUP($L162,'Arabica Dbse'!$W:$W,'Arabica Dbse'!AH:AH,NA()) -> 3918.8094 | AG162: =_xlfn.XLOOKUP($L162,'Arabica Dbse'!$W:$W,'Arabica Dbse'!AI:AI,NA()) -> 4366.9294
A163: =_xlfn.XLOOKUP(B163,'Arabica Dbse'!R:R,'Arabica Dbse'!U:U) -> 2402 | B163: 45218 | D163: 260 | E163: 360 | F163: 350 | G163: 540 | H163: 300 | I163: 470 | J163: 580 | K163: 350 | L163: =B163 -> 45218 | M163: =IF(C163=0,NA(),$A163+C163) -> #N/A | N163: =IF(D163=0,NA(),$A163+D163) -> 2662 | O163: =IF(E163=0,NA(),$A163+E163) -> 2762 | P163: =IF(F163=0,NA(),$A163+F163) -> 2752 | Q163: =IF(G163=0,NA(),$A163+G163) -> 2942 | R163: =IF(H163=0,NA(),$A163+H163) -> 2702 | S163: =IF(I163=0,NA(),$A163+I163) -> 2872 | T163: =IF(J163=0,NA(),$A163+J163) -> 2982 | U163: =IF(K163=0,NA(),$A163+K163) -> 2752 | V163: =_xlfn.XLOOKUP($L163,'Arabica Dbse'!$W:$W,'Arabica Dbse'!X:X,NA()) -> 3401.2308 | W163: =_xlfn.XLOOKUP($L163,'Arabica Dbse'!$W:$W,'Arabica Dbse'!Y:Y,NA()) -> 3535.6668 | X163: =_xlfn.XLOOKUP($L163,'Arabica Dbse'!$W:$W,'Arabica Dbse'!Z:Z,NA()) -> 3199.5768 | Y163: =_xlfn.XLOOKUP($L163,'Arabica Dbse'!$W:$W,'Arabica Dbse'!AA:AA,NA()) -> 3266.7948 | Z163: =_xlfn.XLOOKUP($L163,'Arabica Dbse'!$W:$W,'Arabica Dbse'!AB:AB,NA()) -> 3670.1028 | AA163: =_xlfn.XLOOKUP($L163,'Arabica Dbse'!$W:$W,'Arabica Dbse'!AC:AC,NA()) -> 3266.7948 | AB163: =_xlfn.XLOOKUP($L163,'Arabica Dbse'!$W:$W,'Arabica Dbse'!AD:AD,NA()) -> 3580.4788 | AC163: =_xlfn.XLOOKUP($L163,'Arabica Dbse'!$W:$W,'Arabica Dbse'!AE:AE,NA()) -> 4140.6288 | AD163: =_xlfn.XLOOKUP($L163,'Arabica Dbse'!$W:$W,'Arabica Dbse'!AF:AF,NA()) -> 3871.7568 | AE163: =_xlfn.XLOOKUP($L163,'Arabica Dbse'!$W:$W,'Arabica Dbse'!AG:AG,NA()) -> 3894.1628 | AF163: =_xlfn.XLOOKUP($L163,'Arabica Dbse'!$W:$W,'Arabica Dbse'!AH:AH,NA()) -> 3938.9748 | AG163: =_xlfn.XLOOKUP($L163,'Arabica Dbse'!$W:$W,'Arabica Dbse'!AI:AI,NA()) -> 4387.0948
A164: =_xlfn.XLOOKUP(B164,'Arabica Dbse'!R:R,'Arabica Dbse'!U:U) -> 2255 | B164: 45211 | D164: 380 | E164: 380 | F164: 370 | G164: 540 | H164: 290 | I164: 510 | J164: 580 | K164: 350 | L164: =B164 -> 45211 | M164: =IF(C164=0,NA(),$A164+C164) -> #N/A | N164: =IF(D164=0,NA(),$A164+D164) -> 2635 | O164: =IF(E164=0,NA(),$A164+E164) -> 2635 | P164: =IF(F164=0,NA(),$A164+F164) -> 2625 | Q164: =IF(G164=0,NA(),$A164+G164) -> 2795 | R164: =IF(H164=0,NA(),$A164+H164) -> 2545 | S164: =IF(I164=0,NA(),$A164+I164) -> 2765 | T164: =IF(J164=0,NA(),$A164+J164) -> 2835 | U164: =IF(K164=0,NA(),$A164+K164) -> 2605 | V164: =_xlfn.XLOOKUP($L164,'Arabica Dbse'!$W:$W,'Arabica Dbse'!X:X,NA()) -> 3114.434 | W164: =_xlfn.XLOOKUP($L164,'Arabica Dbse'!$W:$W,'Arabica Dbse'!Y:Y,NA()) -> 3248.87 | X164: =_xlfn.XLOOKUP($L164,'Arabica Dbse'!$W:$W,'Arabica Dbse'!Z:Z,NA()) -> 2979.998 | Y164: =_xlfn.XLOOKUP($L164,'Arabica Dbse'!$W:$W,'Arabica Dbse'!AA:AA,NA()) -> 3024.81 | Z164: =_xlfn.XLOOKUP($L164,'Arabica Dbse'!$W:$W,'Arabica Dbse'!AB:AB,NA()) -> 3405.712 | AA164: =_xlfn.XLOOKUP($L164,'Arabica Dbse'!$W:$W,'Arabica Dbse'!AC:AC,NA()) -> 3002.404 | AB164: =_xlfn.XLOOKUP($L164,'Arabica Dbse'!$W:$W,'Arabica Dbse'!AD:AD,NA()) -> 3316.088 | AC164: =_xlfn.XLOOKUP($L164,'Arabica Dbse'!$W:$W,'Arabica Dbse'!AE:AE,NA()) -> 3876.238 | AD164: =_xlfn.XLOOKUP($L164,'Arabica Dbse'!$W:$W,'Arabica Dbse'!AF:AF,NA()) -> 3607.366 | AE164: =_xlfn.XLOOKUP($L164,'Arabica Dbse'!$W:$W,'Arabica Dbse'!AG:AG,NA()) -> 3629.772 | AF164: =_xlfn.XLOOKUP($L164,'Arabica Dbse'!$W:$W,'Arabica Dbse'!AH:AH,NA()) -> 3674.584 | AG164: =_xlfn.XLOOKUP($L164,'Arabica Dbse'!$W:$W,'Arabica Dbse'!AI:AI,NA()) -> 4122.704
A165: =_xlfn.XLOOKUP(B165,'Arabica Dbse'!R:R,'Arabica Dbse'!U:U) -> 2302 | B165: 45204 | D165: 380 | E165: 380 | F165: 370 | G165: 540 | H165: 300 | I165: 520 | J165: 580 | K165: 350 | L165: =B165 -> 45204 | M165: =IF(C165=0,NA(),$A165+C165) -> #N/A | N165: =IF(D165=0,NA(),$A165+D165) -> 2682 | O165: =IF(E165=0,NA(),$A165+E165) -> 2682 | P165: =IF(F165=0,NA(),$A165+F165) -> 2672 | Q165: =IF(G165=0,NA(),$A165+G165) -> 2842 | R165: =IF(H165=0,NA(),$A165+H165) -> 2602 | S165: =IF(I165=0,NA(),$A165+I165) -> 2822 | T165: =IF(J165=0,NA(),$A165+J165) -> 2882 | U165: =IF(K165=0,NA(),$A165+K165) -> 2652 | V165: =_xlfn.XLOOKUP($L165,'Arabica Dbse'!$W:$W,'Arabica Dbse'!X:X,NA()) -> 3033.7724 | W165: =_xlfn.XLOOKUP($L165,'Arabica Dbse'!$W:$W,'Arabica Dbse'!Y:Y,NA()) -> 3190.6144 | X165: =_xlfn.XLOOKUP($L165,'Arabica Dbse'!$W:$W,'Arabica Dbse'!Z:Z,NA()) -> 2899.3364 | Y165: =_xlfn.XLOOKUP($L165,'Arabica Dbse'!$W:$W,'Arabica Dbse'!AA:AA,NA()) -> 2944.1484 | Z165: =_xlfn.XLOOKUP($L165,'Arabica Dbse'!$W:$W,'Arabica Dbse'!AB:AB,NA()) -> 3325.0504 | AA165: =_xlfn.XLOOKUP($L165,'Arabica Dbse'!$W:$W,'Arabica Dbse'!AC:AC,NA()) -> 2921.7424 | AB165: =_xlfn.XLOOKUP($L165,'Arabica Dbse'!$W:$W,'Arabica Dbse'!AD:AD,NA()) -> 3235.4264 | AC165: =_xlfn.XLOOKUP($L165,'Arabica Dbse'!$W:$W,'Arabica Dbse'!AE:AE,NA()) -> 3773.1704 | AD165: =_xlfn.XLOOKUP($L165,'Arabica Dbse'!$W:$W,'Arabica Dbse'!AF:AF,NA()) -> 3526.7044 | AE165: =_xlfn.XLOOKUP($L165,'Arabica Dbse'!$W:$W,'Arabica Dbse'!AG:AG,NA()) -> 3549.1104 | AF165: =_xlfn.XLOOKUP($L165,'Arabica Dbse'!$W:$W,'Arabica Dbse'!AH:AH,NA()) -> 3616.3284 | AG165: =_xlfn.XLOOKUP($L165,'Arabica Dbse'!$W:$W,'Arabica Dbse'!AI:AI,NA()) -> 4042.0424
A166: =_xlfn.XLOOKUP(B166,'Arabica Dbse'!R:R,'Arabica Dbse'!U:U) -> 2372 | B166: 45197 | D166: 400 | E166: 400 | F166: 390 | G166: 510 | H166: 270 | I166: 520 | J166: 600 | K166: 350 | L166: =B166 -> 45197 | M166: =IF(C166=0,NA(),$A166+C166) -> #N/A | N166: =IF(D166=0,NA(),$A166+D166) -> 2772 | O166: =IF(E166=0,NA(),$A166+E166) -> 2772 | P166: =IF(F166=0,NA(),$A166+F166) -> 2762 | Q166: =IF(G166=0,NA(),$A166+G166) -> 2882 | R166: =IF(H166=0,NA(),$A166+H166) -> 2642 | S166: =IF(I166=0,NA(),$A166+I166) -> 2892 | T166: =IF(J166=0,NA(),$A166+J166) -> 2972 | U166: =IF(K166=0,NA(),$A166+K166) -> 2722 | V166: =_xlfn.XLOOKUP($L166,'Arabica Dbse'!$W:$W,'Arabica Dbse'!X:X,NA()) -> 3077.4641 | W166: =_xlfn.XLOOKUP($L166,'Arabica Dbse'!$W:$W,'Arabica Dbse'!Y:Y,NA()) -> 3234.3061 | X166: =_xlfn.XLOOKUP($L166,'Arabica Dbse'!$W:$W,'Arabica Dbse'!Z:Z,NA()) -> 2943.0281 | Y166: =_xlfn.XLOOKUP($L166,'Arabica Dbse'!$W:$W,'Arabica Dbse'!AA:AA,NA()) -> 2987.8401 | Z166: =_xlfn.XLOOKUP($L166,'Arabica Dbse'!$W:$W,'Arabica Dbse'!AB:AB,NA()) -> 3368.7421 | AA166: =_xlfn.XLOOKUP($L166,'Arabica Dbse'!$W:$W,'Arabica Dbse'!AC:AC,NA()) -> 2965.4341 | AB166: =_xlfn.XLOOKUP($L166,'Arabica Dbse'!$W:$W,'Arabica Dbse'!AD:AD,NA()) -> 3279.1181 | AC166: =_xlfn.XLOOKUP($L166,'Arabica Dbse'!$W:$W,'Arabica Dbse'!AE:AE,NA()) -> 3816.8621 | AD166: =_xlfn.XLOOKUP($L166,'Arabica Dbse'!$W:$W,'Arabica Dbse'!AF:AF,NA()) -> 3592.8021 | AE166: =_xlfn.XLOOKUP($L166,'Arabica Dbse'!$W:$W,'Arabica Dbse'!AG:AG,NA()) -> 3592.8021 | AF166: =_xlfn.XLOOKUP($L166,'Arabica Dbse'!$W:$W,'Arabica Dbse'!AH:AH,NA()) -> 3660.0201 | AG166: =_xlfn.XLOOKUP($L166,'Arabica Dbse'!$W:$W,'Arabica Dbse'!AI:AI,NA()) -> 4085.7341
A167: =_xlfn.XLOOKUP(B167,'Arabica Dbse'!R:R,'Arabica Dbse'!U:U) -> 2464 | B167: 45190 | D167: 350 | E167: 350 | F167: 340 | G167: 500 | H167: 270 | I167: 450 | J167: 660 | K167: 350 | L167: =B167 -> 45190 | M167: =IF(C167=0,NA(),$A167+C167) -> #N/A | N167: =IF(D167=0,NA(),$A167+D167) -> 2814 | O167: =IF(E167=0,NA(),$A167+E167) -> 2814 | P167: =IF(F167=0,NA(),$A167+F167) -> 2804 | Q167: =IF(G167=0,NA(),$A167+G167) -> 2964 | R167: =IF(H167=0,NA(),$A167+H167) -> 2734 | S167: =IF(I167=0,NA(),$A167+I167) -> 2914 | T167: =IF(J167=0,NA(),$A167+J167) -> 3124 | U167: =IF(K167=0,NA(),$A167+K167) -> 2814 | V167: =_xlfn.XLOOKUP($L167,'Arabica Dbse'!$W:$W,'Arabica Dbse'!X:X,NA()) -> 3249.9903 | W167: =_xlfn.XLOOKUP($L167,'Arabica Dbse'!$W:$W,'Arabica Dbse'!Y:Y,NA()) -> 3406.8323 | X167: =_xlfn.XLOOKUP($L167,'Arabica Dbse'!$W:$W,'Arabica Dbse'!Z:Z,NA()) -> 3093.1483 | Y167: =_xlfn.XLOOKUP($L167,'Arabica Dbse'!$W:$W,'Arabica Dbse'!AA:AA,NA()) -> 3137.9603 | Z167: =_xlfn.XLOOKUP($L167,'Arabica Dbse'!$W:$W,'Arabica Dbse'!AB:AB,NA()) -> 3541.2683 | AA167: =_xlfn.XLOOKUP($L167,'Arabica Dbse'!$W:$W,'Arabica Dbse'!AC:AC,NA()) -> 3137.9603 | AB167: =_xlfn.XLOOKUP($L167,'Arabica Dbse'!$W:$W,'Arabica Dbse'!AD:AD,NA()) -> 3451.6443 | AC167: =_xlfn.XLOOKUP($L167,'Arabica Dbse'!$W:$W,'Arabica Dbse'!AE:AE,NA()) -> 3989.3883 | AD167: =_xlfn.XLOOKUP($L167,'Arabica Dbse'!$W:$W,'Arabica Dbse'!AF:AF,NA()) -> 3765.3283 | AE167: =_xlfn.XLOOKUP($L167,'Arabica Dbse'!$W:$W,'Arabica Dbse'!AG:AG,NA()) -> 3765.3283 | AF167: =_xlfn.XLOOKUP($L167,'Arabica Dbse'!$W:$W,'Arabica Dbse'!AH:AH,NA()) -> 3832.5463 | AG167: =_xlfn.XLOOKUP($L167,'Arabica Dbse'!$W:$W,'Arabica Dbse'!AI:AI,NA()) -> 4280.6663
A168: =_xlfn.XLOOKUP(B168,'Arabica Dbse'!R:R,'Arabica Dbse'!U:U) -> 2495 | B168: 45183 | D168: 350 | E168: 350 | F168: 340 | G168: 500 | H168: 250 | I168: 370 | J168: 640 | K168: 350 | L168: =B168 -> 45183 | M168: =IF(C168=0,NA(),$A168+C168) -> #N/A | N168: =IF(D168=0,NA(),$A168+D168) -> 2845 | O168: =IF(E168=0,NA(),$A168+E168) -> 2845 | P168: =IF(F168=0,NA(),$A168+F168) -> 2835 | Q168: =IF(G168=0,NA(),$A168+G168) -> 2995 | R168: =IF(H168=0,NA(),$A168+H168) -> 2745 | S168: =IF(I168=0,NA(),$A168+I168) -> 2865 | T168: =IF(J168=0,NA(),$A168+J168) -> 3135 | U168: =IF(K168=0,NA(),$A168+K168) -> 2845 | V168: =_xlfn.XLOOKUP($L168,'Arabica Dbse'!$W:$W,'Arabica Dbse'!X:X,NA()) -> 3226.464 | W168: =_xlfn.XLOOKUP($L168,'Arabica Dbse'!$W:$W,'Arabica Dbse'!Y:Y,NA()) -> 3383.306 | X168: =_xlfn.XLOOKUP($L168,'Arabica Dbse'!$W:$W,'Arabica Dbse'!Z:Z,NA()) -> 3092.028 | Y168: =_xlfn.XLOOKUP($L168,'Arabica Dbse'!$W:$W,'Arabica Dbse'!AA:AA,NA()) -> 3136.84 | Z168: =_xlfn.XLOOKUP($L168,'Arabica Dbse'!$W:$W,'Arabica Dbse'!AB:AB,NA()) -> 3405.712 | AA168: =_xlfn.XLOOKUP($L168,'Arabica Dbse'!$W:$W,'Arabica Dbse'!AC:AC,NA()) -> 3092.028 | AB168: =_xlfn.XLOOKUP($L168,'Arabica Dbse'!$W:$W,'Arabica Dbse'!AD:AD,NA()) -> 3405.712 | AC168: =_xlfn.XLOOKUP($L168,'Arabica Dbse'!$W:$W,'Arabica Dbse'!AE:AE,NA()) -> 3943.456 | AD168: =_xlfn.XLOOKUP($L168,'Arabica Dbse'!$W:$W,'Arabica Dbse'!AF:AF,NA()) -> 3719.396 | AE168: =_xlfn.XLOOKUP($L168,'Arabica Dbse'!$W:$W,'Arabica Dbse'!AG:AG,NA()) -> 3719.396 | AF168: =_xlfn.XLOOKUP($L168,'Arabica Dbse'!$W:$W,'Arabica Dbse'!AH:AH,NA()) -> 3741.802 | AG168: =_xlfn.XLOOKUP($L168,'Arabica Dbse'!$W:$W,'Arabica Dbse'!AI:AI,NA()) -> 4212.328
A169: =_xlfn.XLOOKUP(B169,'Arabica Dbse'!R:R,'Arabica Dbse'!U:U) -> 2407 | B169: 45176 | D169: 350 | E169: 350 | F169: 340 | G169: 500 | H169: 250 | I169: 370 | J169: 660 | K169: 350 | L169: =B169 -> 45176 | M169: =IF(C169=0,NA(),$A169+C169) -> #N/A | N169: =IF(D169=0,NA(),$A169+D169) -> 2757 | O169: =IF(E169=0,NA(),$A169+E169) -> 2757 | P169: =IF(F169=0,NA(),$A169+F169) -> 2747 | Q169: =IF(G169=0,NA(),$A169+G169) -> 2907 | R169: =IF(H169=0,NA(),$A169+H169) -> 2657 | S169: =IF(I169=0,NA(),$A169+I169) -> 2777 | T169: =IF(J169=0,NA(),$A169+J169) -> 3067 | U169: =IF(K169=0,NA(),$A169+K169) -> 2757 | V169: =_xlfn.XLOOKUP($L169,'Arabica Dbse'!$W:$W,'Arabica Dbse'!X:X,NA()) -> 3132.3588 | W169: =_xlfn.XLOOKUP($L169,'Arabica Dbse'!$W:$W,'Arabica Dbse'!Y:Y,NA()) -> 3311.6068 | X169: =_xlfn.XLOOKUP($L169,'Arabica Dbse'!$W:$W,'Arabica Dbse'!Z:Z,NA()) -> 3042.7348 | Y169: =_xlfn.XLOOKUP($L169,'Arabica Dbse'!$W:$W,'Arabica Dbse'!AA:AA,NA()) -> 3087.5468 | Z169: =_xlfn.XLOOKUP($L169,'Arabica Dbse'!$W:$W,'Arabica Dbse'!AB:AB,NA()) -> 3311.6068 | AA169: =_xlfn.XLOOKUP($L169,'Arabica Dbse'!$W:$W,'Arabica Dbse'!AC:AC,NA()) -> 2997.9228 | AB169: =_xlfn.XLOOKUP($L169,'Arabica Dbse'!$W:$W,'Arabica Dbse'!AD:AD,NA()) -> 3311.6068 | AC169: =_xlfn.XLOOKUP($L169,'Arabica Dbse'!$W:$W,'Arabica Dbse'!AE:AE,NA()) -> 3849.3508 | AD169: =_xlfn.XLOOKUP($L169,'Arabica Dbse'!$W:$W,'Arabica Dbse'!AF:AF,NA()) -> 3647.6968 | AE169: =_xlfn.XLOOKUP($L169,'Arabica Dbse'!$W:$W,'Arabica Dbse'!AG:AG,NA()) -> 3625.2908 | AF169: =_xlfn.XLOOKUP($L169,'Arabica Dbse'!$W:$W,'Arabica Dbse'!AH:AH,NA()) -> 3625.2908 | AG169: =_xlfn.XLOOKUP($L169,'Arabica Dbse'!$W:$W,'Arabica Dbse'!AI:AI,NA()) -> 4095.8168
A170: =_xlfn.XLOOKUP(B170,'Arabica Dbse'!R:R,'Arabica Dbse'!U:U) -> 2489 | B170: 45169 | D170: 350 | E170: 350 | F170: 340 | G170: 480 | H170: 270 | I170: 390 | J170: 670 | K170: 350 | L170: =B170 -> 45169 | M170: =IF(C170=0,NA(),$A170+C170) -> #N/A | N170: =IF(D170=0,NA(),$A170+D170) -> 2839 | O170: =IF(E170=0,NA(),$A170+E170) -> 2839 | P170: =IF(F170=0,NA(),$A170+F170) -> 2829 | Q170: =IF(G170=0,NA(),$A170+G170) -> 2969 | R170: =IF(H170=0,NA(),$A170+H170) -> 2759 | S170: =IF(I170=0,NA(),$A170+I170) -> 2879 | T170: =IF(J170=0,NA(),$A170+J170) -> 3159 | U170: =IF(K170=0,NA(),$A170+K170) -> 2839 | V170: =_xlfn.XLOOKUP($L170,'Arabica Dbse'!$W:$W,'Arabica Dbse'!X:X,NA()) -> 3237.667 | W170: =_xlfn.XLOOKUP($L170,'Arabica Dbse'!$W:$W,'Arabica Dbse'!Y:Y,NA()) -> 3394.509 | X170: =_xlfn.XLOOKUP($L170,'Arabica Dbse'!$W:$W,'Arabica Dbse'!Z:Z,NA()) -> 3148.043 | Y170: =_xlfn.XLOOKUP($L170,'Arabica Dbse'!$W:$W,'Arabica Dbse'!AA:AA,NA()) -> 3192.855 | Z170: =_xlfn.XLOOKUP($L170,'Arabica Dbse'!$W:$W,'Arabica Dbse'!AB:AB,NA()) -> 3416.915 | AA170: =_xlfn.XLOOKUP($L170,'Arabica Dbse'!$W:$W,'Arabica Dbse'!AC:AC,NA()) -> 3125.637 | AB170: =_xlfn.XLOOKUP($L170,'Arabica Dbse'!$W:$W,'Arabica Dbse'!AD:AD,NA()) -> 3416.915 | AC170: =_xlfn.XLOOKUP($L170,'Arabica Dbse'!$W:$W,'Arabica Dbse'!AE:AE,NA()) -> 3954.659 | AD170: =_xlfn.XLOOKUP($L170,'Arabica Dbse'!$W:$W,'Arabica Dbse'!AF:AF,NA()) -> 3753.005 | AE170: =_xlfn.XLOOKUP($L170,'Arabica Dbse'!$W:$W,'Arabica Dbse'!AG:AG,NA()) -> 3730.599 | AF170: =_xlfn.XLOOKUP($L170,'Arabica Dbse'!$W:$W,'Arabica Dbse'!AH:AH,NA()) -> 3730.599 | AG170: =_xlfn.XLOOKUP($L170,'Arabica Dbse'!$W:$W,'Arabica Dbse'!AI:AI,NA()) -> 4201.125
A171: =_xlfn.XLOOKUP(B171,'Arabica Dbse'!R:R,'Arabica Dbse'!U:U) -> 2406 | B171: 45162 | D171: 350 | E171: 350 | F171: 340 | G171: 480 | H171: 270 | I171: 390 | J171: 680 | K171: 350 | L171: =B171 -> 45162 | M171: =IF(C171=0,NA(),$A171+C171) -> #N/A | N171: =IF(D171=0,NA(),$A171+D171) -> 2756 | O171: =IF(E171=0,NA(),$A171+E171) -> 2756 | P171: =IF(F171=0,NA(),$A171+F171) -> 2746 | Q171: =IF(G171=0,NA(),$A171+G171) -> 2886 | R171: =IF(H171=0,NA(),$A171+H171) -> 2676 | S171: =IF(I171=0,NA(),$A171+I171) -> 2796 | T171: =IF(J171=0,NA(),$A171+J171) -> 3086 | U171: =IF(K171=0,NA(),$A171+K171) -> 2756 | V171: =_xlfn.XLOOKUP($L171,'Arabica Dbse'!$W:$W,'Arabica Dbse'!X:X,NA()) -> 3188.3738 | W171: =_xlfn.XLOOKUP($L171,'Arabica Dbse'!$W:$W,'Arabica Dbse'!Y:Y,NA()) -> 3390.0278 | X171: =_xlfn.XLOOKUP($L171,'Arabica Dbse'!$W:$W,'Arabica Dbse'!Z:Z,NA()) -> 3121.1558 | Y171: =_xlfn.XLOOKUP($L171,'Arabica Dbse'!$W:$W,'Arabica Dbse'!AA:AA,NA()) -> 3165.9678 | Z171: =_xlfn.XLOOKUP($L171,'Arabica Dbse'!$W:$W,'Arabica Dbse'!AB:AB,NA()) -> 3412.4338 | AA171: =_xlfn.XLOOKUP($L171,'Arabica Dbse'!$W:$W,'Arabica Dbse'!AC:AC,NA()) -> 3121.1558 | AB171: =_xlfn.XLOOKUP($L171,'Arabica Dbse'!$W:$W,'Arabica Dbse'!AD:AD,NA()) -> 3412.4338 | AC171: =_xlfn.XLOOKUP($L171,'Arabica Dbse'!$W:$W,'Arabica Dbse'!AE:AE,NA()) -> 3994.9898 | AD171: =_xlfn.XLOOKUP($L171,'Arabica Dbse'!$W:$W,'Arabica Dbse'!AF:AF,NA()) -> 3770.9298 | AE171: =_xlfn.XLOOKUP($L171,'Arabica Dbse'!$W:$W,'Arabica Dbse'!AG:AG,NA()) -> 3726.1178 | AF171: =_xlfn.XLOOKUP($L171,'Arabica Dbse'!$W:$W,'Arabica Dbse'!AH:AH,NA()) -> 3726.1178 | AG171: =_xlfn.XLOOKUP($L171,'Arabica Dbse'!$W:$W,'Arabica Dbse'!AI:AI,NA()) -> 4196.6438
A172: =_xlfn.XLOOKUP(B172,'Arabica Dbse'!R:R,'Arabica Dbse'!U:U) -> 2391 | B172: 45155 | D172: 370 | E172: 370 | F172: 360 | G172: 450 | H172: 270 | I172: 390 | J172: 680 | K172: 350 | L172: =B172 -> 45155 | M172: =IF(C172=0,NA(),$A172+C172) -> #N/A | N172: =IF(D172=0,NA(),$A172+D172) -> 2761 | O172: =IF(E172=0,NA(),$A172+E172) -> 2761 | P172: =IF(F172=0,NA(),$A172+F172) -> 2751 | Q172: =IF(G172=0,NA(),$A172+G172) -> 2841 | R172: =IF(H172=0,NA(),$A172+H172) -> 2661 | S172: =IF(I172=0,NA(),$A172+I172) -> 2781 | T172: =IF(J172=0,NA(),$A172+J172) -> 3071 | U172: =IF(K172=0,NA(),$A172+K172) -> 2741 | V172: =_xlfn.XLOOKUP($L172,'Arabica Dbse'!$W:$W,'Arabica Dbse'!X:X,NA()) -> 3071.8626 | W172: =_xlfn.XLOOKUP($L172,'Arabica Dbse'!$W:$W,'Arabica Dbse'!Y:Y,NA()) -> 3206.2986 | X172: =_xlfn.XLOOKUP($L172,'Arabica Dbse'!$W:$W,'Arabica Dbse'!Z:Z,NA()) -> 3049.4566 | Y172: =_xlfn.XLOOKUP($L172,'Arabica Dbse'!$W:$W,'Arabica Dbse'!AA:AA,NA()) -> 3094.2686 | Z172: =_xlfn.XLOOKUP($L172,'Arabica Dbse'!$W:$W,'Arabica Dbse'!AB:AB,NA()) -> 3295.9226 | AA172: =_xlfn.XLOOKUP($L172,'Arabica Dbse'!$W:$W,'Arabica Dbse'!AC:AC,NA()) -> 3071.8626 | AB172: =_xlfn.XLOOKUP($L172,'Arabica Dbse'!$W:$W,'Arabica Dbse'!AD:AD,NA()) -> 3295.9226 | AC172: =_xlfn.XLOOKUP($L172,'Arabica Dbse'!$W:$W,'Arabica Dbse'!AE:AE,NA()) -> 3856.0726 | AD172: =_xlfn.XLOOKUP($L172,'Arabica Dbse'!$W:$W,'Arabica Dbse'!AF:AF,NA()) -> 3654.4186 | AE172: =_xlfn.XLOOKUP($L172,'Arabica Dbse'!$W:$W,'Arabica Dbse'!AG:AG,NA()) -> 3609.6066 | AF172: =_xlfn.XLOOKUP($L172,'Arabica Dbse'!$W:$W,'Arabica Dbse'!AH:AH,NA()) -> 3676.8246 | AG172: =_xlfn.XLOOKUP($L172,'Arabica Dbse'!$W:$W,'Arabica Dbse'!AI:AI,NA()) -> 4057.7266
A173: =_xlfn.XLOOKUP(B173,'Arabica Dbse'!R:R,'Arabica Dbse'!U:U) -> 2534 | B173: 45148 | D173: 370 | E173: 370 | F173: 360 | G173: 450 | H173: 250 | I173: 370 | J173: 700 | K173: 350 | L173: =B173 -> 45148 | M173: =IF(C173=0,NA(),$A173+C173) -> #N/A | N173: =IF(D173=0,NA(),$A173+D173) -> 2904 | O173: =IF(E173=0,NA(),$A173+E173) -> 2904 | P173: =IF(F173=0,NA(),$A173+F173) -> 2894 | Q173: =IF(G173=0,NA(),$A173+G173) -> 2984 | R173: =IF(H173=0,NA(),$A173+H173) -> 2784 | S173: =IF(I173=0,NA(),$A173+I173) -> 2904 | T173: =IF(J173=0,NA(),$A173+J173) -> 3234 | U173: =IF(K173=0,NA(),$A173+K173) -> 2884 | V173: =_xlfn.XLOOKUP($L173,'Arabica Dbse'!$W:$W,'Arabica Dbse'!X:X,NA()) -> 3241.0279 | W173: =_xlfn.XLOOKUP($L173,'Arabica Dbse'!$W:$W,'Arabica Dbse'!Y:Y,NA()) -> 3397.8699 | X173: =_xlfn.XLOOKUP($L173,'Arabica Dbse'!$W:$W,'Arabica Dbse'!Z:Z,NA()) -> 3084.1859 | Y173: =_xlfn.XLOOKUP($L173,'Arabica Dbse'!$W:$W,'Arabica Dbse'!AA:AA,NA()) -> 3151.4039 | Z173: =_xlfn.XLOOKUP($L173,'Arabica Dbse'!$W:$W,'Arabica Dbse'!AB:AB,NA()) -> 3554.7119 | AA173: =_xlfn.XLOOKUP($L173,'Arabica Dbse'!$W:$W,'Arabica Dbse'!AC:AC,NA()) -> 3263.4339 | AB173: =_xlfn.XLOOKUP($L173,'Arabica Dbse'!$W:$W,'Arabica Dbse'!AD:AD,NA()) -> 3532.3059 | AC173: =_xlfn.XLOOKUP($L173,'Arabica Dbse'!$W:$W,'Arabica Dbse'!AE:AE,NA()) -> 4137.2679 | AD173: =_xlfn.XLOOKUP($L173,'Arabica Dbse'!$W:$W,'Arabica Dbse'!AF:AF,NA()) -> 3958.0199 | AE173: =_xlfn.XLOOKUP($L173,'Arabica Dbse'!$W:$W,'Arabica Dbse'!AG:AG,NA()) -> 3913.2079 | AF173: =_xlfn.XLOOKUP($L173,'Arabica Dbse'!$W:$W,'Arabica Dbse'!AH:AH,NA()) -> 3845.9899 | AG173: =_xlfn.XLOOKUP($L173,'Arabica Dbse'!$W:$W,'Arabica Dbse'!AI:AI,NA()) -> 4361.3279
... A177: =_xlfn.XLOOKUP(B177,'Arabica Dbse'!R:R,'Arabica Dbse'!U:U) -> 2525 | B177: 45120 | D177: 350 | E177: 350 | F177: 340 | G177: 420 | H177: 260 | I177: 360 | J177: 580 | K177: 350 | L177: =B177 -> 45120 | M177: =IF(C177=0,NA(),$A177+C177) -> #N/A | N177: =IF(D177=0,NA(),$A177+D177) -> 2875 | O177: =IF(E177=0,NA(),$A177+E177) -> 2875 | P177: =IF(F177=0,NA(),$A177+F177) -> 2865 | Q177: =IF(G177=0,NA(),$A177+G177) -> 2945 | R177: =IF(H177=0,NA(),$A177+H177) -> 2785 | S177: =IF(I177=0,NA(),$A177+I177) -> 2885 | T177: =IF(J177=0,NA(),$A177+J177) -> 3105 | U177: =IF(K177=0,NA(),$A177+K177) -> 2875 | V177: =_xlfn.XLOOKUP($L177,'Arabica Dbse'!$W:$W,'Arabica Dbse'!X:X,NA()) -> 3195.0956 | W177: =_xlfn.XLOOKUP($L177,'Arabica Dbse'!$W:$W,'Arabica Dbse'!Y:Y,NA()) -> 3419.1556 | X177: =_xlfn.XLOOKUP($L177,'Arabica Dbse'!$W:$W,'Arabica Dbse'!Z:Z,NA()) -> 3105.4716 | Y177: =_xlfn.XLOOKUP($L177,'Arabica Dbse'!$W:$W,'Arabica Dbse'!AA:AA,NA()) -> 3172.6896 | Z177: =_xlfn.XLOOKUP($L177,'Arabica Dbse'!$W:$W,'Arabica Dbse'!AB:AB,NA()) -> 3307.1256 | AA177: =_xlfn.XLOOKUP($L177,'Arabica Dbse'!$W:$W,'Arabica Dbse'!AC:AC,NA()) -> 3217.5016 | AB177: =_xlfn.XLOOKUP($L177,'Arabica Dbse'!$W:$W,'Arabica Dbse'!AD:AD,NA()) -> 3575.9976 | AC177: =_xlfn.XLOOKUP($L177,'Arabica Dbse'!$W:$W,'Arabica Dbse'!AE:AE,NA()) -> 3979.3056 | AD177: =_xlfn.XLOOKUP($L177,'Arabica Dbse'!$W:$W,'Arabica Dbse'!AF:AF,NA()) -> 3800.0576 | AE177: =_xlfn.XLOOKUP($L177,'Arabica Dbse'!$W:$W,'Arabica Dbse'!AG:AG,NA()) -> 3889.6816 | AF177: =_xlfn.XLOOKUP($L177,'Arabica Dbse'!$W:$W,'Arabica Dbse'!AH:AH,NA()) -> 3800.0576 | AG177: =_xlfn.XLOOKUP($L177,'Arabica Dbse'!$W:$W,'Arabica Dbse'!AI:AI,NA()) -> 4315.3956
A178: =_xlfn.XLOOKUP(B178,'Arabica Dbse'!R:R,'Arabica Dbse'!U:U) -> 2510 | B178: 45113 | C178: 550 | D178: 320 | E178: 320 | F178: 310 | G178: 300 | H178: 260 | I178: 360 | J178: 560 | K178: 300 | L178: =B178 -> 45113 | M178: =IF(C178=0,NA(),$A178+C178) -> 3060 | N178: =IF(D178=0,NA(),$A178+D178) -> 2830 | O178: =IF(E178=0,NA(),$A178+E178) -> 2830 | P178: =IF(F178=0,NA(),$A178+F178) -> 2820 | Q178: =IF(G178=0,NA(),$A178+G178) -> 2810 | R178: =IF(H178=0,NA(),$A178+H178) -> 2770 | S178: =IF(I178=0,NA(),$A178+I178) -> 2870 | T178: =IF(J178=0,NA(),$A178+J178) -> 3070 | U178: =IF(K178=0,NA(),$A178+K178) -> 2810 | V178: =_xlfn.XLOOKUP($L178,'Arabica Dbse'!$W:$W,'Arabica Dbse'!X:X,NA()) -> 3348.5767 | W178: =_xlfn.XLOOKUP($L178,'Arabica Dbse'!$W:$W,'Arabica Dbse'!Y:Y,NA()) -> 3527.8247 | X178: =_xlfn.XLOOKUP($L178,'Arabica Dbse'!$W:$W,'Arabica Dbse'!Z:Z,NA()) -> 3191.7347 | Y178: =_xlfn.XLOOKUP($L178,'Arabica Dbse'!$W:$W,'Arabica Dbse'!AA:AA,NA()) -> 3258.9527 | Z178: =_xlfn.XLOOKUP($L178,'Arabica Dbse'!$W:$W,'Arabica Dbse'!AB:AB,NA()) -> 3370.9827 | AA178: =_xlfn.XLOOKUP($L178,'Arabica Dbse'!$W:$W,'Arabica Dbse'!AC:AC,NA()) -> 3281.3587 | AB178: =_xlfn.XLOOKUP($L178,'Arabica Dbse'!$W:$W,'Arabica Dbse'!AD:AD,NA()) -> 3639.8547 | AC178: =_xlfn.XLOOKUP($L178,'Arabica Dbse'!$W:$W,'Arabica Dbse'!AE:AE,NA()) -> 4043.1627 | AD178: =_xlfn.XLOOKUP($L178,'Arabica Dbse'!$W:$W,'Arabica Dbse'!AF:AF,NA()) -> 3863.9147 | AE178: =_xlfn.XLOOKUP($L178,'Arabica Dbse'!$W:$W,'Arabica Dbse'!AG:AG,NA()) -> 3998.3507 | AF178: =_xlfn.XLOOKUP($L178,'Arabica Dbse'!$W:$W,'Arabica Dbse'!AH:AH,NA()) -> 3863.9147 | AG178: =_xlfn.XLOOKUP($L178,'Arabica Dbse'!$W:$W,'Arabica Dbse'!AI:AI,NA()) -> 4379.2527
A179: =_xlfn.XLOOKUP(B179,'Arabica Dbse'!R:R,'Arabica Dbse'!U:U) -> 2570 | B179: 45106 | C179: 500 | D179: 300 | E179: 300 | F179: 290 | G179: 300 | H179: 260 | I179: 360 | J179: 560 | K179: 280 | L179: =B179 -> 45106 | M179: =IF(C179=0,NA(),$A179+C179) -> 3070 | N179: =IF(D179=0,NA(),$A179+D179) -> 2870 | O179: =IF(E179=0,NA(),$A179+E179) -> 2870 | P179: =IF(F179=0,NA(),$A179+F179) -> 2860 | Q179: =IF(G179=0,NA(),$A179+G179) -> 2870 | R179: =IF(H179=0,NA(),$A179+H179) -> 2830 | S179: =IF(I179=0,NA(),$A179+I179) -> 2930 | T179: =IF(J179=0,NA(),$A179+J179) -> 3130 | U179: =IF(K179=0,NA(),$A179+K179) -> 2850 | V179: =_xlfn.XLOOKUP($L179,'Arabica Dbse'!$W:$W,'Arabica Dbse'!X:X,NA()) -> 3374.3436 | W179: =_xlfn.XLOOKUP($L179,'Arabica Dbse'!$W:$W,'Arabica Dbse'!Y:Y,NA()) -> 3553.5916 | X179: =_xlfn.XLOOKUP($L179,'Arabica Dbse'!$W:$W,'Arabica Dbse'!Z:Z,NA()) -> 3239.9076 | Y179: =_xlfn.XLOOKUP($L179,'Arabica Dbse'!$W:$W,'Arabica Dbse'!AA:AA,NA()) -> 3307.1256 | Z179: =_xlfn.XLOOKUP($L179,'Arabica Dbse'!$W:$W,'Arabica Dbse'!AB:AB,NA()) -> 3396.7496 | AA179: =_xlfn.XLOOKUP($L179,'Arabica Dbse'!$W:$W,'Arabica Dbse'!AC:AC,NA()) -> 3307.1256 | AB179: =_xlfn.XLOOKUP($L179,'Arabica Dbse'!$W:$W,'Arabica Dbse'!AD:AD,NA()) -> 3665.6216 | AC179: =_xlfn.XLOOKUP($L179,'Arabica Dbse'!$W:$W,'Arabica Dbse'!AE:AE,NA()) -> 4136.1476 | AD179: =_xlfn.XLOOKUP($L179,'Arabica Dbse'!$W:$W,'Arabica Dbse'!AF:AF,NA()) -> 3867.2756 | AE179: =_xlfn.XLOOKUP($L179,'Arabica Dbse'!$W:$W,'Arabica Dbse'!AG:AG,NA()) -> 4024.1176 | AF179: =_xlfn.XLOOKUP($L179,'Arabica Dbse'!$W:$W,'Arabica Dbse'!AH:AH,NA()) -> 4068.9296 | AG179: =_xlfn.XLOOKUP($L179,'Arabica Dbse'!$W:$W,'Arabica Dbse'!AI:AI,NA()) -> 4427.4256
A180: =_xlfn.XLOOKUP(B180,'Arabica Dbse'!R:R,'Arabica Dbse'!U:U) -> 2749 | B180: 45099 | C180: 500 | D180: 300 | E180: 300 | F180: 290 | G180: 270 | H180: 260 | I180: 360 | J180: 560 | K180: 280 | L180: =B180 -> 45099 | M180: =IF(C180=0,NA(),$A180+C180) -> 3249 | N180: =IF(D180=0,NA(),$A180+D180) -> 3049 | O180: =IF(E180=0,NA(),$A180+E180) -> 3049 | P180: =IF(F180=0,NA(),$A180+F180) -> 3039 | Q180: =IF(G180=0,NA(),$A180+G180) -> 3019 | R180: =IF(H180=0,NA(),$A180+H180) -> 3009 | S180: =IF(I180=0,NA(),$A180+I180) -> 3109 | T180: =IF(J180=0,NA(),$A180+J180) -> 3309 | U180: =IF(K180=0,NA(),$A180+K180) -> 3029 | V180: =_xlfn.XLOOKUP($L180,'Arabica Dbse'!$W:$W,'Arabica Dbse'!X:X,NA()) -> 3500.9375 | W180: =_xlfn.XLOOKUP($L180,'Arabica Dbse'!$W:$W,'Arabica Dbse'!Y:Y,NA()) -> 3724.9975 | X180: =_xlfn.XLOOKUP($L180,'Arabica Dbse'!$W:$W,'Arabica Dbse'!Z:Z,NA()) -> 3433.7195 | Y180: =_xlfn.XLOOKUP($L180,'Arabica Dbse'!$W:$W,'Arabica Dbse'!AA:AA,NA()) -> 3500.9375 | Z180: =_xlfn.XLOOKUP($L180,'Arabica Dbse'!$W:$W,'Arabica Dbse'!AB:AB,NA()) -> 3500.9375 | AA180: =_xlfn.XLOOKUP($L180,'Arabica Dbse'!$W:$W,'Arabica Dbse'!AC:AC,NA()) -> 3478.5315 | AB180: =_xlfn.XLOOKUP($L180,'Arabica Dbse'!$W:$W,'Arabica Dbse'!AD:AD,NA()) -> 3859.4335 | AC180: =_xlfn.XLOOKUP($L180,'Arabica Dbse'!$W:$W,'Arabica Dbse'!AE:AE,NA()) -> 4509.2075 | AD180: =_xlfn.XLOOKUP($L180,'Arabica Dbse'!$W:$W,'Arabica Dbse'!AF:AF,NA()) -> 4061.0875 | AE180: =_xlfn.XLOOKUP($L180,'Arabica Dbse'!$W:$W,'Arabica Dbse'!AG:AG,NA()) -> 4217.9295 | AF180: =_xlfn.XLOOKUP($L180,'Arabica Dbse'!$W:$W,'Arabica Dbse'!AH:AH,NA()) -> 4262.7415 | AG180: =_xlfn.XLOOKUP($L180,'Arabica Dbse'!$W:$W,'Arabica Dbse'!AI:AI,NA()) -> 4621.2375
A181: =_xlfn.XLOOKUP(B181,'Arabica Dbse'!R:R,'Arabica Dbse'!U:U) -> 2757 | B181: 45092 | C181: 450 | D181: 280 | E181: 280 | F181: 270 | G181: 260 | H181: 250 | I181: 350 | J181: 560 | K181: 280 | L181: =B181 -> 45092 | M181: =IF(C181=0,NA(),$A181+C181) -> 3207 | N181: =IF(D181=0,NA(),$A181+D181) -> 3037 | O181: =IF(E181=0,NA(),$A181+E181) -> 3037 | P181: =IF(F181=0,NA(),$A181+F181) -> 3027 | Q181: =IF(G181=0,NA(),$A181+G181) -> 3017 | R181: =IF(H181=0,NA(),$A181+H181) -> 3007 | S181: =IF(I181=0,NA(),$A181+I181) -> 3107 | T181: =IF(J181=0,NA(),$A181+J181) -> 3317 | U181: =IF(K181=0,NA(),$A181+K181) -> 3037 | V181: =_xlfn.XLOOKUP($L181,'Arabica Dbse'!$W:$W,'Arabica Dbse'!X:X,NA()) -> 3875.1177 | W181: =_xlfn.XLOOKUP($L181,'Arabica Dbse'!$W:$W,'Arabica Dbse'!Y:Y,NA()) -> 4054.3657 | X181: =_xlfn.XLOOKUP($L181,'Arabica Dbse'!$W:$W,'Arabica Dbse'!Z:Z,NA()) -> 3718.2757 | Y181: =_xlfn.XLOOKUP($L181,'Arabica Dbse'!$W:$W,'Arabica Dbse'!AA:AA,NA()) -> 3785.4937 | Z181: =_xlfn.XLOOKUP($L181,'Arabica Dbse'!$W:$W,'Arabica Dbse'!AB:AB,NA()) -> 3695.8697 | AA181: =_xlfn.XLOOKUP($L181,'Arabica Dbse'!$W:$W,'Arabica Dbse'!AC:AC,NA()) -> 3763.0877 | AB181: =_xlfn.XLOOKUP($L181,'Arabica Dbse'!$W:$W,'Arabica Dbse'!AD:AD,NA()) -> 4143.9897 | AC181: =_xlfn.XLOOKUP($L181,'Arabica Dbse'!$W:$W,'Arabica Dbse'!AE:AE,NA()) -> 4816.1697 | AD181: =_xlfn.XLOOKUP($L181,'Arabica Dbse'!$W:$W,'Arabica Dbse'!AF:AF,NA()) -> 4345.6437 | AE181: =_xlfn.XLOOKUP($L181,'Arabica Dbse'!$W:$W,'Arabica Dbse'!AG:AG,NA()) -> 4502.4857 | AF181: =_xlfn.XLOOKUP($L181,'Arabica Dbse'!$W:$W,'Arabica Dbse'!AH:AH,NA()) -> 4569.7037 | AG181: =_xlfn.XLOOKUP($L181,'Arabica Dbse'!$W:$W,'Arabica Dbse'!AI:AI,NA()) -> 4905.7937
A182: =_xlfn.XLOOKUP(B182,'Arabica Dbse'!R:R,'Arabica Dbse'!U:U) -> 2726 | B182: 45085 | C182: 430 | D182: 280 | E182: 280 | F182: 270 | G182: 250 | H182: 250 | I182: 350 | J182: 550 | K182: 280 | L182: =B182 -> 45085 | M182: =IF(C182=0,NA(),$A182+C182) -> 3156 | N182: =IF(D182=0,NA(),$A182+D182) -> 3006 | O182: =IF(E182=0,NA(),$A182+E182) -> 3006 | P182: =IF(F182=0,NA(),$A182+F182) -> 2996 | Q182: =IF(G182=0,NA(),$A182+G182) -> 2976 | R182: =IF(H182=0,NA(),$A182+H182) -> 2976 | S182: =IF(I182=0,NA(),$A182+I182) -> 3076 | T182: =IF(J182=0,NA(),$A182+J182) -> 3276 | U182: =IF(K182=0,NA(),$A182+K182) -> 3006 | V182: =_xlfn.XLOOKUP($L182,'Arabica Dbse'!$W:$W,'Arabica Dbse'!X:X,NA()) -> 4085.7341 | W182: =_xlfn.XLOOKUP($L182,'Arabica Dbse'!$W:$W,'Arabica Dbse'!Y:Y,NA()) -> 4242.5761 | X182: =_xlfn.XLOOKUP($L182,'Arabica Dbse'!$W:$W,'Arabica Dbse'!Z:Z,NA()) -> 3884.0801 | Y182: =_xlfn.XLOOKUP($L182,'Arabica Dbse'!$W:$W,'Arabica Dbse'!AA:AA,NA()) -> 3951.2981 | Z182: =_xlfn.XLOOKUP($L182,'Arabica Dbse'!$W:$W,'Arabica Dbse'!AB:AB,NA()) -> 3861.6741 | AA182: =_xlfn.XLOOKUP($L182,'Arabica Dbse'!$W:$W,'Arabica Dbse'!AC:AC,NA()) -> 3928.8921 | AB182: =_xlfn.XLOOKUP($L182,'Arabica Dbse'!$W:$W,'Arabica Dbse'!AD:AD,NA()) -> 4309.7941 | AC182: =_xlfn.XLOOKUP($L182,'Arabica Dbse'!$W:$W,'Arabica Dbse'!AE:AE,NA()) -> 4981.9741 | AD182: =_xlfn.XLOOKUP($L182,'Arabica Dbse'!$W:$W,'Arabica Dbse'!AF:AF,NA()) -> 4489.0421 | AE182: =_xlfn.XLOOKUP($L182,'Arabica Dbse'!$W:$W,'Arabica Dbse'!AG:AG,NA()) -> 4668.2901 | AF182: =_xlfn.XLOOKUP($L182,'Arabica Dbse'!$W:$W,'Arabica Dbse'!AH:AH,NA()) -> 4757.9141 | AG182: =_xlfn.XLOOKUP($L182,'Arabica Dbse'!$W:$W,'Arabica Dbse'!AI:AI,NA()) -> 5071.5981
A183: =_xlfn.XLOOKUP(B183,'Arabica Dbse'!R:R,'Arabica Dbse'!U:U) -> 2567 | B183: 45078 | C183: 430 | D183: 200 | E183: 200 | F183: 190 | G183: 250 | H183: 270 | I183: 370 | J183: 550 | K183: 280 | L183: =B183 -> 45078 | M183: =IF(C183=0,NA(),$A183+C183) -> 2997 | N183: =IF(D183=0,NA(),$A183+D183) -> 2767 | O183: =IF(E183=0,NA(),$A183+E183) -> 2767 | P183: =IF(F183=0,NA(),$A183+F183) -> 2757 | Q183: =IF(G183=0,NA(),$A183+G183) -> 2817 | R183: =IF(H183=0,NA(),$A183+H183) -> 2837 | S183: =IF(I183=0,NA(),$A183+I183) -> 2937 | T183: =IF(J183=0,NA(),$A183+J183) -> 3117 | U183: =IF(K183=0,NA(),$A183+K183) -> 2847 | V183: =_xlfn.XLOOKUP($L183,'Arabica Dbse'!$W:$W,'Arabica Dbse'!X:X,NA()) -> 3904.2455 | W183: =_xlfn.XLOOKUP($L183,'Arabica Dbse'!$W:$W,'Arabica Dbse'!Y:Y,NA()) -> 4061.0875 | X183: =_xlfn.XLOOKUP($L183,'Arabica Dbse'!$W:$W,'Arabica Dbse'!Z:Z,NA()) -> 3702.5915 | Y183: =_xlfn.XLOOKUP($L183,'Arabica Dbse'!$W:$W,'Arabica Dbse'!AA:AA,NA()) -> 3769.8095 | Z183: =_xlfn.XLOOKUP($L183,'Arabica Dbse'!$W:$W,'Arabica Dbse'!AB:AB,NA()) -> 3635.3735 | AA183: =_xlfn.XLOOKUP($L183,'Arabica Dbse'!$W:$W,'Arabica Dbse'!AC:AC,NA()) -> 3635.3735 | AB183: =_xlfn.XLOOKUP($L183,'Arabica Dbse'!$W:$W,'Arabica Dbse'!AD:AD,NA()) -> 4083.4935 | AC183: =_xlfn.XLOOKUP($L183,'Arabica Dbse'!$W:$W,'Arabica Dbse'!AE:AE,NA()) -> 4822.8915 | AD183: =_xlfn.XLOOKUP($L183,'Arabica Dbse'!$W:$W,'Arabica Dbse'!AF:AF,NA()) -> 4374.7715 | AE183: =_xlfn.XLOOKUP($L183,'Arabica Dbse'!$W:$W,'Arabica Dbse'!AG:AG,NA()) -> 4441.9895 | AF183: =_xlfn.XLOOKUP($L183,'Arabica Dbse'!$W:$W,'Arabica Dbse'!AH:AH,NA()) -> 4531.6135 | AG183: =_xlfn.XLOOKUP($L183,'Arabica Dbse'!$W:$W,'Arabica Dbse'!AI:AI,NA()) -> 4845.2975
A184: =_xlfn.XLOOKUP(B184,'Arabica Dbse'!R:R,'Arabica Dbse'!U:U) -> 2508 | B184: 45071 | C184: 300 | D184: 100 | E184: 100 | F184: 90 | G184: 150 | H184: 260 | I184: 350 | J184: 550 | K184: 250 | L184: =B184 -> 45071 | M184: =IF(C184=0,NA(),$A184+C184) -> 2808 | N184: =IF(D184=0,NA(),$A184+D184) -> 2608 | O184: =IF(E184=0,NA(),$A184+E184) -> 2608 | P184: =IF(F184=0,NA(),$A184+F184) -> 2598 | Q184: =IF(G184=0,NA(),$A184+G184) -> 2658 | R184: =IF(H184=0,NA(),$A184+H184) -> 2768 | S184: =IF(I184=0,NA(),$A184+I184) -> 2858 | T184: =IF(J184=0,NA(),$A184+J184) -> 3058 | U184: =IF(K184=0,NA(),$A184+K184) -> 2758 | V184: =_xlfn.XLOOKUP($L184,'Arabica Dbse'!$W:$W,'Arabica Dbse'!X:X,NA()) -> 3980.4259 | W184: =_xlfn.XLOOKUP($L184,'Arabica Dbse'!$W:$W,'Arabica Dbse'!Y:Y,NA()) -> 4137.2679 | X184: =_xlfn.XLOOKUP($L184,'Arabica Dbse'!$W:$W,'Arabica Dbse'!Z:Z,NA()) -> 3644.3359 | Y184: =_xlfn.XLOOKUP($L184,'Arabica Dbse'!$W:$W,'Arabica Dbse'!AA:AA,NA()) -> 3711.5539 | Z184: =_xlfn.XLOOKUP($L184,'Arabica Dbse'!$W:$W,'Arabica Dbse'!AB:AB,NA()) -> 3711.5539 | AA184: =_xlfn.XLOOKUP($L184,'Arabica Dbse'!$W:$W,'Arabica Dbse'!AC:AC,NA()) -> 3554.7119 | AB184: =_xlfn.XLOOKUP($L184,'Arabica Dbse'!$W:$W,'Arabica Dbse'!AD:AD,NA()) -> 4092.4559 | AC184: =_xlfn.XLOOKUP($L184,'Arabica Dbse'!$W:$W,'Arabica Dbse'!AE:AE,NA()) -> 4921.4779 | AD184: =_xlfn.XLOOKUP($L184,'Arabica Dbse'!$W:$W,'Arabica Dbse'!AF:AF,NA()) -> 4383.7339 | AE184: =_xlfn.XLOOKUP($L184,'Arabica Dbse'!$W:$W,'Arabica Dbse'!AG:AG,NA()) -> 4450.9519 | AF184: =_xlfn.XLOOKUP($L184,'Arabica Dbse'!$W:$W,'Arabica Dbse'!AH:AH,NA()) -> 4607.7939 | AG184: =_xlfn.XLOOKUP($L184,'Arabica Dbse'!$W:$W,'Arabica Dbse'!AI:AI,NA()) -> 4943.8839
A185: =_xlfn.XLOOKUP(B185,'Arabica Dbse'!R:R,'Arabica Dbse'!U:U) -> 2582 | B185: 45063 | C185: 220 | D185: 70 | E185: 70 | F185: 60 | G185: 130 | H185: 210 | I185: 300 | J185: 550 | K185: 250 | L185: =B185 -> 45063 | M185: =IF(C185=0,NA(),$A185+C185) -> 2802 | N185: =IF(D185=0,NA(),$A185+D185) -> 2652 | O185: =IF(E185=0,NA(),$A185+E185) -> 2652 | P185: =IF(F185=0,NA(),$A185+F185) -> 2642 | Q185: =IF(G185=0,NA(),$A185+G185) -> 2712 | R185: =IF(H185=0,NA(),$A185+H185) -> 2792 | S185: =IF(I185=0,NA(),$A185+I185) -> 2882 | T185: =IF(J185=0,NA(),$A185+J185) -> 3132 | U185: =IF(K185=0,NA(),$A185+K185) -> 2832 | V185: =_xlfn.XLOOKUP($L185,'Arabica Dbse'!$W:$W,'Arabica Dbse'!X:X,NA()) -> 4101.4183 | W185: =_xlfn.XLOOKUP($L185,'Arabica Dbse'!$W:$W,'Arabica Dbse'!Y:Y,NA()) -> 4258.2603 | X185: =_xlfn.XLOOKUP($L185,'Arabica Dbse'!$W:$W,'Arabica Dbse'!Z:Z,NA()) -> 3765.3283 | Y185: =_xlfn.XLOOKUP($L185,'Arabica Dbse'!$W:$W,'Arabica Dbse'!AA:AA,NA()) -> 3832.5463 | Z185: =_xlfn.XLOOKUP($L185,'Arabica Dbse'!$W:$W,'Arabica Dbse'!AB:AB,NA()) -> 3832.5463 | AA185: =_xlfn.XLOOKUP($L185,'Arabica Dbse'!$W:$W,'Arabica Dbse'!AC:AC,NA()) -> 3675.7043 | AB185: =_xlfn.XLOOKUP($L185,'Arabica Dbse'!$W:$W,'Arabica Dbse'!AD:AD,NA()) -> 4213.4483 | AC185: =_xlfn.XLOOKUP($L185,'Arabica Dbse'!$W:$W,'Arabica Dbse'!AE:AE,NA()) -> 5087.2823 | AD185: =_xlfn.XLOOKUP($L185,'Arabica Dbse'!$W:$W,'Arabica Dbse'!AF:AF,NA()) -> 4527.1323 | AE185: =_xlfn.XLOOKUP($L185,'Arabica Dbse'!$W:$W,'Arabica Dbse'!AG:AG,NA()) -> 4571.9443 | AF185: =_xlfn.XLOOKUP($L185,'Arabica Dbse'!$W:$W,'Arabica Dbse'!AH:AH,NA()) -> 4728.7863 | AG185: =_xlfn.XLOOKUP($L185,'Arabica Dbse'!$W:$W,'Arabica Dbse'!AI:AI,NA()) -> 5288.9363
A186: =_xlfn.XLOOKUP(B186,'Arabica Dbse'!R:R,'Arabica Dbse'!U:U) -> 2481 | B186: 45056 | C186: 220 | D186: 80 | E186: 80 | F186: 70 | G186: 160 | H186: 230 | I186: 320 | J186: 550 | K186: 250 | L186: =B186 -> 45056 | M186: =IF(C186=0,NA(),$A186+C186) -> 2701 | N186: =IF(D186=0,NA(),$A186+D186) -> 2561 | O186: =IF(E186=0,NA(),$A186+E186) -> 2561 | P186: =IF(F186=0,NA(),$A186+F186) -> 2551 | Q186: =IF(G186=0,NA(),$A186+G186) -> 2641 | R186: =IF(H186=0,NA(),$A186+H186) -> 2711 | S186: =IF(I186=0,NA(),$A186+I186) -> 2801 | T186: =IF(J186=0,NA(),$A186+J186) -> 3031 | U186: =IF(K186=0,NA(),$A186+K186) -> 2731 | V186: =_xlfn.XLOOKUP($L186,'Arabica Dbse'!$W:$W,'Arabica Dbse'!X:X,NA()) -> 4099.1777 | W186: =_xlfn.XLOOKUP($L186,'Arabica Dbse'!$W:$W,'Arabica Dbse'!Y:Y,NA()) -> 4233.6137 | X186: =_xlfn.XLOOKUP($L186,'Arabica Dbse'!$W:$W,'Arabica Dbse'!Z:Z,NA()) -> 3718.2757 | Y186: =_xlfn.XLOOKUP($L186,'Arabica Dbse'!$W:$W,'Arabica Dbse'!AA:AA,NA()) -> 3785.4937 | Z186: =_xlfn.XLOOKUP($L186,'Arabica Dbse'!$W:$W,'Arabica Dbse'!AB:AB,NA()) -> 3830.3057 | AA186: =_xlfn.XLOOKUP($L186,'Arabica Dbse'!$W:$W,'Arabica Dbse'!AC:AC,NA()) -> 3673.4637 | AB186: =_xlfn.XLOOKUP($L186,'Arabica Dbse'!$W:$W,'Arabica Dbse'!AD:AD,NA()) -> 4121.5837 | AC186: =_xlfn.XLOOKUP($L186,'Arabica Dbse'!$W:$W,'Arabica Dbse'!AE:AE,NA()) -> 5085.0417 | AD186: =_xlfn.XLOOKUP($L186,'Arabica Dbse'!$W:$W,'Arabica Dbse'!AF:AF,NA()) -> 4524.8917 | AE186: =_xlfn.XLOOKUP($L186,'Arabica Dbse'!$W:$W,'Arabica Dbse'!AG:AG,NA()) -> 4569.7037 | AF186: =_xlfn.XLOOKUP($L186,'Arabica Dbse'!$W:$W,'Arabica Dbse'!AH:AH,NA()) -> 4793.7637 | AG186: =_xlfn.XLOOKUP($L186,'Arabica Dbse'!$W:$W,'Arabica Dbse'!AI:AI,NA()) -> 5331.5077
A187: =_xlfn.XLOOKUP(B187,'Arabica Dbse'!R:R,'Arabica Dbse'!U:U) -> 2412 | B187: 45050 | C187: 210 | D187: 60 | E187: 60 | F187: 50 | G187: 150 | H187: 230 | I187: 320 | J187: 550 | L187: =B187 -> 45050 | M187: =IF(C187=0,NA(),$A187+C187) -> 2622 | N187: =IF(D187=0,NA(),$A187+D187) -> 2472 | O187: =IF(E187=0,NA(),$A187+E187) -> 2472 | P187: =IF(F187=0,NA(),$A187+F187) -> 2462 | Q187: =IF(G187=0,NA(),$A187+G187) -> 2562 | R187: =IF(H187=0,NA(),$A187+H187) -> 2642 | S187: =IF(I187=0,NA(),$A187+I187) -> 2732 | T187: =IF(J187=0,NA(),$A187+J187) -> 2962 | U187: =IF(K187=0,NA(),$A187+K187) -> #N/A | V187: =_xlfn.XLOOKUP($L187,'Arabica Dbse'!$W:$W,'Arabica Dbse'!X:X,NA()) -> 4121.5837 | W187: =_xlfn.XLOOKUP($L187,'Arabica Dbse'!$W:$W,'Arabica Dbse'!Y:Y,NA()) -> 4233.6137 | X187: =_xlfn.XLOOKUP($L187,'Arabica Dbse'!$W:$W,'Arabica Dbse'!Z:Z,NA()) -> 3718.2757 | Y187: =_xlfn.XLOOKUP($L187,'Arabica Dbse'!$W:$W,'Arabica Dbse'!AA:AA,NA()) -> 3785.4937 | Z187: =_xlfn.XLOOKUP($L187,'Arabica Dbse'!$W:$W,'Arabica Dbse'!AB:AB,NA()) -> 3763.0877 | AA187: =_xlfn.XLOOKUP($L187,'Arabica Dbse'!$W:$W,'Arabica Dbse'!AC:AC,NA()) -> 3651.0577 | AB187: =_xlfn.XLOOKUP($L187,'Arabica Dbse'!$W:$W,'Arabica Dbse'!AD:AD,NA()) -> 4054.3657 | AC187: =_xlfn.XLOOKUP($L187,'Arabica Dbse'!$W:$W,'Arabica Dbse'!AE:AE,NA()) -> 4995.4177 | AD187: =_xlfn.XLOOKUP($L187,'Arabica Dbse'!$W:$W,'Arabica Dbse'!AF:AF,NA()) -> 4457.6737 | AE187: =_xlfn.XLOOKUP($L187,'Arabica Dbse'!$W:$W,'Arabica Dbse'!AG:AG,NA()) -> 4547.2977 | AF187: =_xlfn.XLOOKUP($L187,'Arabica Dbse'!$W:$W,'Arabica Dbse'!AH:AH,NA()) -> 4771.3577 | AG187: =_xlfn.XLOOKUP($L187,'Arabica Dbse'!$W:$W,'Arabica Dbse'!AI:AI,NA()) -> 5219.4777
A188: =_xlfn.XLOOKUP(B188,'Arabica Dbse'!R:R,'Arabica Dbse'!U:U) -> 2405 | B188: 45043 | C188: 210 | D188: 60 | E188: 60 | F188: 50 | G188: 180 | H188: 250 | I188: 320 | J188: 500 | L188: =B188 -> 45043 | M188: =IF(C188=0,NA(),$A188+C188) -> 2615 | N188: =IF(D188=0,NA(),$A188+D188) -> 2465 | O188: =IF(E188=0,NA(),$A188+E188) -> 2465 | P188: =IF(F188=0,NA(),$A188+F188) -> 2455 | Q188: =IF(G188=0,NA(),$A188+G188) -> 2585 | R188: =IF(H188=0,NA(),$A188+H188) -> 2655 | S188: =IF(I188=0,NA(),$A188+I188) -> 2725 | T188: =IF(J188=0,NA(),$A188+J188) -> 2905 | U188: =IF(K188=0,NA(),$A188+K188) -> #N/A | V188: =_xlfn.XLOOKUP($L188,'Arabica Dbse'!$W:$W,'Arabica Dbse'!X:X,NA()) -> 4239.2152 | W188: =_xlfn.XLOOKUP($L188,'Arabica Dbse'!$W:$W,'Arabica Dbse'!Y:Y,NA()) -> 4373.6512 | X188: =_xlfn.XLOOKUP($L188,'Arabica Dbse'!$W:$W,'Arabica Dbse'!Z:Z,NA()) -> 3880.7192 | Y188: =_xlfn.XLOOKUP($L188,'Arabica Dbse'!$W:$W,'Arabica Dbse'!AA:AA,NA()) -> 3947.9372 | Z188: =_xlfn.XLOOKUP($L188,'Arabica Dbse'!$W:$W,'Arabica Dbse'!AB:AB,NA()) -> 3903.1252 | AA188: =_xlfn.XLOOKUP($L188,'Arabica Dbse'!$W:$W,'Arabica Dbse'!AC:AC,NA()) -> 3768.6892 | AB188: =_xlfn.XLOOKUP($L188,'Arabica Dbse'!$W:$W,'Arabica Dbse'!AD:AD,NA()) -> 4171.9972 | AC188: =_xlfn.XLOOKUP($L188,'Arabica Dbse'!$W:$W,'Arabica Dbse'!AE:AE,NA()) -> 5157.8612 | AD188: =_xlfn.XLOOKUP($L188,'Arabica Dbse'!$W:$W,'Arabica Dbse'!AF:AF,NA()) -> 4620.1172 | AE188: =_xlfn.XLOOKUP($L188,'Arabica Dbse'!$W:$W,'Arabica Dbse'!AG:AG,NA()) -> 4664.9292 | AF188: =_xlfn.XLOOKUP($L188,'Arabica Dbse'!$W:$W,'Arabica Dbse'!AH:AH,NA()) -> 4933.8012 | AG188: =_xlfn.XLOOKUP($L188,'Arabica Dbse'!$W:$W,'Arabica Dbse'!AI:AI,NA()) -> 5561.1692
A189: =_xlfn.XLOOKUP(B189,'Arabica Dbse'!R:R,'Arabica Dbse'!U:U) -> 2374 | B189: 45036 | C189: 190 | D189: 60 | E189: 60 | F189: 50 | G189: 220 | H189: 260 | I189: 350 | J189: 500 | L189: =B189 -> 45036 | M189: =IF(C189=0,NA(),$A189+C189) -> 2564 | N189: =IF(D189=0,NA(),$A189+D189) -> 2434 | O189: =IF(E189=0,NA(),$A189+E189) -> 2434 | P189: =IF(F189=0,NA(),$A189+F189) -> 2424 | Q189: =IF(G189=0,NA(),$A189+G189) -> 2594 | R189: =IF(H189=0,NA(),$A189+H189) -> 2634 | S189: =IF(I189=0,NA(),$A189+I189) -> 2724 | T189: =IF(J189=0,NA(),$A189+J189) -> 2874 | U189: =IF(K189=0,NA(),$A189+K189) -> #N/A | V189: =_xlfn.XLOOKUP($L189,'Arabica Dbse'!$W:$W,'Arabica Dbse'!X:X,NA()) -> 4366.9294 | W189: =_xlfn.XLOOKUP($L189,'Arabica Dbse'!$W:$W,'Arabica Dbse'!Y:Y,NA()) -> 4501.3654 | X189: =_xlfn.XLOOKUP($L189,'Arabica Dbse'!$W:$W,'Arabica Dbse'!Z:Z,NA()) -> 4053.2454 | Y189: =_xlfn.XLOOKUP($L189,'Arabica Dbse'!$W:$W,'Arabica Dbse'!AA:AA,NA()) -> 4120.4634 | Z189: =_xlfn.XLOOKUP($L189,'Arabica Dbse'!$W:$W,'Arabica Dbse'!AB:AB,NA()) -> 4030.8394 | AA189: =_xlfn.XLOOKUP($L189,'Arabica Dbse'!$W:$W,'Arabica Dbse'!AC:AC,NA()) -> 3896.4034 | AB189: =_xlfn.XLOOKUP($L189,'Arabica Dbse'!$W:$W,'Arabica Dbse'!AD:AD,NA()) -> 4299.7114 | AC189: =_xlfn.XLOOKUP($L189,'Arabica Dbse'!$W:$W,'Arabica Dbse'!AE:AE,NA()) -> 5352.7934 | AD189: =_xlfn.XLOOKUP($L189,'Arabica Dbse'!$W:$W,'Arabica Dbse'!AF:AF,NA()) -> 4792.6434 | AE189: =_xlfn.XLOOKUP($L189,'Arabica Dbse'!$W:$W,'Arabica Dbse'!AG:AG,NA()) -> 4792.6434 | AF189: =_xlfn.XLOOKUP($L189,'Arabica Dbse'!$W:$W,'Arabica Dbse'!AH:AH,NA()) -> 5128.7334 | AG189: =_xlfn.XLOOKUP($L189,'Arabica Dbse'!$W:$W,'Arabica Dbse'!AI:AI,NA()) -> 5912.9434
A190: =_xlfn.XLOOKUP(B190,'Arabica Dbse'!R:R,'Arabica Dbse'!U:U) -> 2382 | B190: 45029 | C190: 190 | D190: 60 | E190: 60 | F190: 50 | G190: 220 | H190: 260 | I190: 380 | J190: 500 | L190: =B190 -> 45029 | M190: =IF(C190=0,NA(),$A190+C190) -> 2572 | N190: =IF(D190=0,NA(),$A190+D190) -> 2442 | O190: =IF(E190=0,NA(),$A190+E190) -> 2442 | P190: =IF(F190=0,NA(),$A190+F190) -> 2432 | Q190: =IF(G190=0,NA(),$A190+G190) -> 2602 | R190: =IF(H190=0,NA(),$A190+H190) -> 2642 | S190: =IF(I190=0,NA(),$A190+I190) -> 2762 | T190: =IF(J190=0,NA(),$A190+J190) -> 2882 | U190: =IF(K190=0,NA(),$A190+K190) -> #N/A | V190: =_xlfn.XLOOKUP($L190,'Arabica Dbse'!$W:$W,'Arabica Dbse'!X:X,NA()) -> 4400.5384 | W190: =_xlfn.XLOOKUP($L190,'Arabica Dbse'!$W:$W,'Arabica Dbse'!Y:Y,NA()) -> 4534.9744 | X190: =_xlfn.XLOOKUP($L190,'Arabica Dbse'!$W:$W,'Arabica Dbse'!Z:Z,NA()) -> 4064.4484 | Y190: =_xlfn.XLOOKUP($L190,'Arabica Dbse'!$W:$W,'Arabica Dbse'!AA:AA,NA()) -> 4131.6664 | Z190: =_xlfn.XLOOKUP($L190,'Arabica Dbse'!$W:$W,'Arabica Dbse'!AB:AB,NA()) -> 4042.0424 | AA190: =_xlfn.XLOOKUP($L190,'Arabica Dbse'!$W:$W,'Arabica Dbse'!AC:AC,NA()) -> 3907.6064 | AB190: =_xlfn.XLOOKUP($L190,'Arabica Dbse'!$W:$W,'Arabica Dbse'!AD:AD,NA()) -> 4310.9144 | AC190: =_xlfn.XLOOKUP($L190,'Arabica Dbse'!$W:$W,'Arabica Dbse'!AE:AE,NA()) -> 5363.9964 | AD190: =_xlfn.XLOOKUP($L190,'Arabica Dbse'!$W:$W,'Arabica Dbse'!AF:AF,NA()) -> 4803.8464 | AE190: =_xlfn.XLOOKUP($L190,'Arabica Dbse'!$W:$W,'Arabica Dbse'!AG:AG,NA()) -> 4803.8464 | AF190: =_xlfn.XLOOKUP($L190,'Arabica Dbse'!$W:$W,'Arabica Dbse'!AH:AH,NA()) -> 5139.9364 | AG190: =_xlfn.XLOOKUP($L190,'Arabica Dbse'!$W:$W,'Arabica Dbse'!AI:AI,NA()) -> 5879.3344
A191: =_xlfn.XLOOKUP(B191,'Arabica Dbse'!R:R,'Arabica Dbse'!U:U) -> 2256 | B191: 45022 | C191: 180 | D191: 60 | E191: 60 | F191: 50 | G191: 150 | H191: 260 | I191: 380 | J191: 500 | L191: =B191 -> 45022 | M191: =IF(C191=0,NA(),$A191+C191) -> 2436 | N191: =IF(D191=0,NA(),$A191+D191) -> 2316 | O191: =IF(E191=0,NA(),$A191+E191) -> 2316 | P191: =IF(F191=0,NA(),$A191+F191) -> 2306 | Q191: =IF(G191=0,NA(),$A191+G191) -> 2406 | R191: =IF(H191=0,NA(),$A191+H191) -> 2516 | S191: =IF(I191=0,NA(),$A191+I191) -> 2636 | T191: =IF(J191=0,NA(),$A191+J191) -> 2756 | U191: =IF(K191=0,NA(),$A191+K191) -> #N/A | V191: =_xlfn.XLOOKUP($L191,'Arabica Dbse'!$W:$W,'Arabica Dbse'!X:X,NA()) -> 4115.9822 | W191: =_xlfn.XLOOKUP($L191,'Arabica Dbse'!$W:$W,'Arabica Dbse'!Y:Y,NA()) -> 4228.0122 | X191: =_xlfn.XLOOKUP($L191,'Arabica Dbse'!$W:$W,'Arabica Dbse'!Z:Z,NA()) -> 3779.8922 | Y191: =_xlfn.XLOOKUP($L191,'Arabica Dbse'!$W:$W,'Arabica Dbse'!AA:AA,NA()) -> 3847.1102 | Z191: =_xlfn.XLOOKUP($L191,'Arabica Dbse'!$W:$W,'Arabica Dbse'!AB:AB,NA()) -> 3735.0802 | AA191: =_xlfn.XLOOKUP($L191,'Arabica Dbse'!$W:$W,'Arabica Dbse'!AC:AC,NA()) -> 3623.0502 | AB191: =_xlfn.XLOOKUP($L191,'Arabica Dbse'!$W:$W,'Arabica Dbse'!AD:AD,NA()) -> 3959.1402 | AC191: =_xlfn.XLOOKUP($L191,'Arabica Dbse'!$W:$W,'Arabica Dbse'!AE:AE,NA()) -> 5146.6582 | AD191: =_xlfn.XLOOKUP($L191,'Arabica Dbse'!$W:$W,'Arabica Dbse'!AF:AF,NA()) -> 4519.2902 | AE191: =_xlfn.XLOOKUP($L191,'Arabica Dbse'!$W:$W,'Arabica Dbse'!AG:AG,NA()) -> 4519.2902 | AF191: =_xlfn.XLOOKUP($L191,'Arabica Dbse'!$W:$W,'Arabica Dbse'!AH:AH,NA()) -> 4922.5982 | AG191: =_xlfn.XLOOKUP($L191,'Arabica Dbse'!$W:$W,'Arabica Dbse'!AI:AI,NA()) -> 5639.5902
A192: =_xlfn.XLOOKUP(B192,'Arabica Dbse'!R:R,'Arabica Dbse'!U:U) -> 2171 | B192: 45015 | C192: 200 | D192: 60 | E192: 60 | F192: 50 | G192: 120 | H192: 260 | I192: 420 | J192: 520 | L192: =B192 -> 45015 | M192: =IF(C192=0,NA(),$A192+C192) -> 2371 | N192: =IF(D192=0,NA(),$A192+D192) -> 2231 | O192: =IF(E192=0,NA(),$A192+E192) -> 2231 | P192: =IF(F192=0,NA(),$A192+F192) -> 2221 | Q192: =IF(G192=0,NA(),$A192+G192) -> 2291 | R192: =IF(H192=0,NA(),$A192+H192) -> 2431 | S192: =IF(I192=0,NA(),$A192+I192) -> 2591 | T192: =IF(J192=0,NA(),$A192+J192) -> 2691 | U192: =IF(K192=0,NA(),$A192+K192) -> #N/A | V192: =_xlfn.XLOOKUP($L192,'Arabica Dbse'!$W:$W,'Arabica Dbse'!X:X,NA()) -> 3876.238 | W192: =_xlfn.XLOOKUP($L192,'Arabica Dbse'!$W:$W,'Arabica Dbse'!Y:Y,NA()) -> 3988.268 | X192: =_xlfn.XLOOKUP($L192,'Arabica Dbse'!$W:$W,'Arabica Dbse'!Z:Z,NA()) -> 3495.336 | Y192: =_xlfn.XLOOKUP($L192,'Arabica Dbse'!$W:$W,'Arabica Dbse'!AA:AA,NA()) -> 3562.554 | Z192: =_xlfn.XLOOKUP($L192,'Arabica Dbse'!$W:$W,'Arabica Dbse'!AB:AB,NA()) -> 3517.742 | AA192: =_xlfn.XLOOKUP($L192,'Arabica Dbse'!$W:$W,'Arabica Dbse'!AC:AC,NA()) -> 3383.306 | AB192: =_xlfn.XLOOKUP($L192,'Arabica Dbse'!$W:$W,'Arabica Dbse'!AD:AD,NA()) -> 3741.802 | AC192: =_xlfn.XLOOKUP($L192,'Arabica Dbse'!$W:$W,'Arabica Dbse'!AE:AE,NA()) -> 4772.478 | AD192: =_xlfn.XLOOKUP($L192,'Arabica Dbse'!$W:$W,'Arabica Dbse'!AF:AF,NA()) -> 4234.734 | AE192: =_xlfn.XLOOKUP($L192,'Arabica Dbse'!$W:$W,'Arabica Dbse'!AG:AG,NA()) -> 4301.952 | AF192: =_xlfn.XLOOKUP($L192,'Arabica Dbse'!$W:$W,'Arabica Dbse'!AH:AH,NA()) -> 4638.042 | AG192: =_xlfn.XLOOKUP($L192,'Arabica Dbse'!$W:$W,'Arabica Dbse'!AI:AI,NA()) -> 5243.004
A193: =_xlfn.XLOOKUP(B193,'Arabica Dbse'!R:R,'Arabica Dbse'!U:U) -> 2124 | B193: 45008 | C193: 180 | D193: 60 | E193: 60 | F193: 50 | G193: 80 | H193: 270 | I193: 450 | J193: 500 | L193: =B193 -> 45008 | M193: =IF(C193=0,NA(),$A193+C193) -> 2304 | N193: =IF(D193=0,NA(),$A193+D193) -> 2184 | O193: =IF(E193=0,NA(),$A193+E193) -> 2184 | P193: =IF(F193=0,NA(),$A193+F193) -> 2174 | Q193: =IF(G193=0,NA(),$A193+G193) -> 2204 | R193: =IF(H193=0,NA(),$A193+H193) -> 2394 | S193: =IF(I193=0,NA(),$A193+I193) -> 2574 | T193: =IF(J193=0,NA(),$A193+J193) -> 2624 | U193: =IF(K193=0,NA(),$A193+K193) -> #N/A | V193: =_xlfn.XLOOKUP($L193,'Arabica Dbse'!$W:$W,'Arabica Dbse'!X:X,NA()) -> 3953.5387 | W193: =_xlfn.XLOOKUP($L193,'Arabica Dbse'!$W:$W,'Arabica Dbse'!Y:Y,NA()) -> 4065.5687 | X193: =_xlfn.XLOOKUP($L193,'Arabica Dbse'!$W:$W,'Arabica Dbse'!Z:Z,NA()) -> 3572.6367 | Y193: =_xlfn.XLOOKUP($L193,'Arabica Dbse'!$W:$W,'Arabica Dbse'!AA:AA,NA()) -> 3662.2607 | Z193: =_xlfn.XLOOKUP($L193,'Arabica Dbse'!$W:$W,'Arabica Dbse'!AB:AB,NA()) -> 3662.2607 | AA193: =_xlfn.XLOOKUP($L193,'Arabica Dbse'!$W:$W,'Arabica Dbse'!AC:AC,NA()) -> 3483.0127 | AB193: =_xlfn.XLOOKUP($L193,'Arabica Dbse'!$W:$W,'Arabica Dbse'!AD:AD,NA()) -> 3841.5087 | AC193: =_xlfn.XLOOKUP($L193,'Arabica Dbse'!$W:$W,'Arabica Dbse'!AE:AE,NA()) -> 4894.5907 | AD193: =_xlfn.XLOOKUP($L193,'Arabica Dbse'!$W:$W,'Arabica Dbse'!AF:AF,NA()) -> 4379.2527 | AE193: =_xlfn.XLOOKUP($L193,'Arabica Dbse'!$W:$W,'Arabica Dbse'!AG:AG,NA()) -> 4401.6587 | AF193: =_xlfn.XLOOKUP($L193,'Arabica Dbse'!$W:$W,'Arabica Dbse'!AH:AH,NA()) -> 4782.5607 | AG193: =_xlfn.XLOOKUP($L193,'Arabica Dbse'!$W:$W,'Arabica Dbse'!AI:AI,NA()) -> 5521.9587
A194: =_xlfn.XLOOKUP(B194,'Arabica Dbse'!R:R,'Arabica Dbse'!U:U) -> 2104 | B194: 45001 | C194: 160 | D194: 30 | E194: 30 | F194: 20 | G194: 80 | H194: 270 | I194: 450 | J194: 500 | L194: =B194 -> 45001 | M194: =IF(C194=0,NA(),$A194+C194) -> 2264 | N194: =IF(D194=0,NA(),$A194+D194) -> 2134 | O194: =IF(E194=0,NA(),$A194+E194) -> 2134 | P194: =IF(F194=0,NA(),$A194+F194) -> 2124 | Q194: =IF(G194=0,NA(),$A194+G194) -> 2184 | R194: =IF(H194=0,NA(),$A194+H194) -> 2374 | S194: =IF(I194=0,NA(),$A194+I194) -> 2554 | T194: =IF(J194=0,NA(),$A194+J194) -> 2604 | U194: =IF(K194=0,NA(),$A194+K194) -> #N/A | V194: =_xlfn.XLOOKUP($L194,'Arabica Dbse'!$W:$W,'Arabica Dbse'!X:X,NA()) -> 4101.4183 | W194: =_xlfn.XLOOKUP($L194,'Arabica Dbse'!$W:$W,'Arabica Dbse'!Y:Y,NA()) -> 4213.4483 | X194: =_xlfn.XLOOKUP($L194,'Arabica Dbse'!$W:$W,'Arabica Dbse'!Z:Z,NA()) -> 3720.5163 | Y194: =_xlfn.XLOOKUP($L194,'Arabica Dbse'!$W:$W,'Arabica Dbse'!AA:AA,NA()) -> 3810.1403 | Z194: =_xlfn.XLOOKUP($L194,'Arabica Dbse'!$W:$W,'Arabica Dbse'!AB:AB,NA()) -> 3810.1403 | AA194: =_xlfn.XLOOKUP($L194,'Arabica Dbse'!$W:$W,'Arabica Dbse'!AC:AC,NA()) -> 3586.0803 | AB194: =_xlfn.XLOOKUP($L194,'Arabica Dbse'!$W:$W,'Arabica Dbse'!AD:AD,NA()) -> 3989.3883 | AC194: =_xlfn.XLOOKUP($L194,'Arabica Dbse'!$W:$W,'Arabica Dbse'!AE:AE,NA()) -> 5042.4703 | AD194: =_xlfn.XLOOKUP($L194,'Arabica Dbse'!$W:$W,'Arabica Dbse'!AF:AF,NA()) -> 4571.9443 | AE194: =_xlfn.XLOOKUP($L194,'Arabica Dbse'!$W:$W,'Arabica Dbse'!AG:AG,NA()) -> 4549.5383 | AF194: =_xlfn.XLOOKUP($L194,'Arabica Dbse'!$W:$W,'Arabica Dbse'!AH:AH,NA()) -> 4930.4403 | AG194: =_xlfn.XLOOKUP($L194,'Arabica Dbse'!$W:$W,'Arabica Dbse'!AI:AI,NA()) -> 5714.6503
A195: =_xlfn.XLOOKUP(B195,'Arabica Dbse'!R:R,'Arabica Dbse'!U:U) -> 2168 | B195: 44994 | C195: 160 | D195: 30 | E195: 30 | F195: 20 | G195: 100 | H195: 270 | I195: 450 | J195: 500 | L195: =B195 -> 44994 | M195: =IF(C195=0,NA(),$A195+C195) -> 2328 | N195: =IF(D195=0,NA(),$A195+D195) -> 2198 | O195: =IF(E195=0,NA(),$A195+E195) -> 2198 | P195: =IF(F195=0,NA(),$A195+F195) -> 2188 | Q195: =IF(G195=0,NA(),$A195+G195) -> 2268 | R195: =IF(H195=0,NA(),$A195+H195) -> 2438 | S195: =IF(I195=0,NA(),$A195+I195) -> 2618 | T195: =IF(J195=0,NA(),$A195+J195) -> 2668 | U195: =IF(K195=0,NA(),$A195+K195) -> #N/A | V195: =_xlfn.XLOOKUP($L195,'Arabica Dbse'!$W:$W,'Arabica Dbse'!X:X,NA()) -> 4034.2003 | W195: =_xlfn.XLOOKUP($L195,'Arabica Dbse'!$W:$W,'Arabica Dbse'!Y:Y,NA()) -> 4034.2003 | X195: =_xlfn.XLOOKUP($L195,'Arabica Dbse'!$W:$W,'Arabica Dbse'!Z:Z,NA()) -> 3608.4863 | Y195: =_xlfn.XLOOKUP($L195,'Arabica Dbse'!$W:$W,'Arabica Dbse'!AA:AA,NA()) -> 3698.1103 | Z195: =_xlfn.XLOOKUP($L195,'Arabica Dbse'!$W:$W,'Arabica Dbse'!AB:AB,NA()) -> 3698.1103 | AA195: =_xlfn.XLOOKUP($L195,'Arabica Dbse'!$W:$W,'Arabica Dbse'!AC:AC,NA()) -> 3474.0503 | AB195: =_xlfn.XLOOKUP($L195,'Arabica Dbse'!$W:$W,'Arabica Dbse'!AD:AD,NA()) -> 3877.3583 | AC195: =_xlfn.XLOOKUP($L195,'Arabica Dbse'!$W:$W,'Arabica Dbse'!AE:AE,NA()) -> 4930.4403 | AD195: =_xlfn.XLOOKUP($L195,'Arabica Dbse'!$W:$W,'Arabica Dbse'!AF:AF,NA()) -> 4459.9143 | AE195: =_xlfn.XLOOKUP($L195,'Arabica Dbse'!$W:$W,'Arabica Dbse'!AG:AG,NA()) -> 4437.5083 | AF195: =_xlfn.XLOOKUP($L195,'Arabica Dbse'!$W:$W,'Arabica Dbse'!AH:AH,NA()) -> 4796.0043 | AG195: =_xlfn.XLOOKUP($L195,'Arabica Dbse'!$W:$W,'Arabica Dbse'!AI:AI,NA()) -> 5557.8083
A196: =_xlfn.XLOOKUP(B196,'Arabica Dbse'!R:R,'Arabica Dbse'!U:U) -> 2180 | B196: 44987 | C196: 150 | D196: 20 | E196: 20 | F196: 10 | G196: 120 | H196: 270 | I196: 450 | J196: 500 | L196: =B196 -> 44987 | M196: =IF(C196=0,NA(),$A196+C196) -> 2330 | N196: =IF(D196=0,NA(),$A196+D196) -> 2200 | O196: =IF(E196=0,NA(),$A196+E196) -> 2200 | P196: =IF(F196=0,NA(),$A196+F196) -> 2190 | Q196: =IF(G196=0,NA(),$A196+G196) -> 2300 | R196: =IF(H196=0,NA(),$A196+H196) -> 2450 | S196: =IF(I196=0,NA(),$A196+I196) -> 2630 | T196: =IF(J196=0,NA(),$A196+J196) -> 2680 | U196: =IF(K196=0,NA(),$A196+K196) -> #N/A | V196: =_xlfn.XLOOKUP($L196,'Arabica Dbse'!$W:$W,'Arabica Dbse'!X:X,NA()) -> 4194.4032 | W196: =_xlfn.XLOOKUP($L196,'Arabica Dbse'!$W:$W,'Arabica Dbse'!Y:Y,NA()) -> 4351.2452 | X196: =_xlfn.XLOOKUP($L196,'Arabica Dbse'!$W:$W,'Arabica Dbse'!Z:Z,NA()) -> 3903.1252 | Y196: =_xlfn.XLOOKUP($L196,'Arabica Dbse'!$W:$W,'Arabica Dbse'!AA:AA,NA()) -> 3970.3432 | Z196: =_xlfn.XLOOKUP($L196,'Arabica Dbse'!$W:$W,'Arabica Dbse'!AB:AB,NA()) -> 3746.2832 | AA196: =_xlfn.XLOOKUP($L196,'Arabica Dbse'!$W:$W,'Arabica Dbse'!AC:AC,NA()) -> 3634.2532 | AB196: =_xlfn.XLOOKUP($L196,'Arabica Dbse'!$W:$W,'Arabica Dbse'!AD:AD,NA()) -> 4127.1852 | AC196: =_xlfn.XLOOKUP($L196,'Arabica Dbse'!$W:$W,'Arabica Dbse'!AE:AE,NA()) -> 5135.4552 | AD196: =_xlfn.XLOOKUP($L196,'Arabica Dbse'!$W:$W,'Arabica Dbse'!AF:AF,NA()) -> 4620.1172 | AE196: =_xlfn.XLOOKUP($L196,'Arabica Dbse'!$W:$W,'Arabica Dbse'!AG:AG,NA()) -> 4642.5232 | AF196: =_xlfn.XLOOKUP($L196,'Arabica Dbse'!$W:$W,'Arabica Dbse'!AH:AH,NA()) -> 4933.8012 | AG196: =_xlfn.XLOOKUP($L196,'Arabica Dbse'!$W:$W,'Arabica Dbse'!AI:AI,NA()) -> 5762.8232
A197: =_xlfn.XLOOKUP(B197,'Arabica Dbse'!R:R,'Arabica Dbse'!U:U) -> 2161 | B197: 44980 | C197: 150 | D197: -10 | E197: -10 | F197: -20 | G197: 150 | H197: 250 | I197: 360 | J197: 450 | L197: =B197 -> 44980 | M197: =IF(C197=0,NA(),$A197+C197) -> 2311 | N197: =IF(D197=0,NA(),$A197+D197) -> 2151 | O197: =IF(E197=0,NA(),$A197+E197) -> 2151 | P197: =IF(F197=0,NA(),$A197+F197) -> 2141 | Q197: =IF(G197=0,NA(),$A197+G197) -> 2311 | R197: =IF(H197=0,NA(),$A197+H197) -> 2411 | S197: =IF(I197=0,NA(),$A197+I197) -> 2521 | T197: =IF(J197=0,NA(),$A197+J197) -> 2611 | U197: =IF(K197=0,NA(),$A197+K197) -> #N/A | V197: =_xlfn.XLOOKUP($L197,'Arabica Dbse'!$W:$W,'Arabica Dbse'!X:X,NA()) -> 4496.8842 | W197: =_xlfn.XLOOKUP($L197,'Arabica Dbse'!$W:$W,'Arabica Dbse'!Y:Y,NA()) -> 4608.9142 | X197: =_xlfn.XLOOKUP($L197,'Arabica Dbse'!$W:$W,'Arabica Dbse'!Z:Z,NA()) -> 4115.9822 | Y197: =_xlfn.XLOOKUP($L197,'Arabica Dbse'!$W:$W,'Arabica Dbse'!AA:AA,NA()) -> 4183.2002 | Z197: =_xlfn.XLOOKUP($L197,'Arabica Dbse'!$W:$W,'Arabica Dbse'!AB:AB,NA()) -> 3981.5462 | AA197: =_xlfn.XLOOKUP($L197,'Arabica Dbse'!$W:$W,'Arabica Dbse'!AC:AC,NA()) -> 3802.2982 | AB197: =_xlfn.XLOOKUP($L197,'Arabica Dbse'!$W:$W,'Arabica Dbse'!AD:AD,NA()) -> 4295.2302 | AC197: =_xlfn.XLOOKUP($L197,'Arabica Dbse'!$W:$W,'Arabica Dbse'!AE:AE,NA()) -> 5303.5002 | AD197: =_xlfn.XLOOKUP($L197,'Arabica Dbse'!$W:$W,'Arabica Dbse'!AF:AF,NA()) -> 4788.1622 | AE197: =_xlfn.XLOOKUP($L197,'Arabica Dbse'!$W:$W,'Arabica Dbse'!AG:AG,NA()) -> 4810.5682 | AF197: =_xlfn.XLOOKUP($L197,'Arabica Dbse'!$W:$W,'Arabica Dbse'!AH:AH,NA()) -> 5101.8462 | AG197: =_xlfn.XLOOKUP($L197,'Arabica Dbse'!$W:$W,'Arabica Dbse'!AI:AI,NA()) -> 5930.8682
A198: =_xlfn.XLOOKUP(B198,'Arabica Dbse'!R:R,'Arabica Dbse'!U:U) -> 2072 | B198: 44973 | C198: 150 | D198: -10 | E198: -10 | F198: -20 | G198: 230 | H198: 230 | I198: 340 | J198: 390 | L198: =B198 -> 44973 | M198: =IF(C198=0,NA(),$A198+C198) -> 2222 | N198: =IF(D198=0,NA(),$A198+D198) -> 2062 | O198: =IF(E198=0,NA(),$A198+E198) -> 2062 | P198: =IF(F198=0,NA(),$A198+F198) -> 2052 | Q198: =IF(G198=0,NA(),$A198+G198) -> 2302 | R198: =IF(H198=0,NA(),$A198+H198) -> 2302 | S198: =IF(I198=0,NA(),$A198+I198) -> 2412 | T198: =IF(J198=0,NA(),$A198+J198) -> 2462 | U198: =IF(K198=0,NA(),$A198+K198) -> #N/A | V198: =_xlfn.XLOOKUP($L198,'Arabica Dbse'!$W:$W,'Arabica Dbse'!X:X,NA()) -> 4285.1475 | W198: =_xlfn.XLOOKUP($L198,'Arabica Dbse'!$W:$W,'Arabica Dbse'!Y:Y,NA()) -> 4397.1775 | X198: =_xlfn.XLOOKUP($L198,'Arabica Dbse'!$W:$W,'Arabica Dbse'!Z:Z,NA()) -> 3814.6215 | Y198: =_xlfn.XLOOKUP($L198,'Arabica Dbse'!$W:$W,'Arabica Dbse'!AA:AA,NA()) -> #N/A | Z198: =_xlfn.XLOOKUP($L198,'Arabica Dbse'!$W:$W,'Arabica Dbse'!AB:AB,NA()) -> 3769.8095 | AA198: =_xlfn.XLOOKUP($L198,'Arabica Dbse'!$W:$W,'Arabica Dbse'!AC:AC,NA()) -> 3680.1855 | AB198: =_xlfn.XLOOKUP($L198,'Arabica Dbse'!$W:$W,'Arabica Dbse'!AD:AD,NA()) -> 3993.8695 | AC198: =_xlfn.XLOOKUP($L198,'Arabica Dbse'!$W:$W,'Arabica Dbse'!AE:AE,NA()) -> 5248.6055 | AD198: =_xlfn.XLOOKUP($L198,'Arabica Dbse'!$W:$W,'Arabica Dbse'!AF:AF,NA()) -> 4576.4255 | AE198: =_xlfn.XLOOKUP($L198,'Arabica Dbse'!$W:$W,'Arabica Dbse'!AG:AG,NA()) -> 4598.8315 | AF198: =_xlfn.XLOOKUP($L198,'Arabica Dbse'!$W:$W,'Arabica Dbse'!AH:AH,NA()) -> 4890.1095 | AG198: =_xlfn.XLOOKUP($L198,'Arabica Dbse'!$W:$W,'Arabica Dbse'!AI:AI,NA()) -> 5651.9135
... A247: =_xlfn.XLOOKUP(B247,'Arabica Dbse'!R:R,'Arabica Dbse'!U:U) -> 2093 | B247: 44630 | C247: 0 | D247: -150 | E247: -150 | F247: -160 | G247: -70 | H247: 190 | I247: 230 | J247: 160 | L247: =B247 -> 44630 | M247: =IF(C247=0,NA(),$A247+C247) -> #N/A | N247: =IF(D247=0,NA(),$A247+D247) -> 1943 | O247: =IF(E247=0,NA(),$A247+E247) -> 1943 | P247: =IF(F247=0,NA(),$A247+F247) -> 1933 | Q247: =IF(G247=0,NA(),$A247+G247) -> 2023 | R247: =IF(H247=0,NA(),$A247+H247) -> 2283 | S247: =IF(I247=0,NA(),$A247+I247) -> 2323 | T247: =IF(J247=0,NA(),$A247+J247) -> 2253 | U247: =IF(K247=0,NA(),$A247+K247) -> #N/A | V247: =_xlfn.XLOOKUP($L247,'Arabica Dbse'!$W:$W,'Arabica Dbse'!X:X,NA()) -> 4732.1472 | W247: =_xlfn.XLOOKUP($L247,'Arabica Dbse'!$W:$W,'Arabica Dbse'!Y:Y,NA()) -> 4911.3952 | X247: =_xlfn.XLOOKUP($L247,'Arabica Dbse'!$W:$W,'Arabica Dbse'!Z:Z,NA()) -> 4687.3352 | Y247: =_xlfn.XLOOKUP($L247,'Arabica Dbse'!$W:$W,'Arabica Dbse'!AA:AA,NA()) -> 4732.1472 | Z247: =_xlfn.XLOOKUP($L247,'Arabica Dbse'!$W:$W,'Arabica Dbse'!AB:AB,NA()) -> 4440.8692 | AA247: =_xlfn.XLOOKUP($L247,'Arabica Dbse'!$W:$W,'Arabica Dbse'!AC:AC,NA()) -> 4440.8692 | AB247: =_xlfn.XLOOKUP($L247,'Arabica Dbse'!$W:$W,'Arabica Dbse'!AD:AD,NA()) -> 4284.0272 | AC247: =_xlfn.XLOOKUP($L247,'Arabica Dbse'!$W:$W,'Arabica Dbse'!AE:AE,NA()) -> 6412.5972 | AD247: =_xlfn.XLOOKUP($L247,'Arabica Dbse'!$W:$W,'Arabica Dbse'!AF:AF,NA()) -> 5650.7932 | AE247: =_xlfn.XLOOKUP($L247,'Arabica Dbse'!$W:$W,'Arabica Dbse'!AG:AG,NA()) -> 5247.4852 | AF247: =_xlfn.XLOOKUP($L247,'Arabica Dbse'!$W:$W,'Arabica Dbse'!AH:AH,NA()) -> 5628.3872 | AG247: =_xlfn.XLOOKUP($L247,'Arabica Dbse'!$W:$W,'Arabica Dbse'!AI:AI,NA()) -> 6255.7552
A248: =_xlfn.XLOOKUP(B248,'Arabica Dbse'!R:R,'Arabica Dbse'!U:U) -> 2013 | B248: 44623 | C248: -50 | D248: -200 | E248: -200 | F248: -210 | H248: 190 | I248: 230 | J248: 100 | L248: =B248 -> 44623 | M248: =IF(C248=0,NA(),$A248+C248) -> 1963 | N248: =IF(D248=0,NA(),$A248+D248) -> 1813 | O248: =IF(E248=0,NA(),$A248+E248) -> 1813 | P248: =IF(F248=0,NA(),$A248+F248) -> 1803 | Q248: =IF(G248=0,NA(),$A248+G248) -> #N/A | R248: =IF(H248=0,NA(),$A248+H248) -> 2203 | S248: =IF(I248=0,NA(),$A248+I248) -> 2243 | T248: =IF(J248=0,NA(),$A248+J248) -> 2113 | U248: =IF(K248=0,NA(),$A248+K248) -> #N/A | V248: =_xlfn.XLOOKUP($L248,'Arabica Dbse'!$W:$W,'Arabica Dbse'!X:X,NA()) -> 4680.6134 | W248: =_xlfn.XLOOKUP($L248,'Arabica Dbse'!$W:$W,'Arabica Dbse'!Y:Y,NA()) -> 4859.8614 | X248: =_xlfn.XLOOKUP($L248,'Arabica Dbse'!$W:$W,'Arabica Dbse'!Z:Z,NA()) -> 4523.7714 | Y248: =_xlfn.XLOOKUP($L248,'Arabica Dbse'!$W:$W,'Arabica Dbse'!AA:AA,NA()) -> 4590.9894 | Z248: =_xlfn.XLOOKUP($L248,'Arabica Dbse'!$W:$W,'Arabica Dbse'!AB:AB,NA()) -> 4322.1174 | AA248: =_xlfn.XLOOKUP($L248,'Arabica Dbse'!$W:$W,'Arabica Dbse'!AC:AC,NA()) -> 4411.7414 | AB248: =_xlfn.XLOOKUP($L248,'Arabica Dbse'!$W:$W,'Arabica Dbse'!AD:AD,NA()) -> 4142.8694 | AC248: =_xlfn.XLOOKUP($L248,'Arabica Dbse'!$W:$W,'Arabica Dbse'!AE:AE,NA()) -> 6383.4694 | AD248: =_xlfn.XLOOKUP($L248,'Arabica Dbse'!$W:$W,'Arabica Dbse'!AF:AF,NA()) -> 5621.6654 | AE248: =_xlfn.XLOOKUP($L248,'Arabica Dbse'!$W:$W,'Arabica Dbse'!AG:AG,NA()) -> 5173.5454 | AF248: =_xlfn.XLOOKUP($L248,'Arabica Dbse'!$W:$W,'Arabica Dbse'!AH:AH,NA()) -> 5621.6654 | AG248: =_xlfn.XLOOKUP($L248,'Arabica Dbse'!$W:$W,'Arabica Dbse'!AI:AI,NA()) -> 6226.6274
