Workbook

Sheet Sheet1
C5: Month | D5: Year | E5: Mid | F5: Bid | G5: Ask | H5: Today | I5: Contract Date | J5: Time Lag (M) | K5: xlookup | L5: Forward VND | P5: JAN | Q5: 1
A6: LRCc2 | B6: =_xll.TR(A6,"CF_NAME","RTFEED:IDN_RDF") -> Retrieving... | C6: =MID(B6,12,3) -> .. | D6: =Dashboard!B5 -> 2024 | E6: =AVERAGE(F6:G6) -> #DIV/0! | F6: =_xll.TR(A6,"CF_BID","RTFEED:IDN_RDF") -> Retrieving... | G6: =_xll.TR(A6,"CF_ASK","RTFEED:IDN_RDF") -> Retrieving... | H6: =TODAY() -> 46322 | I6: =DATE(D6,_xlfn.XLOOKUP(C6,P:P,Q:Q),15) -> 45306 | J6: =(I6-H6)/30 -> -33.866667 | K6: =_xlfn.XLOOKUP(J6,$L$21:$L$26,$S$21:$S$26) -> 12 | L6: =_xlfn.XLOOKUP(K6,$H$22:$H$26,$I$22:$I$26) -> 25465.8 | P6: FEB | Q6: 2
A7: LRCc3 | B7: =_xll.TR(A7,"CF_NAME","RTFEED:IDN_RDF") -> Retrieving... | C7: =MID(B7,12,3) -> .. | D7: =Dashboard!B6 -> 2024 | E7: =AVERAGE(F7:G7) -> #DIV/0! | F7: =_xll.TR(A7,"CF_BID","RTFEED:IDN_RDF") -> Retrieving... | G7: =_xll.TR(A7,"CF_ASK","RTFEED:IDN_RDF") -> Retrieving... | H7: =TODAY() -> 46322 | I7: =DATE(D7,_xlfn.XLOOKUP(C7,P:P,Q:Q),15) -> 45366 | J7: =(I7-H7)/30 -> -31.866667 | K7: =_xlfn.XLOOKUP(J7,$L$21:$L$26,$S$21:$S$26) -> 12 | L7: =_xlfn.XLOOKUP(K7,$H$22:$H$26,$I$22:$I$26) -> 25465.8 | P7: MAR | Q7: 3
A8: LRCc4 | B8: =_xll.TR(A8,"CF_NAME","RTFEED:IDN_RDF") -> Retrieving... | C8: =MID(B8,12,3) -> .. | D8: =Dashboard!B7 -> 2024 | E8: =AVERAGE(F8:G8) -> #DIV/0! | F8: =_xll.TR(A8,"CF_BID","RTFEED:IDN_RDF") -> Retrieving... | G8: =_xll.TR(A8,"CF_ASK","RTFEED:IDN_RDF") -> Retrieving... | H8: =TODAY() -> 46322 | I8: =DATE(D8,_xlfn.XLOOKUP(C8,P:P,Q:Q),15) -> 45427 | J8: =(I8-H8)/30 -> -29.833333 | K8: =_xlfn.XLOOKUP(J8,$L$21:$L$26,$S$21:$S$26) -> 12 | L8: =_xlfn.XLOOKUP(K8,$H$22:$H$26,$I$22:$I$26) -> 25465.8 | P8: APR | Q8: 4
A9: LRCc5 | B9: =_xll.TR(A9,"CF_NAME","RTFEED:IDN_RDF") -> Retrieving... | C9: =MID(B9,12,3) -> .. | D9: =Dashboard!B8 -> 2024 | E9: =AVERAGE(F9:G9) -> #DIV/0! | F9: =_xll.TR(A9,"CF_BID","RTFEED:IDN_RDF") -> Retrieving... | G9: =_xll.TR(A9,"CF_ASK","RTFEED:IDN_RDF") -> Retrieving... | H9: =TODAY() -> 46322 | I9: =DATE(D9,_xlfn.XLOOKUP(C9,P:P,Q:Q),15) -> 45488 | J9: =(I9-H9)/30 -> -27.8 | K9: =_xlfn.XLOOKUP(J9,$L$21:$L$26,$S$21:$S$26) -> 12 | L9: =_xlfn.XLOOKUP(K9,$H$22:$H$26,$I$22:$I$26) -> 25465.8 | P9: MAY | Q9: 5
A10: LRCc6 | B10: =_xll.TR(A10,"CF_NAME","RTFEED:IDN_RDF") -> Retrieving... | C10: =MID(B10,12,3) -> .. | D10: =Dashboard!B9 -> 2024 | E10: =AVERAGE(F10:G10) -> #DIV/0! | F10: =_xll.TR(A10,"CF_BID","RTFEED:IDN_RDF") -> Retrieving... | G10: =_xll.TR(A10,"CF_ASK","RTFEED:IDN_RDF") -> Retrieving... | H10: =TODAY() -> 46322 | I10: =DATE(D10,_xlfn.XLOOKUP(C10,P:P,Q:Q),15) -> 45550 | J10: =(I10-H10)/30 -> -25.733333 | K10: =_xlfn.XLOOKUP(J10,$L$21:$L$26,$S$21:$S$26) -> 12 | L10: =_xlfn.XLOOKUP(K10,$H$22:$H$26,$I$22:$I$26) -> 25465.8 | P10: JUN | Q10: 6
A11: LRCc7 | B11: =_xll.TR(A11,"CF_NAME","RTFEED:IDN_RDF") -> Retrieving... | C11: =MID(B11,12,3) -> .. | D11: =Dashboard!B10 -> 2025 | E11: =AVERAGE(F11:G11) -> #DIV/0! | F11: =_xll.TR(A11,"CF_BID","RTFEED:IDN_RDF") -> Retrieving... | G11: =_xll.TR(A11,"CF_ASK","RTFEED:IDN_RDF") -> Retrieving... | H11: =TODAY() -> 46322 | I11: =DATE(D11,_xlfn.XLOOKUP(C11,P:P,Q:Q),15) -> 45976 | J11: =(I11-H11)/30 -> -11.533333 | K11: =_xlfn.XLOOKUP(J11,$L$21:$L$26,$S$21:$S$26) -> 12 | L11: =_xlfn.XLOOKUP(K11,$H$22:$H$26,$I$22:$I$26) -> 25465.8 | P11: JUL | Q11: 7
P12: AUG | Q12: 8
P13: SEP | Q13: 9
P14: OCT | Q14: 10
P15: NOV | Q15: 11
P16: DEC | Q16: 12
M20: =H22 -> 1 | N20: =H23 -> 2 | O20: =H24 -> 3 | P20: =H25 -> 6 | Q20: =H26 -> 12
H21: Forward Month | I21: VND | L21: =J6 -> -33.866667 | M21: =ABS(($L21/M$20)-1) -> 34.866667 | N21: =ABS(($L21/N$20)-1) -> 17.933333 | O21: =ABS(($L21/O$20)-1) -> 12.288889 | P21: =ABS(($L21/P$20)-1) -> 6.6444444 | Q21: =ABS(($L21/Q$20)-1) -> 3.8222222 | R21: =MIN(M21:Q21) -> 3.8222222 | S21: =_xlfn.XLOOKUP(R21,M21:Q21,M$20:Q$20) -> 12
H22: 1 | I22: =E31 -> 25867.3 | L22: =J7 -> -31.866667 | M22: =ABS(($L22/M$20)-1) -> 32.866667 | N22: =ABS(($L22/N$20)-1) -> 16.933333 | O22: =ABS(($L22/O$20)-1) -> 11.622222 | P22: =ABS(($L22/P$20)-1) -> 6.3111111 | Q22: =ABS(($L22/Q$20)-1) -> 3.6555556 | R22: =MIN(M22:Q22) -> 3.6555556 | S22: =_xlfn.XLOOKUP(R22,M22:Q22,M$20:Q$20) -> 12
H23: 2 | I23: =E34 -> 25903.4 | L23: =J8 -> -29.833333 | M23: =ABS(($L23/M$20)-1) -> 30.833333 | N23: =ABS(($L23/N$20)-1) -> 15.916667 | O23: =ABS(($L23/O$20)-1) -> 10.944444 | P23: =ABS(($L23/P$20)-1) -> 5.9722222 | Q23: =ABS(($L23/Q$20)-1) -> 3.4861111 | R23: =MIN(M23:Q23) -> 3.4861111 | S23: =_xlfn.XLOOKUP(R23,M23:Q23,M$20:Q$20) -> 12
H24: 3 | I24: =E37 -> 25971.3 | L24: =J9 -> -27.8 | M24: =ABS(($L24/M$20)-1) -> 28.8 | N24: =ABS(($L24/N$20)-1) -> 14.9 | O24: =ABS(($L24/O$20)-1) -> 10.266667 | P24: =ABS(($L24/P$20)-1) -> 5.6333333 | Q24: =ABS(($L24/Q$20)-1) -> 3.3166667 | R24: =MIN(M24:Q24) -> 3.3166667 | S24: =_xlfn.XLOOKUP(R24,M24:Q24,M$20:Q$20) -> 12
C25: =_xll.TR("VND=","CF_LAST","CH=Fd RH=IN",D26) -> Updated at 14:02:52 | H25: 6 | I25: =E40 -> 26137.4 | L25: =J10 -> -25.733333 | M25: =ABS(($L25/M$20)-1) -> 26.733333 | N25: =ABS(($L25/N$20)-1) -> 13.866667 | O25: =ABS(($L25/O$20)-1) -> 9.5777778 | P25: =ABS(($L25/P$20)-1) -> 5.2888889 | Q25: =ABS(($L25/Q$20)-1) -> 3.1444444 | R25: =MIN(M25:Q25) -> 3.1444444 | S25: =_xlfn.XLOOKUP(R25,M25:Q25,M$20:Q$20) -> 12
E26: Last | H26: 12 | I26: =E46 -> 26461.2 | L26: =J11 -> -11.533333 | M26: =ABS(($L26/M$20)-1) -> 12.533333 | N26: =ABS(($L26/N$20)-1) -> 6.7666667 | O26: =ABS(($L26/O$20)-1) -> 4.8444444 | P26: =ABS(($L26/P$20)-1) -> 2.9222222 | Q26: =ABS(($L26/Q$20)-1) -> 1.9611111 | R26: =MIN(M26:Q26) -> 1.9611111 | S26: =_xlfn.XLOOKUP(R26,M26:Q26,M$20:Q$20) -> 12
D27: VND= | E27: 25832
C29: =_xll.TR("VND1MV=","CF_LAST","CH=Fd RH=IN",D30) -> Updated at 14:02:52
E30: Last
D31: VND1MV= | E31: 25867.3
C32: =_xll.TR("VND2MV=","CF_LAST","CH=Fd RH=IN",D33) -> Updated at 14:02:52
E33: Last
D34: VND2MV= | E34: 25903.4
C35: =_xll.TR("VND3MV=","CF_LAST","CH=Fd RH=IN",D36) -> Updated at 14:02:52
E36: Last
D37: VND3MV= | E37: 25971.3
C38: =_xll.TR("VND6MV=","CF_LAST","CH=Fd RH=IN",D39) -> Updated at 14:02:52
E39: Last
D40: VND6MV= | E40: 26137.4
C41: =_xll.TR("VND6MV=","CF_LAST","CH=Fd RH=IN",D42) -> Updated at 14:02:52
E42: Last
D43: VND6MV= | E43: 26137.4
C44: =_xll.TR("VND1YV=","CF_LAST","CH=Fd RH=IN",D45) -> Updated at 14:02:52
E45: Last
D46: VND1YV= | E46: 26461.2

Sheet Dashboard
A2: Vietnam Farmer's Price
A4: =Sheet1!C5 -> Month | B4: =Sheet1!D5 -> Year | C4: =Sheet1!E5 -> Mid | D4: Diff | E4: FOB | F4: VND | G4: FOB VND ('000) | H4: Farmer Price | I4: Room For RC
A5: =Sheet1!C6 -> .. | B5: 2024 | C5: =Sheet1!E6 -> #DIV/0! | D5: =$D$13 -> 60 | E5: =D5+C5 -> #DIV/0! | F5: =Sheet1!L6 -> 25465.8 | G5: =E5*F5/1000 -> 1527.948 | I5: =($D$17-H5)/F5*1000 -> 2552.4429
A6: =Sheet1!C7 -> .. | B6: 2024 | C6: =Sheet1!E7 -> #DIV/0! | D6: =$D$13 -> 60 | E6: =D6+C6 -> #DIV/0! | F6: =Sheet1!L7 -> 25465.8 | G6: =E6*F6/1000 -> 1527.948 | H6: =(E6-$D$15)*F6/1000 -> -1018.632 | I6: =($D$17-H6)/F6*1000 -> 2592.4429
A7: =Sheet1!C8 -> .. | B7: 2024 | C7: =Sheet1!E8 -> #DIV/0! | D7: =$D$13 -> 60 | E7: =D7+C7 -> #DIV/0! | F7: =Sheet1!L8 -> 25465.8 | G7: =E7*F7/1000 -> 1527.948 | H7: =(E7-$D$15)*F7/1000 -> -1018.632 | I7: =($D$17-H7)/F7*1000 -> 2592.4429
A8: =Sheet1!C9 -> .. | B8: 2024 | C8: =Sheet1!E9 -> #DIV/0! | D8: =$D$13 -> 60 | E8: =D8+C8 -> #DIV/0! | F8: =Sheet1!L9 -> 25465.8 | G8: =E8*F8/1000 -> 1527.948 | H8: =(E8-$D$15)*F8/1000 -> -1018.632 | I8: =($D$17-H8)/F8*1000 -> 2592.4429
A9: =Sheet1!C10 -> .. | B9: 2024 | C9: =Sheet1!E10 -> #DIV/0! | D9: =$D$13 -> 60 | E9: =D9+C9 -> #DIV/0! | F9: =Sheet1!L10 -> 25465.8 | G9: =E9*F9/1000 -> 1527.948 | H9: =(E9-$D$15)*F9/1000 -> -1018.632 | I9: =($D$17-H9)/F9*1000 -> 2592.4429
A10: =Sheet1!C11 -> .. | B10: 2025 | C10: =Sheet1!E11 -> #DIV/0! | D10: =$D$13 -> 60 | E10: =D10+C10 -> #DIV/0! | F10: =Sheet1!L11 -> 25465.8 | G10: =E10*F10/1000 -> 1527.948 | H10: =(E10-$D$15)*F10/1000 -> -1018.632 | I10: =($D$17-H10)/F10*1000 -> 2592.4429
C13: Diff | D13: 60 | E13: dollars
B15: Farmer-FOB | D15: 100 | E15: dollars
B17: Farmer Price | D17: 65000 | E17: VND ('000)

Sheet Historical backend
C2: LRCc2 | H2: COF-RBST-VN2DF | M2: VND=
A4: =_xll.RDP.HistoricalPricing($C$2,"CLOSE","NBROWS:1000 INTERVAL:P1D SOURCE:RFV",,"RH:Timestamp",B5) -> Updated at 14:02:26 | F4: =_xll.RDP.HistoricalPricing($H$2,".Timestamp;.Close","NBROWS:2500 INTERVAL:1D",,"TSREPEAT:NO CH:Fd",G5) -> Updated at 14:02:26 | K4: =_xll.RDP.HistoricalPricing($M$2,".Timestamp;.Close","NBROWS:2500 INTERVAL:1D",,"TSREPEAT:NO CH:Fd",L5) -> Updated at 14:02:26
B5: 46322 | C5: 3238 | G5: Timestamp | H5: Trade Close | L5: Timestamp | M5: Bid Close
B6: 46321 | C6: 3201 | G6: 46317 | H6: 170 | L6: 46322 | M6: 25832
B7: 46318 | C7: 3242 | G7: 46310 | H7: 200 | L7: 46321 | M7: 25841
B8: 46317 | C8: 3301 | G8: 46303 | H8: 220 | L8: 46318 | M8: 25840
B9: 46316 | C9: 3364 | G9: 46296 | H9: 240 | L9: 46317 | M9: 25848
B10: 46315 | C10: 3424 | G10: 46289 | H10: 240 | L10: 46316 | M10: 25856
B11: 46314 | C11: 3480 | G11: 46282 | H11: 220 | L11: 46315 | M11: 25872
B12: 46311 | C12: 3405 | G12: 46275 | H12: 200 | L12: 46314 | M12: 25892
B13: 46310 | C13: 3364 | G13: 46268 | H13: 200 | L13: 46311 | M13: 25889
B14: 46309 | C14: 3470 | G14: 46261 | H14: 220 | L14: 46310 | M14: 25872
B15: 46308 | C15: 3443 | G15: 46254 | H15: 200 | L15: 46309 | M15: 25894
B16: 46307 | C16: 3463 | G16: 46247 | H16: 200 | L16: 46308 | M16: 25913
B17: 46304 | C17: 3454 | G17: 46240 | H17: 180 | L17: 46307 | M17: 25934
... B676: 45352 | C676: 3143 | G676: 41354 | H676: 50 | L676: 45387 | M676: 24950
B677: 45351 | C677: 3095 | L677: 45386 | M677: 24935
B678: 45350 | C678: 3044 | L678: 45385 | M678: 25000
B679: 45349 | C679: 3077 | L679: 45384 | M679: 24900
B680: 45348 | C680: 3020 | L680: 45383 | M680: 24795
B681: 45345 | C681: 3030 | L681: 45380 | M681: 24810
B682: 45344 | C682: 3113 | L682: 45379 | M682: 24790
B683: 45343 | C683: 3177 | L683: 45378 | M683: 24785
B684: 45342 | C684: 3146 | L684: 45377 | M684: 24770
B685: 45341 | C685: 3172 | L685: 45376 | M685: 24740
B686: 45338 | C686: 3141 | L686: 45373 | M686: 24768
B687: 45337 | C687: 3108 | L687: 45372 | M687: 24785
B688: 45336 | C688: 3090 | L688: 45371 | M688: 24775
... B2505: 42025 | C2505: 1947 | L2505: 42828 | M2505: 22730

Sheet HISTORICAL
A1: Date | B1: Diff | C1: LRC | D1: VND | E1: FOB ($) | F1: FOB (VND) in K | G1: Farmer's Price | H1: Room For RC | I1: Avg Farmer Margin
A2: ='Historical backend'!G6 -> 46317 | B2: -150 | C2: =_xlfn.XLOOKUP(A2,'Historical backend'!B:B,'Historical backend'!C:C,_xlfn.XLOOKUP(A3,'Historical backend'!B:B,'Historical backend'!C:C)) -> 3301 | D2: =_xlfn.XLOOKUP(A2,'Historical backend'!L:L,'Historical backend'!M:M) -> 25848 | E2: =C2+B2 -> 3151 | F2: =E2*D2/1000 -> 81447.048 | G2: =(E2-$R$2)*D2/1000 -> 80671.608 | H2: =($R$4-G2)/D2*1000 -> 941.20984 | I2: =AVERAGE(G2:G5)-$R$6 -> 53713.779 | P2: Farmer-FOB | R2: 30 | S2: dollars
A3: ='Historical backend'!G7 -> 46310 | B3: ='Historical backend'!H7 -> 200 | C3: =_xlfn.XLOOKUP(A3,'Historical backend'!B:B,'Historical backend'!C:C,_xlfn.XLOOKUP(A4,'Historical backend'!B:B,'Historical backend'!C:C)) -> 3364 | D3: =_xlfn.XLOOKUP(A3,'Historical backend'!L:L,'Historical backend'!M:M) -> 25872 | E3: =C3+B3 -> 3564 | F3: =E3*D3/1000 -> 92207.808 | G3: =(E3-$R$2)*D3/1000 -> 91431.648 | H3: =($R$4-G3)/D3*1000 -> 524.44156 | I3: =AVERAGE(G3:G6)-$R$6 -> 56287.127
A4: ='Historical backend'!G8 -> 46303 | B4: ='Historical backend'!H8 -> 220 | C4: =_xlfn.XLOOKUP(A4,'Historical backend'!B:B,'Historical backend'!C:C,_xlfn.XLOOKUP(A5,'Historical backend'!B:B,'Historical backend'!C:C)) -> 3398 | D4: =_xlfn.XLOOKUP(A4,'Historical backend'!L:L,'Historical backend'!M:M) -> 25889 | E4: =C4+B4 -> 3618 | F4: =E4*D4/1000 -> 93666.402 | G4: =(E4-$R$2)*D4/1000 -> 92889.732 | H4: =($R$4-G4)/D4*1000 -> 467.77658 | I4: =AVERAGE(G4:G7)-$R$6 -> 56713.772 | P4: Farmer Price | R4: 105000 | S4: VND ('000)
A5: ='Historical backend'!G9 -> 46296 | B5: ='Historical backend'!H9 -> 240 | C5: =_xlfn.XLOOKUP(A5,'Historical backend'!B:B,'Historical backend'!C:C,_xlfn.XLOOKUP(A6,'Historical backend'!B:B,'Historical backend'!C:C)) -> 3403 | D5: =_xlfn.XLOOKUP(A5,'Historical backend'!L:L,'Historical backend'!M:M) -> 25979 | E5: =C5+B5 -> 3643 | F5: =E5*D5/1000 -> 94641.497 | G5: =(E5-$R$2)*D5/1000 -> 93862.127 | H5: =($R$4-G5)/D5*1000 -> 428.72601 | I5: =AVERAGE(G5:G8)-$R$6 -> 57623.79
A6: ='Historical backend'!G10 -> 46289 | B6: ='Historical backend'!H10 -> 240 | C6: =_xlfn.XLOOKUP(A6,'Historical backend'!B:B,'Historical backend'!C:C,_xlfn.XLOOKUP(A7,'Historical backend'!B:B,'Historical backend'!C:C)) -> 3290 | D6: =_xlfn.XLOOKUP(A6,'Historical backend'!L:L,'Historical backend'!M:M) -> 25990 | E6: =C6+B6 -> 3530 | F6: =E6*D6/1000 -> 91744.7 | G6: =(E6-$R$2)*D6/1000 -> 90965 | H6: =($R$4-G6)/D6*1000 -> 540.01539 | I6: =AVERAGE(G6:G9)-$R$6 -> 57256.278 | P6: Cost of Production | R6: 36000 | S6: VND
A7: ='Historical backend'!G11 -> 46282 | B7: ='Historical backend'!H11 -> 220 | C7: =_xlfn.XLOOKUP(A7,'Historical backend'!B:B,'Historical backend'!C:C,_xlfn.XLOOKUP(A8,'Historical backend'!B:B,'Historical backend'!C:C)) -> 3391 | D7: =_xlfn.XLOOKUP(A7,'Historical backend'!L:L,'Historical backend'!M:M) -> 26009 | E7: =C7+B7 -> 3611 | F7: =E7*D7/1000 -> 93918.499 | G7: =(E7-$R$2)*D7/1000 -> 93138.229 | H7: =($R$4-G7)/D7*1000 -> 456.06409 | I7: =AVERAGE(G7:G10)-$R$6 -> 58928.683
A8: ='Historical backend'!G12 -> 46275 | B8: ='Historical backend'!H12 -> 200 | C8: =_xlfn.XLOOKUP(A8,'Historical backend'!B:B,'Historical backend'!C:C,_xlfn.XLOOKUP(A9,'Historical backend'!B:B,'Historical backend'!C:C)) -> 3554 | D8: =_xlfn.XLOOKUP(A8,'Historical backend'!L:L,'Historical backend'!M:M) -> 25921 | E8: =C8+B8 -> 3754 | F8: =E8*D8/1000 -> 97307.434 | G8: =(E8-$R$2)*D8/1000 -> 96529.804 | H8: =($R$4-G8)/D8*1000 -> 326.76965 | I8: =AVERAGE(G8:G11)-$R$6 -> 61064.552
A9: ='Historical backend'!G13 -> 46268 | B9: ='Historical backend'!H13 -> 200 | C9: =_xlfn.XLOOKUP(A9,'Historical backend'!B:B,'Historical backend'!C:C,_xlfn.XLOOKUP(A10,'Historical backend'!B:B,'Historical backend'!C:C)) -> 3374 | D9: =_xlfn.XLOOKUP(A9,'Historical backend'!L:L,'Historical backend'!M:M) -> 26070 | E9: =C9+B9 -> 3574 | F9: =E9*D9/1000 -> 93174.18 | G9: =(E9-$R$2)*D9/1000 -> 92392.08 | H9: =($R$4-G9)/D9*1000 -> 483.61795 | I9: =AVERAGE(G9:G12)-$R$6 -> 61789.846
A10: ='Historical backend'!G14 -> 46261 | B10: ='Historical backend'!H14 -> 220 | C10: =_xlfn.XLOOKUP(A10,'Historical backend'!B:B,'Historical backend'!C:C,_xlfn.XLOOKUP(A11,'Historical backend'!B:B,'Historical backend'!C:C)) -> 3555 | D10: =_xlfn.XLOOKUP(A10,'Historical backend'!L:L,'Historical backend'!M:M) -> 26076 | E10: =C10+B10 -> 3775 | F10: =E10*D10/1000 -> 98436.9 | G10: =(E10-$R$2)*D10/1000 -> 97654.62 | H10: =($R$4-G10)/D10*1000 -> 281.69121 | I10: =AVERAGE(G10:G13)-$R$6 -> 64512.641
A11: ='Historical backend'!G15 -> 46254 | B11: ='Historical backend'!H15 -> 200 | C11: =_xlfn.XLOOKUP(A11,'Historical backend'!B:B,'Historical backend'!C:C,_xlfn.XLOOKUP(A12,'Historical backend'!B:B,'Historical backend'!C:C)) -> 3726 | D11: =_xlfn.XLOOKUP(A11,'Historical backend'!L:L,'Historical backend'!M:M) -> 26099 | E11: =C11+B11 -> 3926 | F11: =E11*D11/1000 -> 102464.67 | G11: =(E11-$R$2)*D11/1000 -> 101681.7 | H11: =($R$4-G11)/D11*1000 -> 127.14265 | I11: =AVERAGE(G11:G14)-$R$6 -> 65793.278
A12: ='Historical backend'!G16 -> 46247 | B12: ='Historical backend'!H16 -> 200 | C12: =_xlfn.XLOOKUP(A12,'Historical backend'!B:B,'Historical backend'!C:C,_xlfn.XLOOKUP(A13,'Historical backend'!B:B,'Historical backend'!C:C)) -> 3644 | D12: =_xlfn.XLOOKUP(A12,'Historical backend'!L:L,'Historical backend'!M:M) -> 26070 | E12: =C12+B12 -> 3844 | F12: =E12*D12/1000 -> 100213.08 | G12: =(E12-$R$2)*D12/1000 -> 99430.98 | H12: =($R$4-G12)/D12*1000 -> 213.61795 | I12: =AVERAGE(G12:G15)-$R$6 -> 65752.705
A13: ='Historical backend'!G17 -> 46240 | B13: ='Historical backend'!H17 -> 180 | C13: =_xlfn.XLOOKUP(A13,'Historical backend'!B:B,'Historical backend'!C:C,_xlfn.XLOOKUP(A14,'Historical backend'!B:B,'Historical backend'!C:C)) -> 3787 | D13: =_xlfn.XLOOKUP(A13,'Historical backend'!L:L,'Historical backend'!M:M) -> 26234 | E13: =C13+B13 -> 3967 | F13: =E13*D13/1000 -> 104070.28 | G13: =(E13-$R$2)*D13/1000 -> 103283.26 | H13: =($R$4-G13)/D13*1000 -> 65.439582 | I13: =AVERAGE(G13:G16)-$R$6 -> 66929.389
A14: ='Historical backend'!G18 -> 46233 | B14: ='Historical backend'!H18 -> 180 | C14: =_xlfn.XLOOKUP(A14,'Historical backend'!B:B,'Historical backend'!C:C,_xlfn.XLOOKUP(A15,'Historical backend'!B:B,'Historical backend'!C:C)) -> 3761 | D14: =_xlfn.XLOOKUP(A14,'Historical backend'!L:L,'Historical backend'!M:M) -> 26279 | E14: =C14+B14 -> 3941 | F14: =E14*D14/1000 -> 103565.54 | G14: =(E14-$R$2)*D14/1000 -> 102777.17 | H14: =($R$4-G14)/D14*1000 -> 84.585829 | I14: =AVERAGE(G14:G17)-$R$6 -> 68732.792
A15: ='Historical backend'!G19 -> 46226 | B15: ='Historical backend'!H19 -> 180 | C15: =_xlfn.XLOOKUP(A15,'Historical backend'!B:B,'Historical backend'!C:C,_xlfn.XLOOKUP(A16,'Historical backend'!B:B,'Historical backend'!C:C)) -> 3708 | D15: =_xlfn.XLOOKUP(A15,'Historical backend'!L:L,'Historical backend'!M:M) -> 26314 | E15: =C15+B15 -> 3888 | F15: =E15*D15/1000 -> 102308.83 | G15: =(E15-$R$2)*D15/1000 -> 101519.41 | H15: =($R$4-G15)/D15*1000 -> 132.27134 | I15: =AVERAGE(G15:G18)-$R$6 -> 69014.651
A16: ='Historical backend'!G20 -> 46219 | B16: ='Historical backend'!H20 -> 200 | C16: =_xlfn.XLOOKUP(A16,'Historical backend'!B:B,'Historical backend'!C:C,_xlfn.XLOOKUP(A17,'Historical backend'!B:B,'Historical backend'!C:C)) -> 3797 | D16: =_xlfn.XLOOKUP(A16,'Historical backend'!L:L,'Historical backend'!M:M) -> 26251 | E16: =C16+B16 -> 3997 | F16: =E16*D16/1000 -> 104925.25 | G16: =(E16-$R$2)*D16/1000 -> 104137.72 | H16: =($R$4-G16)/D16*1000 -> 32.847625 | I16: =AVERAGE(G16:G19)-$R$6 -> 69107.718
A17: ='Historical backend'!G21 -> 46212 | B17: ='Historical backend'!H21 -> 190 | C17: =_xlfn.XLOOKUP(A17,'Historical backend'!B:B,'Historical backend'!C:C,_xlfn.XLOOKUP(A18,'Historical backend'!B:B,'Historical backend'!C:C)) -> 4043 | D17: =_xlfn.XLOOKUP(A17,'Historical backend'!L:L,'Historical backend'!M:M) -> 26290 | E17: =C17+B17 -> 4233 | F17: =E17*D17/1000 -> 111285.57 | G17: =(E17-$R$2)*D17/1000 -> 110496.87 | H17: =($R$4-G17)/D17*1000 -> -209.08596 | I17: =AVERAGE(G17:G20)-$R$6 -> 68285.921
A18: ='Historical backend'!G22 -> 46205 | B18: ='Historical backend'!H22 -> 200 | C18: =_xlfn.XLOOKUP(A18,'Historical backend'!B:B,'Historical backend'!C:C,_xlfn.XLOOKUP(A19,'Historical backend'!B:B,'Historical backend'!C:C)) -> 3783 | D18: =_xlfn.XLOOKUP(A18,'Historical backend'!L:L,'Historical backend'!M:M) -> 26285 | E18: =C18+B18 -> 3983 | F18: =E18*D18/1000 -> 104693.15 | G18: =(E18-$R$2)*D18/1000 -> 103904.6 | H18: =($R$4-G18)/D18*1000 -> 41.673768 | I18: =AVERAGE(G18:G21)-$R$6 -> 64518.735
... A395: ='Historical backend'!G399 -> 43531 | B395: ='Historical backend'!H399 -> 10 | C395: =_xlfn.XLOOKUP(A395,'Historical backend'!B:B,'Historical backend'!C:C,_xlfn.XLOOKUP(A396,'Historical backend'!B:B,'Historical backend'!C:C)) -> 1505 | D395: =_xlfn.XLOOKUP(A395,'Historical backend'!L:L,'Historical backend'!M:M) -> 23197 | E395: =C395+B395 -> 1515 | F395: =E395*D395/1000 -> 35143.455 | G395: =(E395-$R$2)*D395/1000 -> 34447.545 | H395: =($R$4-G395)/D395*1000 -> 3041.4474 | I395: =AVERAGE(G395:G398)-$R$6 -> -1552.455

Sheet Sheet2
A1: =NOW() -> 46322.585
