Workbook

Sheet Menu
A1: Coffee Aggregated Exports
A4: =NOW() -> 46314.492
C6: Arabica | G6: Latest Month | J6: Robusta | N6: Latest Month
D9: Brazil | G9: ='Brazil Arabica'!$F$56 -> Sep'25/26 | K9: Vietnam | N9: =Vietnam!$F$56 -> Sep'25/26
D12: Colombia | G12: =Colombia!$F$56 -> Aug'25/26 | K12: Brazil | N12: ='Brazil Robusta'!$F$56 -> Sep'25/26
D15: Honduras | G15: =Honduras!$F$56 -> Aug'25/26 | K15: Indonesia | N15: =Indonesia!$F$56 -> Apr'25/26
D18: Ethiopia | G18: =Ethiopia!$F$56 -> May'25/26 | K18: Uganda | N18: =Uganda!$F$56 -> Jul'25/26
D21: Peru | G21: =Peru!$F$56 -> May'24/25 | K21: India | N21: =India!$F$56 -> Apr'25/26
L26: =Aggregated!F56 -> Apr'25/26
L30: ='Agg (Peru Included)'!F56 -> Sep'24/25

Sheet Marex total
C3: Last 5 Year Average
D5: marex avg | E5: Super 10 | F5: Share
C6: Oct | D6: 10 | E6: 8.7270099 | F6: =E6/D6 -> 0.87270099
C7: Nov | D7: 10 | E7: 9.0577548 | F7: =E7/D7 -> 0.90577548
C8: Dec | D8: 11.6 | E8: 10.279129 | F8: =E8/D8 -> 0.88613177
C9: Jan | D9: 11 | E9: 9.8442192 | F9: =E9/D9 -> 0.89492902
C10: Feb | D10: 11.6 | E10: 9.4219663 | F10: =E10/D10 -> 0.81223848
C11: Mar | D11: 13 | E11: 10.624494 | F11: =E11/D11 -> 0.81726874
C12: Apr | D12: 11.6 | E12: 9.1028456 | F12: =E12/D12 -> 0.78472807
C13: May | D13: 11.7 | E13: 8.9853244 | F13: =E13/D13 -> 0.76797645
C14: Jun | D14: 11.6 | E14: 8.9204849 | F14: =E14/D14 -> 0.76900732
C15: Jul | D15: 11.2 | E15: 8.8781342 | F15: =E15/D15 -> 0.79269055
C16: Aug | D16: 11 | E16: 8.7938333 | F16: =E16/D16 -> 0.79943939
C17: Sep | D17: 10.8 | E17: 8.640352 | F17: =E17/D17 -> 0.80003259

Sheet Global derived
A1: Global Coffee Exports
AH2: YTD | AI2: =_xlfn.CONCAT(AE5," | ",S6) -> | YTD : Oct-Apr
C4: 1 | D4: 2 | E4: 3 | F4: 4 | G4: 5 | H4: 6 | I4: 7 | J4: 8 | K4: 9 | L4: 10 | M4: 11 | N4: 12
C5: =_xlfn.CONCAT(A1," (Monthly)") -> Global Coffee Exports (Monthly)
C6: Oct | D6: Nov | E6: Dec | F6: Jan | G6: Feb | H6: Mar | I6: Apr | J6: May | K6: Jun | L6: Jul | M6: Aug | N6: Sep | P6: Total | Q6: % | S6: =_xlfn.CONCAT("YTD : ",IF(C56=1,"Oct Only",_xlfn.CONCAT("Oct-",OFFSET(B6,0,$C$56,1,1)))) -> YTD : Oct-Apr
A7: 1 | B7: 14/15 | C7: #N/A | D7: #N/A | E7: #N/A | F7: #N/A | G7: #N/A | H7: #N/A | I7: #N/A | J7: #N/A | K7: #N/A | L7: #N/A | M7: #N/A | N7: #N/A | O7: 14/15 | P7: =IF(COUNT(C7:N7)=12,SUM(C7:N7),"") | S7: 14/15
A8: 2 | B8: 15/16 | C8: #N/A | D8: #N/A | E8: #N/A | F8: #N/A | G8: #N/A | H8: #N/A | I8: #N/A | J8: #N/A | K8: #N/A | L8: #N/A | M8: #N/A | N8: #N/A | O8: 15/16 | P8: =IF(COUNT(C8:N8)=12,SUM(C8:N8),"") | Q8: =IFERROR(P8/P7-1,"") | S8: 15/16 | U8: =IFERROR(T8/T7-1,"")
A9: 3 | B9: 16/17 | C9: #N/A | D9: #N/A | E9: #N/A | F9: #N/A | G9: #N/A | H9: #N/A | I9: #N/A | J9: #N/A | K9: #N/A | L9: #N/A | M9: #N/A | N9: #N/A | O9: 16/17 | P9: =IF(COUNT(C9:N9)=12,SUM(C9:N9),"") | Q9: =IFERROR(P9/P8-1,"") | S9: 16/17 | U9: =IFERROR(T9/T8-1,"")
A10: 4 | B10: 17/18 | C10: ='Agg (Peru Included)'!C10/B$62 -> 8630970.5 | D10: ='Agg (Peru Included)'!D10/C$62 -> 9055937.6 | E10: ='Agg (Peru Included)'!E10/D$62 -> 10146942 | F10: ='Agg (Peru Included)'!F10/E$62 -> 10686469 | G10: ='Agg (Peru Included)'!G10/F$62 -> 10033224 | H10: ='Agg (Peru Included)'!H10/G$62 -> 11149435 | I10: ='Agg (Peru Included)'!I10/H$62 -> 10299318 | J10: ='Agg (Peru Included)'!J10/I$62 -> 9788242.8 | ... N10: ='Agg (Peru Included)'!N10/M$62 -> 10386830 | O10: 17/18 | P10: =IF(COUNT(C10:N10)=12,SUM(C10:N10),"") -> 1.2193451e+08 | Q10: =IFERROR(P10/P9-1,"") | S10: 17/18 | T10: =IF(SUM(OFFSET(C10,0,0,1,$C$56))=0,"",SUM(OFFSET(C10,0,0,1,$C$56))) -> 70002296 | U10: =IFERROR(T10/T9-1,"")
A11: 5 | B11: 18/19 | C11: ='Agg (Peru Included)'!C11/B$62 -> 10671216 | D11: ='Agg (Peru Included)'!D11/C$62 -> 10743708 | E11: ='Agg (Peru Included)'!E11/D$62 -> 10946305 | F11: ='Agg (Peru Included)'!F11/E$62 -> 11402899 | G11: ='Agg (Peru Included)'!G11/F$62 -> 10870670 | H11: ='Agg (Peru Included)'!H11/G$62 -> 11355909 | I11: ='Agg (Peru Included)'!I11/H$62 -> 11009151 | J11: ='Agg (Peru Included)'!J11/I$62 -> 12302119 | ... N11: ='Agg (Peru Included)'!N11/M$62 -> 10612658 | O11: 18/19 | P11: =IF(COUNT(C11:N11)=12,SUM(C11:N11),"") -> 1.3408852e+08 | Q11: =IFERROR(P11/P10-1,"") -> 0.099676516 | S11: 18/19 | T11: =IF(SUM(OFFSET(C11,0,0,1,$C$56))=0,"",SUM(OFFSET(C11,0,0,1,$C$56))) -> 76999858 | U11: =IFERROR(T11/T10-1,"") -> 0.099961885
A12: 6 | B12: 19/20 | C12: ='Agg (Peru Included)'!C12/B$62 -> 9950618.6 | D12: ='Agg (Peru Included)'!D12/C$62 -> 9643185.1 | E12: ='Agg (Peru Included)'!E12/D$62 -> 10815733 | F12: ='Agg (Peru Included)'!F12/E$62 -> 10204715 | G12: ='Agg (Peru Included)'!G12/F$62 -> 11530570 | H12: ='Agg (Peru Included)'!H12/G$62 -> 12146818 | I12: ='Agg (Peru Included)'!I12/H$62 -> 11261492 | J12: ='Agg (Peru Included)'!J12/I$62 -> 10719891 | ... N12: ='Agg (Peru Included)'!N12/M$62 -> 11117875 | O12: 19/20 | P12: =IF(COUNT(C12:N12)=12,SUM(C12:N12),"") -> 1.2906282e+08 | Q12: =IFERROR(P12/P11-1,"") -> -0.037480448 | S12: 19/20 | T12: =IF(SUM(OFFSET(C12,0,0,1,$C$56))=0,"",SUM(OFFSET(C12,0,0,1,$C$56))) -> 75553132 | U12: =IFERROR(T12/T11-1,"") -> -0.018788685
A13: 7 | B13: 20/21 | C13: ='Agg (Peru Included)'!C13/B$62 -> 10162602 | D13: ='Agg (Peru Included)'!D13/C$62 -> 10538824 | E13: ='Agg (Peru Included)'!E13/D$62 -> 11492075 | F13: ='Agg (Peru Included)'!F13/E$62 -> 10563890 | G13: ='Agg (Peru Included)'!G13/F$62 -> 11616779 | H13: ='Agg (Peru Included)'!H13/G$62 -> 12688275 | I13: ='Agg (Peru Included)'!I13/H$62 -> 11757782 | J13: ='Agg (Peru Included)'!J13/I$62 -> 10523204 | ... N13: ='Agg (Peru Included)'!N13/M$62 -> 10786931 | O13: 20/21 | P13: =IF(COUNT(C13:N13)=12,SUM(C13:N13),"") -> 1.3337181e+08 | Q13: =IFERROR(P13/P12-1,"") -> 0.033386777 | S13: 20/21 | T13: =IF(SUM(OFFSET(C13,0,0,1,$C$56))=0,"",SUM(OFFSET(C13,0,0,1,$C$56))) -> 78820228 | U13: =IFERROR(T13/T12-1,"") -> 0.043242365
A14: 8 | B14: 21/22 | C14: ='Agg (Peru Included)'!C14/B$62 -> 9949518.2 | D14: ='Agg (Peru Included)'!D14/C$62 -> 9804067.7 | E14: ='Agg (Peru Included)'!E14/D$62 -> 11958329 | F14: ='Agg (Peru Included)'!F14/E$62 -> 12230473 | G14: ='Agg (Peru Included)'!G14/F$62 -> 11436850 | H14: ='Agg (Peru Included)'!H14/G$62 -> 13501957 | I14: ='Agg (Peru Included)'!I14/H$62 -> 11053003 | J14: ='Agg (Peru Included)'!J14/I$62 -> 11157468 | ... N14: ='Agg (Peru Included)'!N14/M$62 -> 10524776 | O14: 21/22 | P14: =IF(COUNT(C14:N14)=12,SUM(C14:N14),"") -> 1.3386133e+08 | Q14: =IFERROR(P14/P13-1,"") -> 0.0036702904 | S14: 21/22 | T14: =IF(SUM(OFFSET(C14,0,0,1,$C$56))=0,NA(),SUM(OFFSET(C14,0,0,1,$C$56))) -> 79934198 | U14: =IFERROR(T14/T13-1,"") -> 0.014133054
A15: 9 | B15: 22/23 | C15: ='Agg (Peru Included)'!C15/B$62 -> 9284589.2 | D15: ='Agg (Peru Included)'!D15/C$62 -> 10009216 | E15: ='Agg (Peru Included)'!E15/D$62 -> 10436284 | F15: ='Agg (Peru Included)'!F15/E$62 -> 9284724.4 | G15: ='Agg (Peru Included)'!G15/F$62 -> 10011139 | H15: ='Agg (Peru Included)'!H15/G$62 -> 11791649 | I15: ='Agg (Peru Included)'!I15/H$62 -> 10468151 | J15: ='Agg (Peru Included)'!J15/I$62 -> 10767191 | ... N15: ='Agg (Peru Included)'!N15/M$62 -> 9030134.5 | O15: 22/23 | P15: =IF(COUNT(C15:N15)=12,SUM(C15:N15),"") -> 1.2308611e+08 | Q15: =IFERROR(P15/P14-1,"") -> -0.080495379 | S15: 22/23 | T15: =IF(SUM(OFFSET(C15,0,0,1,$C$56))=0,NA(),SUM(OFFSET(C15,0,0,1,$C$56))) -> 71285753 | U15: =IFERROR(T15/T14-1,"") -> -0.10819456
A16: 10 | B16: 23/24 | C16: ='Agg (Peru Included)'!C16/B$62 -> 9231980.4 | D16: ='Agg (Peru Included)'!D16/C$62 -> 10576042 | E16: ='Agg (Peru Included)'!E16/D$62 -> 11674083 | F16: ='Agg (Peru Included)'!F16/E$62 -> 11865036 | G16: ='Agg (Peru Included)'!G16/F$62 -> 11768315 | H16: ='Agg (Peru Included)'!H16/G$62 -> 13170237 | I16: ='Agg (Peru Included)'!I16/H$62 -> 12194971 | J16: ='Agg (Peru Included)'!J16/I$62 -> 12267034 | ... N16: ='Agg (Peru Included)'!N16/M$62 -> 11372709 | O16: 23/24 | P16: =IF(COUNT(C16:N16)=12,SUM(C16:N16),"") -> 1.3859341e+08 | Q16: =IFERROR(P16/P15-1,"") -> 0.12598745 | S16: 23/24 | T16: =IF(SUM(OFFSET(C16,0,0,1,$C$56))=0,NA(),SUM(OFFSET(C16,0,0,1,$C$56))) -> 80480664 | U16: =IFERROR(T16/T15-1,"") -> 0.12898666
A17: 11 | B17: 24/25 | C17: ='Agg (Peru Included)'!C17/B$62 -> 10738180 | D17: ='Agg (Peru Included)'!D17/C$62 -> 9660552.2 | E17: ='Agg (Peru Included)'!E17/D$62 -> 11407317 | F17: ='Agg (Peru Included)'!F17/E$62 -> 10330331 | G17: ='Agg (Peru Included)'!G17/F$62 -> 12152402 | H17: ='Agg (Peru Included)'!H17/G$62 -> 13077777 | I17: ='Agg (Peru Included)'!I17/H$62 -> 12045430 | J17: ='Agg (Peru Included)'!J17/I$62 -> 12729545 | ... N17: ='Agg (Peru Included)'!N17/M$62 -> 11947550 | O17: 24/25 | P17: =IF(COUNT(C17:N17)=12,SUM(C17:N17),"") -> 1.3937611e+08 | Q17: =IFERROR(P17/P16-1,"") -> 0.0056474142 | S17: 24/25 | T17: =IF(SUM(OFFSET(C17,0,0,1,$C$56))=0,NA(),SUM(OFFSET(C17,0,0,1,$C$56))) -> 79411989 | U17: =IFERROR(T17/T16-1,"") -> -0.013278652
A18: 12 | B18: 25/26 | C18: ='Agg (Peru Included)'!C18/B$62 -> 10619765 | D18: ='Agg (Peru Included)'!D18/C$62 -> 9968464.3 | E18: ='Agg (Peru Included)'!E18/D$62 -> 10827103 | F18: ='Agg (Peru Included)'!F18/E$62 -> 10717514 | G18: ='Agg (Peru Included)'!G18/F$62 -> 10334148 | H18: ='Agg (Peru Included)'!H18/G$62 -> 11708877 | I18: ='Agg (Peru Included)'!I18/H$62 -> 12258305 | J18: ='Agg (Peru Included)'!J18/I$62 -> #N/A | ... N18: ='Agg (Peru Included)'!N18/M$62 -> #N/A | O18: 25/26 | P18: =IF(COUNT(C18:N18)=12,SUM(C18:N18),"") | Q18: =IFERROR(P18/P17-1,"") | S18: 25/26 | T18: =IF(SUM(OFFSET(C18,0,0,1,$C$56))=0,NA(),SUM(OFFSET(C18,0,0,1,$C$56))) -> 76434175 | U18: =IFERROR(T18/T17-1,"") -> -0.037498291
A19: 13 | B19: 26/27 | C19: ='Agg (Peru Included)'!C19/B$62 -> #N/A | D19: ='Agg (Peru Included)'!D19/C$62 -> #N/A | E19: ='Agg (Peru Included)'!E19/D$62 -> #N/A | F19: ='Agg (Peru Included)'!F19/E$62 -> #N/A | G19: ='Agg (Peru Included)'!G19/F$62 -> #N/A | H19: ='Agg (Peru Included)'!H19/G$62 -> #N/A | I19: ='Agg (Peru Included)'!I19/H$62 -> #N/A | J19: ='Agg (Peru Included)'!J19/I$62 -> #N/A | ... N19: ='Agg (Peru Included)'!N19/M$62 -> #N/A | O19: 26/27 | P19: =IF(COUNT(C19:N19)=12,SUM(C19:N19),"") | S19: 26/27 | T19: =IF(SUM(OFFSET(C19,0,0,1,$C$56))=0,NA(),SUM(OFFSET(C19,0,0,1,$C$56))) -> #N/A
B20: YoY | C20: =IFERROR(C18/C17-1,"") -> -0.011027472 | D20: =IFERROR(D18/D17-1,"") -> 0.031873141 | E20: =IFERROR(E18/E17-1,"") -> -0.05086332 | F20: =IFERROR(F18/F17-1,"") -> 0.037480147 | G20: =IFERROR(G18/G17-1,"") -> -0.14962099 | H20: =IFERROR(H18/H17-1,"") -> -0.10467372 | I20: =IFERROR(I18/I17-1,"") -> 0.017672642 | J20: =IFERROR(J18/J17-1,"") | ... N20: =IFERROR(N18/N17-1,"")
K27: =_xlfn.CONCAT(A1," | ",S6) -> Global Coffee Exports | YTD : Oct-Apr | Q27: =_xlfn.CONCAT(A1," | ","Cumulative") -> Global Coffee Exports | Cumulative
B56: Offset | C56: =COUNT(C18:N18) -> 7 | D56: =OFFSET(B6,0,$C$56,1,1) -> Apr | E56: =B18 -> 25/26 | F56: =_xlfn.CONCAT(D56,"'",E56) -> Apr'25/26
B58: =_xlfn.CONCAT(#REF!," (Monthly)") -> #REF!
B59: Oct | C59: Nov | D59: Dec | E59: Jan | F59: Feb | G59: Mar | H59: Apr | I59: May | J59: Jun | K59: Jul | L59: Aug | M59: Sep
A60: Proportion | B60: 0.76027428 | C60: 0.75388157 | D60: 0.79417851 | E60: 0.76566518 | F60: 0.75094893 | G60: 0.73124205 | H60: 0.70087238 | I60: 0.69260286 | J60: 0.71137729 | K60: 0.71381188 | L60: 0.75289842 | M60: 0.75875422
A62: Marex | B62: 0.87270099 | C62: 0.89 | D62: 0.88613177 | E62: 0.89492902 | F62: 0.81223848 | G62: 0.81726874 | H62: 0.78472807 | I62: 0.76797645 | J62: 0.76900732 | K62: 0.79269055 | L62: 0.79943939 | M62: 0.80003259
B65: Oct | C65: Nov | D65: Dec | E65: Jan | F65: Feb | G65: Mar | H65: Apr | I65: May | J65: Jun | K65: Jul | L65: Aug | M65: Sep
A66: =B18 -> 25/26 | B66: =C18 -> 10619765 | C66: =D18 -> 9968464.3 | D66: =E18 -> 10827103 | E66: =F18 -> 10717514 | F66: =G18 -> 10334148 | G66: =H18 -> 11708877 | H66: =I18 -> 12258305 | ... M66: =N18 -> #N/A
A67: Min | B67: =MIN(C10:C17) -> 8630970.5 | C67: =MIN(D10:D17) -> 9055937.6 | D67: =MIN(E10:E17) -> 10146942 | E67: =MIN(F10:F17) -> 9284724.4 | F67: =MIN(G10:G17) -> 10011139 | G67: =MIN(H10:H17) -> 11149435 | H67: =MIN(I10:I17) -> 10299318 | I67: =MIN(J10:J17) -> 9788242.8 | ... M67: =MIN(N10:N17) -> 9030134.5
A68: Max | B68: =MAX(C10:C17) -> 10738180 | C68: =MAX(D10:D17) -> 10743708 | D68: =MAX(E10:E17) -> 11958329 | E68: =MAX(F10:F17) -> 12230473 | F68: =MAX(G10:G17) -> 12152402 | G68: =MAX(H10:H17) -> 13501957 | H68: =MAX(I10:I17) -> 12194971 | I68: =MAX(J10:J17) -> 12729545 | ... M68: =MAX(N10:N17) -> 11947550
A69: Avg(5) | B69: =AVERAGE(C13:C17) -> 9873373.9 | C69: =AVERAGE(D13:D17) -> 10117740 | D69: =AVERAGE(E13:E17) -> 11393617 | E69: =AVERAGE(F13:F17) -> 10854891 | F69: =AVERAGE(G13:G17) -> 11397097 | G69: =AVERAGE(H13:H17) -> 12845979 | H69: =AVERAGE(I13:I17) -> 11503868 | I69: =AVERAGE(J13:J17) -> 11488888 | ... M69: =AVERAGE(N13:N17) -> 10732420
B74: 1 | C74: 1 | D74: =INDEX($C$7:$N$19,MATCH(B74,$A$7:$A$19),MATCH(C74,$C$4:$N$4)) -> #N/A | E74: =_xlfn.XLOOKUP(B74,$A$7:$A$19,$B$7:$B$19) -> 14/15 | F74: =_xlfn.XLOOKUP(C74,$C$4:$N$4,$C$6:$N$6) -> Oct | G74: =_xlfn.CONCAT(F74,"'",E74) -> Oct'14/15 | N74: Cumulative
B75: 1 | C75: 2 | D75: =INDEX($C$7:$N$19,MATCH(B75,$A$7:$A$19),MATCH(C75,$C$4:$N$4)) -> #N/A | E75: =_xlfn.XLOOKUP(B75,$A$7:$A$19,$B$7:$B$19) -> 14/15 | F75: =_xlfn.XLOOKUP(C75,$C$4:$N$4,$C$6:$N$6) -> Nov | G75: =_xlfn.CONCAT(F75,"'",E75) -> Nov'14/15 | N75: Oct | O75: Nov | P75: Dec | Q75: Jan | R75: Feb | S75: Mar | T75: Apr | U75: May | V75: Jun | W75: Jul | X75: Aug | Y75: Sep
B76: 1 | C76: 3 | D76: =INDEX($C$7:$N$19,MATCH(B76,$A$7:$A$19),MATCH(C76,$C$4:$N$4)) -> #N/A | E76: =_xlfn.XLOOKUP(B76,$A$7:$A$19,$B$7:$B$19) -> 14/15 | F76: =_xlfn.XLOOKUP(C76,$C$4:$N$4,$C$6:$N$6) -> Dec | G76: =_xlfn.CONCAT(F76,"'",E76) -> Dec'14/15 | M76: 14/15 | N76: =C7 -> #N/A | O76: =N76+D7 -> #N/A | P76: =O76+E7 -> #N/A | Q76: =P76+F7 -> #N/A | R76: =Q76+G7 -> #N/A | S76: =R76+H7 -> #N/A | T76: =S76+I7 -> #N/A | U76: =T76+J7 -> #N/A | V76: =U76+K7 -> #N/A | ... Y76: =X76+N7 -> #N/A
B77: 1 | C77: 4 | D77: =INDEX($C$7:$N$19,MATCH(B77,$A$7:$A$19),MATCH(C77,$C$4:$N$4)) -> #N/A | E77: =_xlfn.XLOOKUP(B77,$A$7:$A$19,$B$7:$B$19) -> 14/15 | F77: =_xlfn.XLOOKUP(C77,$C$4:$N$4,$C$6:$N$6) -> Jan | G77: =_xlfn.CONCAT(F77,"'",E77) -> Jan'14/15 | M77: 15/16 | N77: =C8 -> #N/A | O77: =N77+D8 -> #N/A | P77: =O77+E8 -> #N/A | Q77: =P77+F8 -> #N/A | R77: =Q77+G8 -> #N/A | S77: =R77+H8 -> #N/A | T77: =S77+I8 -> #N/A | U77: =T77+J8 -> #N/A | V77: =U77+K8 -> #N/A | ... Y77: =X77+N8 -> #N/A
B78: 1 | C78: 5 | D78: =INDEX($C$7:$N$19,MATCH(B78,$A$7:$A$19),MATCH(C78,$C$4:$N$4)) -> #N/A | E78: =_xlfn.XLOOKUP(B78,$A$7:$A$19,$B$7:$B$19) -> 14/15 | F78: =_xlfn.XLOOKUP(C78,$C$4:$N$4,$C$6:$N$6) -> Feb | G78: =_xlfn.CONCAT(F78,"'",E78) -> Feb'14/15 | M78: 16/17 | N78: =C9 -> #N/A | O78: =N78+D9 -> #N/A | P78: =O78+E9 -> #N/A | Q78: =P78+F9 -> #N/A | R78: =Q78+G9 -> #N/A | S78: =R78+H9 -> #N/A | T78: =S78+I9 -> #N/A | U78: =T78+J9 -> #N/A | V78: =U78+K9 -> #N/A | ... Y78: =X78+N9 -> #N/A
B79: 1 | C79: 6 | D79: =INDEX($C$7:$N$19,MATCH(B79,$A$7:$A$19),MATCH(C79,$C$4:$N$4)) -> #N/A | E79: =_xlfn.XLOOKUP(B79,$A$7:$A$19,$B$7:$B$19) -> 14/15 | F79: =_xlfn.XLOOKUP(C79,$C$4:$N$4,$C$6:$N$6) -> Mar | G79: =_xlfn.CONCAT(F79,"'",E79) -> Mar'14/15 | M79: 17/18 | N79: =C10 -> 8630970.5 | O79: =N79+D10 -> 17686908 | P79: =O79+E10 -> 27833850 | Q79: =P79+F10 -> 38520320 | R79: =Q79+G10 -> 48553544 | S79: =R79+H10 -> 59702979 | T79: =S79+I10 -> 70002296 | U79: =T79+J10 -> 79790539 | V79: =U79+K10 -> 90544458 | ... Y79: =X79+N10 -> 1.2193451e+08
B80: 1 | C80: 7 | D80: =INDEX($C$7:$N$19,MATCH(B80,$A$7:$A$19),MATCH(C80,$C$4:$N$4)) -> #N/A | E80: =_xlfn.XLOOKUP(B80,$A$7:$A$19,$B$7:$B$19) -> 14/15 | F80: =_xlfn.XLOOKUP(C80,$C$4:$N$4,$C$6:$N$6) -> Apr | G80: =_xlfn.CONCAT(F80,"'",E80) -> Apr'14/15 | M80: 18/19 | N80: =C11 -> 10671216 | O80: =N80+D11 -> 21414924 | P80: =O80+E11 -> 32361229 | Q80: =P80+F11 -> 43764128 | R80: =Q80+G11 -> 54634798 | S80: =R80+H11 -> 65990707 | T80: =S80+I11 -> 76999858 | U80: =T80+J11 -> 89301977 | V80: =U80+K11 -> 1.0072678e+08 | ... Y80: =X80+N11 -> 1.3408852e+08
B81: 1 | C81: 8 | D81: =INDEX($C$7:$N$19,MATCH(B81,$A$7:$A$19),MATCH(C81,$C$4:$N$4)) -> #N/A | E81: =_xlfn.XLOOKUP(B81,$A$7:$A$19,$B$7:$B$19) -> 14/15 | F81: =_xlfn.XLOOKUP(C81,$C$4:$N$4,$C$6:$N$6) -> May | G81: =_xlfn.CONCAT(F81,"'",E81) -> May'14/15 | M81: 19/20 | N81: =C12 -> 9950618.6 | O81: =N81+D12 -> 19593804 | P81: =O81+E12 -> 30409536 | Q81: =P81+F12 -> 40614251 | R81: =Q81+G12 -> 52144822 | S81: =R81+H12 -> 64291640 | T81: =S81+I12 -> 75553132 | U81: =T81+J12 -> 86273023 | V81: =U81+K12 -> 96936618 | ... Y81: =X81+N12 -> 1.2906282e+08
B82: 1 | C82: 9 | D82: =INDEX($C$7:$N$19,MATCH(B82,$A$7:$A$19),MATCH(C82,$C$4:$N$4)) -> #N/A | E82: =_xlfn.XLOOKUP(B82,$A$7:$A$19,$B$7:$B$19) -> 14/15 | F82: =_xlfn.XLOOKUP(C82,$C$4:$N$4,$C$6:$N$6) -> Jun | G82: =_xlfn.CONCAT(F82,"'",E82) -> Jun'14/15 | M82: 20/21 | N82: =C13 -> 10162602 | O82: =N82+D13 -> 20701427 | P82: =O82+E13 -> 32193501 | Q82: =P82+F13 -> 42757392 | R82: =Q82+G13 -> 54374171 | S82: =R82+H13 -> 67062446 | T82: =S82+I13 -> 78820228 | U82: =T82+J13 -> 89343432 | V82: =U82+K13 -> 1.0097994e+08 | ... Y82: =X82+N13 -> 1.3337181e+08
B83: 1 | C83: 10 | D83: =INDEX($C$7:$N$19,MATCH(B83,$A$7:$A$19),MATCH(C83,$C$4:$N$4)) -> #N/A | E83: =_xlfn.XLOOKUP(B83,$A$7:$A$19,$B$7:$B$19) -> 14/15 | F83: =_xlfn.XLOOKUP(C83,$C$4:$N$4,$C$6:$N$6) -> Jul | G83: =_xlfn.CONCAT(F83,"'",E83) -> Jul'14/15 | M83: 21/22 | N83: =C14 -> 9949518.2 | O83: =N83+D14 -> 19753586 | P83: =O83+E14 -> 31711915 | Q83: =P83+F14 -> 43942388 | R83: =Q83+G14 -> 55379238 | S83: =R83+H14 -> 68881195 | T83: =S83+I14 -> 79934198 | U83: =T83+J14 -> 91091666 | V83: =U83+K14 -> 1.0266955e+08 | ... Y83: =X83+N14 -> 1.3386133e+08
B84: 1 | C84: 11 | D84: =INDEX($C$7:$N$19,MATCH(B84,$A$7:$A$19),MATCH(C84,$C$4:$N$4)) -> #N/A | E84: =_xlfn.XLOOKUP(B84,$A$7:$A$19,$B$7:$B$19) -> 14/15 | F84: =_xlfn.XLOOKUP(C84,$C$4:$N$4,$C$6:$N$6) -> Aug | G84: =_xlfn.CONCAT(F84,"'",E84) -> Aug'14/15 | H84: Month | I84: Rolling 12m Sum | M84: 22/23 | N84: =C15 -> 9284589.2 | O84: =N84+D15 -> 19293806 | P84: =O84+E15 -> 29730089 | Q84: =P84+F15 -> 39014814 | R84: =Q84+G15 -> 49025952 | S84: =R84+H15 -> 60817601 | T84: =S84+I15 -> 71285753 | U84: =T84+J15 -> 82052944 | V84: =U84+K15 -> 92782480 | ... Y84: =X84+N15 -> 1.2308611e+08
B85: 1 | C85: 12 | D85: =INDEX($C$7:$N$19,MATCH(B85,$A$7:$A$19),MATCH(C85,$C$4:$N$4)) -> #N/A | E85: =_xlfn.XLOOKUP(B85,$A$7:$A$19,$B$7:$B$19) -> 14/15 | F85: =_xlfn.XLOOKUP(C85,$C$4:$N$4,$C$6:$N$6) -> Sep | G85: =_xlfn.CONCAT(F85,"'",E85) -> Sep'14/15 | H85: =G85 -> Sep'14/15 | I85: =SUM(D74:D85)/1000000 -> #N/A | M85: 23/24 | N85: =C16 -> 9231980.4 | O85: =N85+D16 -> 19808022 | P85: =O85+E16 -> 31482105 | Q85: =P85+F16 -> 43347140 | R85: =Q85+G16 -> 55115456 | S85: =R85+H16 -> 68285692 | T85: =S85+I16 -> 80480664 | U85: =T85+J16 -> 92747698 | V85: =U85+K16 -> 1.0398808e+08 | ... Y85: =X85+N16 -> 1.3859341e+08
B86: =B74+1 -> 2 | C86: =C74 -> 1 | D86: =INDEX($C$7:$N$19,MATCH(B86,$A$7:$A$19),MATCH(C86,$C$4:$N$4)) -> #N/A | E86: =_xlfn.XLOOKUP(B86,$A$7:$A$19,$B$7:$B$19) -> 15/16 | F86: =_xlfn.XLOOKUP(C86,$C$4:$N$4,$C$6:$N$6) -> Oct | G86: =_xlfn.CONCAT(F86,"'",E86) -> Oct'15/16 | H86: =G86 -> Oct'15/16 | I86: =SUM(D75:D86)/1000000 -> #N/A | M86: 24/25 | N86: =C17 -> 10738180 | O86: =N86+D17 -> 20398732 | P86: =O86+E17 -> 31806048 | Q86: =P86+F17 -> 42136380 | R86: =Q86+G17 -> 54288782 | S86: =R86+H17 -> 67366559 | T86: =S86+I17 -> 79411989 | U86: =T86+J17 -> 92141534 | V86: =U86+K17 -> 1.0431545e+08 | ... Y86: =X86+N17 -> 1.3937611e+08
B87: =B75+1 -> 2 | C87: =C75 -> 2 | D87: =INDEX($C$7:$N$19,MATCH(B87,$A$7:$A$19),MATCH(C87,$C$4:$N$4)) -> #N/A | E87: =_xlfn.XLOOKUP(B87,$A$7:$A$19,$B$7:$B$19) -> 15/16 | F87: =_xlfn.XLOOKUP(C87,$C$4:$N$4,$C$6:$N$6) -> Nov | G87: =_xlfn.CONCAT(F87,"'",E87) -> Nov'15/16 | H87: =G87 -> Nov'15/16 | I87: =SUM(D76:D87)/1000000 -> #N/A | M87: 25/26 | N87: =C18 -> 10619765 | O87: =N87+D18 -> 20588229 | P87: =O87+E18 -> 31415332 | Q87: =P87+F18 -> 42132845 | R87: =Q87+G18 -> 52466993 | S87: =R87+H18 -> 64175870 | T87: =S87+I18 -> 76434175 | U87: =T87+J18 -> #N/A | V87: =U87+K18 -> #N/A | ... Y87: =X87+N18 -> #N/A
B88: =B76+1 -> 2 | C88: =C76 -> 3 | D88: =INDEX($C$7:$N$19,MATCH(B88,$A$7:$A$19),MATCH(C88,$C$4:$N$4)) -> #N/A | E88: =_xlfn.XLOOKUP(B88,$A$7:$A$19,$B$7:$B$19) -> 15/16 | F88: =_xlfn.XLOOKUP(C88,$C$4:$N$4,$C$6:$N$6) -> Dec | G88: =_xlfn.CONCAT(F88,"'",E88) -> Dec'15/16 | H88: =G88 -> Dec'15/16 | I88: =SUM(D77:D88)/1000000 -> #N/A | M88: 26/27 | N88: =C19 -> #N/A | O88: =N88+D19 -> #N/A | P88: =O88+E19 -> #N/A | Q88: =P88+F19 -> #N/A | R88: =Q88+G19 -> #N/A | S88: =R88+H19 -> #N/A | T88: =S88+I19 -> #N/A | U88: =T88+J19 -> #N/A | V88: =U88+K19 -> #N/A | ... Y88: =X88+N19 -> #N/A
B89: =B77+1 -> 2 | C89: =C77 -> 4 | D89: =INDEX($C$7:$N$19,MATCH(B89,$A$7:$A$19),MATCH(C89,$C$4:$N$4)) -> #N/A | E89: =_xlfn.XLOOKUP(B89,$A$7:$A$19,$B$7:$B$19) -> 15/16 | F89: =_xlfn.XLOOKUP(C89,$C$4:$N$4,$C$6:$N$6) -> Jan | G89: =_xlfn.CONCAT(F89,"'",E89) -> Jan'15/16 | H89: =G89 -> Jan'15/16 | I89: =SUM(D78:D89)/1000000 -> #N/A
B90: =B78+1 -> 2 | C90: =C78 -> 5 | D90: =INDEX($C$7:$N$19,MATCH(B90,$A$7:$A$19),MATCH(C90,$C$4:$N$4)) -> #N/A | E90: =_xlfn.XLOOKUP(B90,$A$7:$A$19,$B$7:$B$19) -> 15/16 | F90: =_xlfn.XLOOKUP(C90,$C$4:$N$4,$C$6:$N$6) -> Feb | G90: =_xlfn.CONCAT(F90,"'",E90) -> Feb'15/16 | H90: =G90 -> Feb'15/16 | I90: =SUM(D79:D90)/1000000 -> #N/A
B91: =B79+1 -> 2 | C91: =C79 -> 6 | D91: =INDEX($C$7:$N$19,MATCH(B91,$A$7:$A$19),MATCH(C91,$C$4:$N$4)) -> #N/A | E91: =_xlfn.XLOOKUP(B91,$A$7:$A$19,$B$7:$B$19) -> 15/16 | F91: =_xlfn.XLOOKUP(C91,$C$4:$N$4,$C$6:$N$6) -> Mar | G91: =_xlfn.CONCAT(F91,"'",E91) -> Mar'15/16 | H91: =G91 -> Mar'15/16 | I91: =SUM(D80:D91)/1000000 -> #N/A
B92: =B80+1 -> 2 | C92: =C80 -> 7 | D92: =INDEX($C$7:$N$19,MATCH(B92,$A$7:$A$19),MATCH(C92,$C$4:$N$4)) -> #N/A | E92: =_xlfn.XLOOKUP(B92,$A$7:$A$19,$B$7:$B$19) -> 15/16 | F92: =_xlfn.XLOOKUP(C92,$C$4:$N$4,$C$6:$N$6) -> Apr | G92: =_xlfn.CONCAT(F92,"'",E92) -> Apr'15/16 | H92: =G92 -> Apr'15/16 | I92: =SUM(D81:D92)/1000000 -> #N/A
B93: =B81+1 -> 2 | C93: =C81 -> 8 | D93: =INDEX($C$7:$N$19,MATCH(B93,$A$7:$A$19),MATCH(C93,$C$4:$N$4)) -> #N/A | E93: =_xlfn.XLOOKUP(B93,$A$7:$A$19,$B$7:$B$19) -> 15/16 | F93: =_xlfn.XLOOKUP(C93,$C$4:$N$4,$C$6:$N$6) -> May | G93: =_xlfn.CONCAT(F93,"'",E93) -> May'15/16 | H93: =G93 -> May'15/16 | I93: =SUM(D82:D93)/1000000 -> #N/A
B94: =B82+1 -> 2 | C94: =C82 -> 9 | D94: =INDEX($C$7:$N$19,MATCH(B94,$A$7:$A$19),MATCH(C94,$C$4:$N$4)) -> #N/A | E94: =_xlfn.XLOOKUP(B94,$A$7:$A$19,$B$7:$B$19) -> 15/16 | F94: =_xlfn.XLOOKUP(C94,$C$4:$N$4,$C$6:$N$6) -> Jun | G94: =_xlfn.CONCAT(F94,"'",E94) -> Jun'15/16 | H94: =G94 -> Jun'15/16 | I94: =SUM(D83:D94)/1000000 -> #N/A
B95: =B83+1 -> 2 | C95: =C83 -> 10 | D95: =INDEX($C$7:$N$19,MATCH(B95,$A$7:$A$19),MATCH(C95,$C$4:$N$4)) -> #N/A | E95: =_xlfn.XLOOKUP(B95,$A$7:$A$19,$B$7:$B$19) -> 15/16 | F95: =_xlfn.XLOOKUP(C95,$C$4:$N$4,$C$6:$N$6) -> Jul | G95: =_xlfn.CONCAT(F95,"'",E95) -> Jul'15/16 | H95: =G95 -> Jul'15/16 | I95: =SUM(D84:D95)/1000000 -> #N/A
B96: =B84+1 -> 2 | C96: =C84 -> 11 | D96: =INDEX($C$7:$N$19,MATCH(B96,$A$7:$A$19),MATCH(C96,$C$4:$N$4)) -> #N/A | E96: =_xlfn.XLOOKUP(B96,$A$7:$A$19,$B$7:$B$19) -> 15/16 | F96: =_xlfn.XLOOKUP(C96,$C$4:$N$4,$C$6:$N$6) -> Aug | G96: =_xlfn.CONCAT(F96,"'",E96) -> Aug'15/16 | H96: =G96 -> Aug'15/16 | I96: =SUM(D85:D96)/1000000 -> #N/A
B97: =B85+1 -> 2 | C97: =C85 -> 12 | D97: =INDEX($C$7:$N$19,MATCH(B97,$A$7:$A$19),MATCH(C97,$C$4:$N$4)) -> #N/A | E97: =_xlfn.XLOOKUP(B97,$A$7:$A$19,$B$7:$B$19) -> 15/16 | F97: =_xlfn.XLOOKUP(C97,$C$4:$N$4,$C$6:$N$6) -> Sep | G97: =_xlfn.CONCAT(F97,"'",E97) -> Sep'15/16 | H97: =G97 -> Sep'15/16 | I97: =SUM(D86:D97)/1000000 -> #N/A
B98: =B86+1 -> 3 | C98: =C86 -> 1 | D98: =INDEX($C$7:$N$19,MATCH(B98,$A$7:$A$19),MATCH(C98,$C$4:$N$4)) -> #N/A | E98: =_xlfn.XLOOKUP(B98,$A$7:$A$19,$B$7:$B$19) -> 16/17 | F98: =_xlfn.XLOOKUP(C98,$C$4:$N$4,$C$6:$N$6) -> Oct | G98: =_xlfn.CONCAT(F98,"'",E98) -> Oct'16/17 | H98: =G98 -> Oct'16/17 | I98: =SUM(D87:D98)/1000000 -> #N/A
B99: =B87+1 -> 3 | C99: =C87 -> 2 | D99: =INDEX($C$7:$N$19,MATCH(B99,$A$7:$A$19),MATCH(C99,$C$4:$N$4)) -> #N/A | E99: =_xlfn.XLOOKUP(B99,$A$7:$A$19,$B$7:$B$19) -> 16/17 | F99: =_xlfn.XLOOKUP(C99,$C$4:$N$4,$C$6:$N$6) -> Nov | G99: =_xlfn.CONCAT(F99,"'",E99) -> Nov'16/17 | H99: =G99 -> Nov'16/17 | I99: =SUM(D88:D99)/1000000 -> #N/A
B100: =B88+1 -> 3 | C100: =C88 -> 3 | D100: =INDEX($C$7:$N$19,MATCH(B100,$A$7:$A$19),MATCH(C100,$C$4:$N$4)) -> #N/A | E100: =_xlfn.XLOOKUP(B100,$A$7:$A$19,$B$7:$B$19) -> 16/17 | F100: =_xlfn.XLOOKUP(C100,$C$4:$N$4,$C$6:$N$6) -> Dec | G100: =_xlfn.CONCAT(F100,"'",E100) -> Dec'16/17 | H100: =G100 -> Dec'16/17 | I100: =SUM(D89:D100)/1000000 -> #N/A
... B229: =B217+1 -> 13 | C229: =C217 -> 12 | D229: =INDEX($C$7:$N$19,MATCH(B229,$A$7:$A$19),MATCH(C229,$C$4:$N$4)) -> #N/A | E229: =_xlfn.XLOOKUP(B229,$A$7:$A$19,$B$7:$B$19) -> 26/27 | F229: =_xlfn.XLOOKUP(C229,$C$4:$N$4,$C$6:$N$6) -> Sep | G229: =_xlfn.CONCAT(F229,"'",E229) -> Sep'26/27 | H229: =G229 -> Sep'26/27 | I229: =SUM(D218:D229)/1000000 -> #N/A

Sheet Global TDM + Vietnam
A1: Global + Vietnam
AH2: YTD | AI2: =_xlfn.CONCAT(AE5," | ",S6) -> | YTD : Oct-Apr
C4: 1 | D4: 2 | E4: 3 | F4: 4 | G4: 5 | H4: 6 | I4: 7 | J4: 8 | K4: 9 | L4: 10 | M4: 11 | N4: 12
C5: =_xlfn.CONCAT(A1," (Monthly)") -> Global + Vietnam (Monthly)
C6: Oct | D6: Nov | E6: Dec | F6: Jan | G6: Feb | H6: Mar | I6: Apr | J6: May | K6: Jun | L6: Jul | M6: Aug | N6: Sep | P6: Total | Q6: % | S6: =_xlfn.CONCAT("YTD : ",IF(C56=1,"Oct Only",_xlfn.CONCAT("Oct-",OFFSET(B6,0,$C$56,1,1)))) -> YTD : Oct-Apr
A7: 1 | B7: 14/15 | C7: #N/A | D7: #N/A | E7: #N/A | F7: #N/A | G7: #N/A | H7: #N/A | I7: #N/A | J7: #N/A | K7: #N/A | L7: #N/A | M7: #N/A | N7: #N/A | O7: 14/15 | P7: =IF(COUNT(C7:N7)=12,SUM(C7:N7),"") | S7: 14/15
A8: 2 | B8: 15/16 | C8: #N/A | D8: #N/A | E8: #N/A | F8: #N/A | G8: #N/A | H8: #N/A | I8: #N/A | J8: #N/A | K8: #N/A | L8: #N/A | M8: #N/A | N8: #N/A | O8: 15/16 | P8: =IF(COUNT(C8:N8)=12,SUM(C8:N8),"") | Q8: =IFERROR(P8/P7-1,"") | S8: 15/16 | U8: =IFERROR(T8/T7-1,"")
A9: 3 | B9: 16/17 | C9: 10954100 | D9: 11034100 | E9: 12652217 | F9: 11826133 | G9: 11680583 | H9: 13757350 | I9: 11601317 | J9: 12376150 | K9: 11541050 | L9: 11045100 | M9: 11236051 | N9: 10290317 | O9: 16/17 | P9: =IF(COUNT(C9:N9)=12,SUM(C9:N9),"") -> 1.3999447e+08 | Q9: =IFERROR(P9/P8-1,"") | S9: 16/17 | U9: =IFERROR(T9/T8-1,"")
A10: 4 | B10: 17/18 | C10: 10396267 | D10: 10860351 | E10: 11342100 | F10: 12900467 | G10: 11260350 | H10: 13237333 | I10: 12122650 | J10: 11890000 | K10: 12149100 | L10: 10616000 | M10: 11784100 | N10: 11177767 | O10: 17/18 | P10: =IF(COUNT(C10:N10)=12,SUM(C10:N10),"") -> 1.3973648e+08 | Q10: =IFERROR(P10/P9-1,"") -> -0.0018428112 | S10: 17/18 | T10: =IF(SUM(OFFSET(C10,0,0,1,$C$56))=0,"",SUM(OFFSET(C10,0,0,1,$C$56))) -> 82119518 | U10: =IFERROR(T10/T9-1,"")
A11: 5 | B11: 18/19 | C11: 12224967 | D11: 12735067 | E11: 12779850 | F11: 13426450 | G11: 12432000 | H11: 13950517 | I11: 12753717 | J11: 13959567 | K11: 12584000 | L11: 13364417 | M11: 12094300 | N11: 11605883 | O11: 18/19 | P11: =IF(COUNT(C11:N11)=12,SUM(C11:N11),"") -> 1.5391073e+08 | Q11: =IFERROR(P11/P10-1,"") -> 0.10143556 | S11: 18/19 | T11: =IF(SUM(OFFSET(C11,0,0,1,$C$56))=0,"",SUM(OFFSET(C11,0,0,1,$C$56))) -> 90302567 | U11: =IFERROR(T11/T10-1,"") -> 0.099648037
A12: 6 | B12: 19/20 | C12: 11643650 | D12: 11555817 | E12: 12828433 | F12: 11830383 | G12: 12610883 | H12: 13620083 | I12: 12939433 | J12: 12454833 | K12: 11763600 | L12: 12146700 | M12: 11151850 | N12: 11916917 | O12: 19/20 | P12: =IF(COUNT(C12:N12)=12,SUM(C12:N12),"") -> 1.4646258e+08 | Q12: =IFERROR(P12/P11-1,"") -> -0.048392661 | S12: 19/20 | T12: =IF(SUM(OFFSET(C12,0,0,1,$C$56))=0,"",SUM(OFFSET(C12,0,0,1,$C$56))) -> 87028683 | U12: =IFERROR(T12/T11-1,"") -> -0.036254599
A13: 7 | B13: 20/21 | C13: 11567333 | D13: 12117267 | E13: 13407133 | F13: 12576567 | G13: 12320967 | H13: 15164233 | I13: 13353100 | J13: 12368717 | K13: 12728500 | L13: 12304033 | M13: 11984117 | N13: 11860167 | O13: 20/21 | P13: =IF(COUNT(C13:N13)=12,SUM(C13:N13),"") -> 1.5175213e+08 | Q13: =IFERROR(P13/P12-1,"") -> 0.036115367 | S13: 20/21 | T13: =IF(SUM(OFFSET(C13,0,0,1,$C$56))=0,"",SUM(OFFSET(C13,0,0,1,$C$56))) -> 90506600 | U13: =IFERROR(T13/T12-1,"") -> 0.039962878
A14: 8 | B14: 21/22 | C14: 11563100 | D14: 11724150 | E14: 13447867 | F14: 13967500 | G14: 13086683 | H14: 15474783 | I14: 12712517 | J14: 12360383 | K14: 13552800 | L14: 13886233 | M14: 11867867 | N14: 11724367 | O14: 21/22 | P14: =IF(COUNT(C14:N14)=12,SUM(C14:N14),"") -> 155368250 | Q14: =IFERROR(P14/P13-1,"") -> 0.023829099 | S14: 21/22 | T14: =IF(SUM(OFFSET(C14,0,0,1,$C$56))=0,NA(),SUM(OFFSET(C14,0,0,1,$C$56))) -> 91976600 | U14: =IFERROR(T14/T13-1,"") -> 0.016241909
A15: 9 | B15: 22/23 | C15: 11325750 | D15: 12293467 | E15: 12538867 | F15: 10804587 | G15: 11385232 | H15: 12848742 | I15: 12011142 | J15: 12007556 | K15: 12114723 | L15: 12432448 | M15: 12144480 | N15: 9968256.5 | O15: 22/23 | P15: =IF(COUNT(C15:N15)=12,SUM(C15:N15),"") -> 1.4187525e+08 | Q15: =IFERROR(P15/P14-1,"") -> -0.086845287 | S15: 22/23 | T15: =IF(SUM(OFFSET(C15,0,0,1,$C$56))=0,NA(),SUM(OFFSET(C15,0,0,1,$C$56))) -> 83207786 | U15: =IFERROR(T15/T14-1,"") -> -0.095337446
A16: 10 | B16: 23/24 | C16: 10973177 | D16: 12626364 | E16: 13550975 | F16: 13829033 | G16: 12851367 | H16: 13485100 | I16: 14038250 | J16: 13329833 | K16: 12012067 | L16: 12524250 | M16: 12108167 | N16: 11953750 | O16: 23/24 | P16: =IF(COUNT(C16:N16)=12,SUM(C16:N16),"") -> 1.5328233e+08 | Q16: =IFERROR(P16/P15-1,"") -> 0.080402204 | S16: 23/24 | T16: =IF(SUM(OFFSET(C16,0,0,1,$C$56))=0,NA(),SUM(OFFSET(C16,0,0,1,$C$56))) -> 91354266 | U16: =IFERROR(T16/T15-1,"") -> 0.097905261
A17: 11 | B17: 24/25 | C17: 12596066 | D17: 11889967 | E17: 11809533 | F17: 13087433 | G17: 12776267 | H17: 14938467 | I17: 13238250 | J17: 13465617 | K17: 11940617 | L17: 12149850 | M17: 10918183 | N17: 11755967 | O17: 24/25 | P17: =IF(COUNT(C17:N17)=12,SUM(C17:N17),"") -> 1.5056622e+08 | Q17: =IFERROR(P17/P16-1,"") -> -0.017719697 | S17: 24/25 | T17: =IF(SUM(OFFSET(C17,0,0,1,$C$56))=0,NA(),SUM(OFFSET(C17,0,0,1,$C$56))) -> 90335983 | U17: =IFERROR(T17/T16-1,"") -> -0.011146527
A18: 12 | B18: 25/26 | C18: 10567150 | D18: ='S5 Arabica'!D18+'S5 Robusta'!D18 -> 8871933.3 | E18: ='S5 Arabica'!E18+'S5 Robusta'!E18 -> 9594239.5 | F18: ='S5 Arabica'!F18+'S5 Robusta'!F18 -> 9591414 | G18: ='S5 Arabica'!G18+'S5 Robusta'!G18 -> 8393792.3 | H18: ='S5 Arabica'!H18+'S5 Robusta'!H18 -> 9569299.3 | I18: ='S5 Arabica'!I18+'S5 Robusta'!I18 -> 9619436 | J18: ='S5 Arabica'!J18+'S5 Robusta'!J18 -> #N/A | K18: ='S5 Arabica'!K18+'S5 Robusta'!K18 -> #N/A | ... N18: ='S5 Arabica'!N18+'S5 Robusta'!N18 -> #N/A | O18: 25/26 | P18: =IF(COUNT(C18:N18)=12,SUM(C18:N18),"") | Q18: =IFERROR(P18/P17-1,"") | S18: 25/26 | T18: =IF(SUM(OFFSET(C18,0,0,1,$C$56))=0,NA(),SUM(OFFSET(C18,0,0,1,$C$56))) -> 66207264 | U18: =IFERROR(T18/T17-1,"") -> -0.26709975
A19: 13 | B19: 26/27 | C19: =NA() -> #N/A | D19: =NA() -> #N/A | E19: =NA() -> #N/A | F19: =NA() -> #N/A | G19: =NA() -> #N/A | H19: =NA() -> #N/A | I19: =NA() -> #N/A | J19: =NA() -> #N/A | ... N19: =NA() -> #N/A | O19: 26/27 | P19: =IF(COUNT(C19:N19)=12,SUM(C19:N19),"") | S19: 26/27 | T19: =IF(SUM(OFFSET(C19,0,0,1,$C$56))=0,NA(),SUM(OFFSET(C19,0,0,1,$C$56))) -> #N/A
B20: YoY | C20: =IFERROR(C18/C17-1,"") -> -0.16107539 | D20: =IFERROR(D18/D17-1,"") -> -0.25383027 | E20: =IFERROR(E18/E17-1,"") -> -0.18758521 | F20: =IFERROR(F18/F17-1,"") -> -0.26712796 | G20: =IFERROR(G18/G17-1,"") -> -0.34301682 | H20: =IFERROR(H18/H17-1,"") -> -0.35941891 | I20: =IFERROR(I18/I17-1,"") -> -0.27336045 | J20: =IFERROR(J18/J17-1,"") | ... N20: =IFERROR(N18/N17-1,"")
K27: =_xlfn.CONCAT(A1," | ",S6) -> Global + Vietnam | YTD : Oct-Apr | Q27: =_xlfn.CONCAT(A1," | ","Cumulative") -> Global + Vietnam | Cumulative
B56: Offset | C56: =COUNT(C18:N18) -> 7 | D56: =OFFSET(B6,0,$C$56,1,1) -> Apr | E56: =B18 -> 25/26 | F56: =_xlfn.CONCAT(D56,"'",E56) -> Apr'25/26
B58: =_xlfn.CONCAT(#REF!," (Monthly)") -> #REF!
B59: Oct | C59: Nov | D59: Dec | E59: Jan | F59: Feb | G59: Mar | H59: Apr | I59: May | J59: Jun | K59: Jul | L59: Aug | M59: Sep
A60: Proportion | B60: 0.76027428 | C60: 0.75388157 | D60: 0.79417851 | E60: 0.76566518 | F60: 0.75094893 | G60: 0.73124205 | H60: 0.70087238 | I60: 0.69260286 | J60: 0.71137729 | K60: 0.71381188 | L60: 0.75289842 | M60: 0.75875422
B65: Oct | C65: Nov | D65: Dec | E65: Jan | F65: Feb | G65: Mar | H65: Apr | I65: May | J65: Jun | K65: Jul | L65: Aug | M65: Sep
A66: =B18 -> 25/26 | B66: =C18 -> 10567150 | C66: =D18 -> 8871933.3 | D66: =E18 -> 9594239.5 | E66: =F18 -> 9591414 | F66: =G18 -> 8393792.3 | G66: =H18 -> 9569299.3 | H66: =I18 -> 9619436 | ... M66: =N18 -> #N/A
A67: Min | B67: =MIN(C10:C17) -> 10396267 | C67: =MIN(D10:D17) -> 10860351 | D67: =MIN(E10:E17) -> 11342100 | E67: =MIN(F10:F17) -> 10804587 | F67: =MIN(G10:G17) -> 11260350 | G67: =MIN(H10:H17) -> 12848742 | H67: =MIN(I10:I17) -> 12011142 | I67: =MIN(J10:J17) -> 11890000 | ... M67: =MIN(N10:N17) -> 9968256.5
A68: Max | B68: =MAX(C10:C17) -> 12596066 | C68: =MAX(D10:D17) -> 12735067 | D68: =MAX(E10:E17) -> 13550975 | E68: =MAX(F10:F17) -> 13967500 | F68: =MAX(G10:G17) -> 13086683 | G68: =MAX(H10:H17) -> 15474783 | H68: =MAX(I10:I17) -> 14038250 | I68: =MAX(J10:J17) -> 13959567 | ... M68: =MAX(N10:N17) -> 11953750
A69: Avg(5) | B69: =AVERAGE(C13:C17) -> 11605085 | C69: =AVERAGE(D13:D17) -> 12130243 | D69: =AVERAGE(E13:E17) -> 12950875 | E69: =AVERAGE(F13:F17) -> 12853024 | F69: =AVERAGE(G13:G17) -> 12484103 | G69: =AVERAGE(H13:H17) -> 14382265 | H69: =AVERAGE(I13:I17) -> 13070652 | I69: =AVERAGE(J13:J17) -> 12706421 | ... M69: =AVERAGE(N13:N17) -> 11452501
B74: 1 | C74: 1 | D74: =INDEX($C$7:$N$19,MATCH(B74,$A$7:$A$19),MATCH(C74,$C$4:$N$4)) -> #N/A | E74: =_xlfn.XLOOKUP(B74,$A$7:$A$19,$B$7:$B$19) -> 14/15 | F74: =_xlfn.XLOOKUP(C74,$C$4:$N$4,$C$6:$N$6) -> Oct | G74: =_xlfn.CONCAT(F74,"'",E74) -> Oct'14/15 | N74: Cumulative
B75: 1 | C75: 2 | D75: =INDEX($C$7:$N$19,MATCH(B75,$A$7:$A$19),MATCH(C75,$C$4:$N$4)) -> #N/A | E75: =_xlfn.XLOOKUP(B75,$A$7:$A$19,$B$7:$B$19) -> 14/15 | F75: =_xlfn.XLOOKUP(C75,$C$4:$N$4,$C$6:$N$6) -> Nov | G75: =_xlfn.CONCAT(F75,"'",E75) -> Nov'14/15 | N75: Oct | O75: Nov | P75: Dec | Q75: Jan | R75: Feb | S75: Mar | T75: Apr | U75: May | V75: Jun | W75: Jul | X75: Aug | Y75: Sep
B76: 1 | C76: 3 | D76: =INDEX($C$7:$N$19,MATCH(B76,$A$7:$A$19),MATCH(C76,$C$4:$N$4)) -> #N/A | E76: =_xlfn.XLOOKUP(B76,$A$7:$A$19,$B$7:$B$19) -> 14/15 | F76: =_xlfn.XLOOKUP(C76,$C$4:$N$4,$C$6:$N$6) -> Dec | G76: =_xlfn.CONCAT(F76,"'",E76) -> Dec'14/15 | M76: 14/15 | N76: =C7 -> #N/A | O76: =N76+D7 -> #N/A | P76: =O76+E7 -> #N/A | Q76: =P76+F7 -> #N/A | R76: =Q76+G7 -> #N/A | S76: =R76+H7 -> #N/A | T76: =S76+I7 -> #N/A | U76: =T76+J7 -> #N/A | V76: =U76+K7 -> #N/A | ... Y76: =X76+N7 -> #N/A
B77: 1 | C77: 4 | D77: =INDEX($C$7:$N$19,MATCH(B77,$A$7:$A$19),MATCH(C77,$C$4:$N$4)) -> #N/A | E77: =_xlfn.XLOOKUP(B77,$A$7:$A$19,$B$7:$B$19) -> 14/15 | F77: =_xlfn.XLOOKUP(C77,$C$4:$N$4,$C$6:$N$6) -> Jan | G77: =_xlfn.CONCAT(F77,"'",E77) -> Jan'14/15 | M77: 15/16 | N77: =C8 -> #N/A | O77: =N77+D8 -> #N/A | P77: =O77+E8 -> #N/A | Q77: =P77+F8 -> #N/A | R77: =Q77+G8 -> #N/A | S77: =R77+H8 -> #N/A | T77: =S77+I8 -> #N/A | U77: =T77+J8 -> #N/A | V77: =U77+K8 -> #N/A | ... Y77: =X77+N8 -> #N/A
B78: 1 | C78: 5 | D78: =INDEX($C$7:$N$19,MATCH(B78,$A$7:$A$19),MATCH(C78,$C$4:$N$4)) -> #N/A | E78: =_xlfn.XLOOKUP(B78,$A$7:$A$19,$B$7:$B$19) -> 14/15 | F78: =_xlfn.XLOOKUP(C78,$C$4:$N$4,$C$6:$N$6) -> Feb | G78: =_xlfn.CONCAT(F78,"'",E78) -> Feb'14/15 | M78: 16/17 | N78: =C9 -> 10954100 | O78: =N78+D9 -> 21988200 | P78: =O78+E9 -> 34640417 | Q78: =P78+F9 -> 46466550 | R78: =Q78+G9 -> 58147133 | S78: =R78+H9 -> 71904483 | T78: =S78+I9 -> 83505800 | U78: =T78+J9 -> 95881950 | V78: =U78+K9 -> 1.07423e+08 | ... Y78: =X78+N9 -> 1.3999447e+08
B79: 1 | C79: 6 | D79: =INDEX($C$7:$N$19,MATCH(B79,$A$7:$A$19),MATCH(C79,$C$4:$N$4)) -> #N/A | E79: =_xlfn.XLOOKUP(B79,$A$7:$A$19,$B$7:$B$19) -> 14/15 | F79: =_xlfn.XLOOKUP(C79,$C$4:$N$4,$C$6:$N$6) -> Mar | G79: =_xlfn.CONCAT(F79,"'",E79) -> Mar'14/15 | M79: 17/18 | N79: =C10 -> 10396267 | O79: =N79+D10 -> 21256618 | P79: =O79+E10 -> 32598718 | Q79: =P79+F10 -> 45499185 | R79: =Q79+G10 -> 56759535 | S79: =R79+H10 -> 69996868 | T79: =S79+I10 -> 82119518 | U79: =T79+J10 -> 94009518 | V79: =U79+K10 -> 1.0615862e+08 | ... Y79: =X79+N10 -> 1.3973648e+08
B80: 1 | C80: 7 | D80: =INDEX($C$7:$N$19,MATCH(B80,$A$7:$A$19),MATCH(C80,$C$4:$N$4)) -> #N/A | E80: =_xlfn.XLOOKUP(B80,$A$7:$A$19,$B$7:$B$19) -> 14/15 | F80: =_xlfn.XLOOKUP(C80,$C$4:$N$4,$C$6:$N$6) -> Apr | G80: =_xlfn.CONCAT(F80,"'",E80) -> Apr'14/15 | M80: 18/19 | N80: =C11 -> 12224967 | O80: =N80+D11 -> 24960033 | P80: =O80+E11 -> 37739883 | Q80: =P80+F11 -> 51166333 | R80: =Q80+G11 -> 63598333 | S80: =R80+H11 -> 77548850 | T80: =S80+I11 -> 90302567 | U80: =T80+J11 -> 1.0426213e+08 | V80: =U80+K11 -> 1.1684613e+08 | ... Y80: =X80+N11 -> 1.5391073e+08
B81: 1 | C81: 8 | D81: =INDEX($C$7:$N$19,MATCH(B81,$A$7:$A$19),MATCH(C81,$C$4:$N$4)) -> #N/A | E81: =_xlfn.XLOOKUP(B81,$A$7:$A$19,$B$7:$B$19) -> 14/15 | F81: =_xlfn.XLOOKUP(C81,$C$4:$N$4,$C$6:$N$6) -> May | G81: =_xlfn.CONCAT(F81,"'",E81) -> May'14/15 | M81: 19/20 | N81: =C12 -> 11643650 | O81: =N81+D12 -> 23199467 | P81: =O81+E12 -> 36027900 | Q81: =P81+F12 -> 47858283 | R81: =Q81+G12 -> 60469167 | S81: =R81+H12 -> 74089250 | T81: =S81+I12 -> 87028683 | U81: =T81+J12 -> 99483517 | V81: =U81+K12 -> 1.1124712e+08 | ... Y81: =X81+N12 -> 1.4646258e+08
B82: 1 | C82: 9 | D82: =INDEX($C$7:$N$19,MATCH(B82,$A$7:$A$19),MATCH(C82,$C$4:$N$4)) -> #N/A | E82: =_xlfn.XLOOKUP(B82,$A$7:$A$19,$B$7:$B$19) -> 14/15 | F82: =_xlfn.XLOOKUP(C82,$C$4:$N$4,$C$6:$N$6) -> Jun | G82: =_xlfn.CONCAT(F82,"'",E82) -> Jun'14/15 | M82: 20/21 | N82: =C13 -> 11567333 | O82: =N82+D13 -> 23684600 | P82: =O82+E13 -> 37091733 | Q82: =P82+F13 -> 49668300 | R82: =Q82+G13 -> 61989267 | S82: =R82+H13 -> 77153500 | T82: =S82+I13 -> 90506600 | U82: =T82+J13 -> 1.0287532e+08 | V82: =U82+K13 -> 1.1560382e+08 | ... Y82: =X82+N13 -> 1.5175213e+08
B83: 1 | C83: 10 | D83: =INDEX($C$7:$N$19,MATCH(B83,$A$7:$A$19),MATCH(C83,$C$4:$N$4)) -> #N/A | E83: =_xlfn.XLOOKUP(B83,$A$7:$A$19,$B$7:$B$19) -> 14/15 | F83: =_xlfn.XLOOKUP(C83,$C$4:$N$4,$C$6:$N$6) -> Jul | G83: =_xlfn.CONCAT(F83,"'",E83) -> Jul'14/15 | M83: 21/22 | N83: =C14 -> 11563100 | O83: =N83+D14 -> 23287250 | P83: =O83+E14 -> 36735117 | Q83: =P83+F14 -> 50702617 | R83: =Q83+G14 -> 63789300 | S83: =R83+H14 -> 79264083 | T83: =S83+I14 -> 91976600 | U83: =T83+J14 -> 1.0433698e+08 | V83: =U83+K14 -> 1.1788978e+08 | ... Y83: =X83+N14 -> 155368250
B84: 1 | C84: 11 | D84: =INDEX($C$7:$N$19,MATCH(B84,$A$7:$A$19),MATCH(C84,$C$4:$N$4)) -> #N/A | E84: =_xlfn.XLOOKUP(B84,$A$7:$A$19,$B$7:$B$19) -> 14/15 | F84: =_xlfn.XLOOKUP(C84,$C$4:$N$4,$C$6:$N$6) -> Aug | G84: =_xlfn.CONCAT(F84,"'",E84) -> Aug'14/15 | H84: Month | I84: Rolling 12m Sum | M84: 22/23 | N84: =C15 -> 11325750 | O84: =N84+D15 -> 23619217 | P84: =O84+E15 -> 36158083 | Q84: =P84+F15 -> 46962670 | R84: =Q84+G15 -> 58347902 | S84: =R84+H15 -> 71196644 | T84: =S84+I15 -> 83207786 | U84: =T84+J15 -> 95215342 | V84: =U84+K15 -> 1.0733006e+08 | ... Y84: =X84+N15 -> 1.4187525e+08
B85: 1 | C85: 12 | D85: =INDEX($C$7:$N$19,MATCH(B85,$A$7:$A$19),MATCH(C85,$C$4:$N$4)) -> #N/A | E85: =_xlfn.XLOOKUP(B85,$A$7:$A$19,$B$7:$B$19) -> 14/15 | F85: =_xlfn.XLOOKUP(C85,$C$4:$N$4,$C$6:$N$6) -> Sep | G85: =_xlfn.CONCAT(F85,"'",E85) -> Sep'14/15 | H85: =G85 -> Sep'14/15 | I85: =SUM(D74:D85)/1000000 -> #N/A | M85: 23/24 | N85: =C16 -> 10973177 | O85: =N85+D16 -> 23599541 | P85: =O85+E16 -> 37150516 | Q85: =P85+F16 -> 50979549 | R85: =Q85+G16 -> 63830916 | S85: =R85+H16 -> 77316016 | T85: =S85+I16 -> 91354266 | U85: =T85+J16 -> 1.046841e+08 | V85: =U85+K16 -> 1.1669617e+08 | ... Y85: =X85+N16 -> 1.5328233e+08
B86: =B74+1 -> 2 | C86: =C74 -> 1 | D86: =INDEX($C$7:$N$19,MATCH(B86,$A$7:$A$19),MATCH(C86,$C$4:$N$4)) -> #N/A | E86: =_xlfn.XLOOKUP(B86,$A$7:$A$19,$B$7:$B$19) -> 15/16 | F86: =_xlfn.XLOOKUP(C86,$C$4:$N$4,$C$6:$N$6) -> Oct | G86: =_xlfn.CONCAT(F86,"'",E86) -> Oct'15/16 | H86: =G86 -> Oct'15/16 | I86: =SUM(D75:D86)/1000000 -> #N/A | M86: 24/25 | N86: =C17 -> 12596066 | O86: =N86+D17 -> 24486033 | P86: =O86+E17 -> 36295566 | Q86: =P86+F17 -> 49383000 | R86: =Q86+G17 -> 62159266 | S86: =R86+H17 -> 77097733 | T86: =S86+I17 -> 90335983 | U86: =T86+J17 -> 1.038016e+08 | V86: =U86+K17 -> 1.1574222e+08 | ... Y86: =X86+N17 -> 1.5056622e+08
B87: =B75+1 -> 2 | C87: =C75 -> 2 | D87: =INDEX($C$7:$N$19,MATCH(B87,$A$7:$A$19),MATCH(C87,$C$4:$N$4)) -> #N/A | E87: =_xlfn.XLOOKUP(B87,$A$7:$A$19,$B$7:$B$19) -> 15/16 | F87: =_xlfn.XLOOKUP(C87,$C$4:$N$4,$C$6:$N$6) -> Nov | G87: =_xlfn.CONCAT(F87,"'",E87) -> Nov'15/16 | H87: =G87 -> Nov'15/16 | I87: =SUM(D76:D87)/1000000 -> #N/A | M87: 25/26 | N87: =C18 -> 10567150 | O87: =N87+D18 -> 19439083 | P87: =O87+E18 -> 29033323 | Q87: =P87+F18 -> 38624737 | R87: =Q87+G18 -> 47018529 | S87: =R87+H18 -> 56587828 | T87: =S87+I18 -> 66207264 | U87: =T87+J18 -> #N/A | V87: =U87+K18 -> #N/A | ... Y87: =X87+N18 -> #N/A
B88: =B76+1 -> 2 | C88: =C76 -> 3 | D88: =INDEX($C$7:$N$19,MATCH(B88,$A$7:$A$19),MATCH(C88,$C$4:$N$4)) -> #N/A | E88: =_xlfn.XLOOKUP(B88,$A$7:$A$19,$B$7:$B$19) -> 15/16 | F88: =_xlfn.XLOOKUP(C88,$C$4:$N$4,$C$6:$N$6) -> Dec | G88: =_xlfn.CONCAT(F88,"'",E88) -> Dec'15/16 | H88: =G88 -> Dec'15/16 | I88: =SUM(D77:D88)/1000000 -> #N/A | M88: 26/27 | N88: =C19 -> #N/A | O88: =N88+D19 -> #N/A | P88: =O88+E19 -> #N/A | Q88: =P88+F19 -> #N/A | R88: =Q88+G19 -> #N/A | S88: =R88+H19 -> #N/A | T88: =S88+I19 -> #N/A | U88: =T88+J19 -> #N/A | V88: =U88+K19 -> #N/A | ... Y88: =X88+N19 -> #N/A
B89: =B77+1 -> 2 | C89: =C77 -> 4 | D89: =INDEX($C$7:$N$19,MATCH(B89,$A$7:$A$19),MATCH(C89,$C$4:$N$4)) -> #N/A | E89: =_xlfn.XLOOKUP(B89,$A$7:$A$19,$B$7:$B$19) -> 15/16 | F89: =_xlfn.XLOOKUP(C89,$C$4:$N$4,$C$6:$N$6) -> Jan | G89: =_xlfn.CONCAT(F89,"'",E89) -> Jan'15/16 | H89: =G89 -> Jan'15/16 | I89: =SUM(D78:D89)/1000000 -> #N/A
B90: =B78+1 -> 2 | C90: =C78 -> 5 | D90: =INDEX($C$7:$N$19,MATCH(B90,$A$7:$A$19),MATCH(C90,$C$4:$N$4)) -> #N/A | E90: =_xlfn.XLOOKUP(B90,$A$7:$A$19,$B$7:$B$19) -> 15/16 | F90: =_xlfn.XLOOKUP(C90,$C$4:$N$4,$C$6:$N$6) -> Feb | G90: =_xlfn.CONCAT(F90,"'",E90) -> Feb'15/16 | H90: =G90 -> Feb'15/16 | I90: =SUM(D79:D90)/1000000 -> #N/A
B91: =B79+1 -> 2 | C91: =C79 -> 6 | D91: =INDEX($C$7:$N$19,MATCH(B91,$A$7:$A$19),MATCH(C91,$C$4:$N$4)) -> #N/A | E91: =_xlfn.XLOOKUP(B91,$A$7:$A$19,$B$7:$B$19) -> 15/16 | F91: =_xlfn.XLOOKUP(C91,$C$4:$N$4,$C$6:$N$6) -> Mar | G91: =_xlfn.CONCAT(F91,"'",E91) -> Mar'15/16 | H91: =G91 -> Mar'15/16 | I91: =SUM(D80:D91)/1000000 -> #N/A
B92: =B80+1 -> 2 | C92: =C80 -> 7 | D92: =INDEX($C$7:$N$19,MATCH(B92,$A$7:$A$19),MATCH(C92,$C$4:$N$4)) -> #N/A | E92: =_xlfn.XLOOKUP(B92,$A$7:$A$19,$B$7:$B$19) -> 15/16 | F92: =_xlfn.XLOOKUP(C92,$C$4:$N$4,$C$6:$N$6) -> Apr | G92: =_xlfn.CONCAT(F92,"'",E92) -> Apr'15/16 | H92: =G92 -> Apr'15/16 | I92: =SUM(D81:D92)/1000000 -> #N/A
B93: =B81+1 -> 2 | C93: =C81 -> 8 | D93: =INDEX($C$7:$N$19,MATCH(B93,$A$7:$A$19),MATCH(C93,$C$4:$N$4)) -> #N/A | E93: =_xlfn.XLOOKUP(B93,$A$7:$A$19,$B$7:$B$19) -> 15/16 | F93: =_xlfn.XLOOKUP(C93,$C$4:$N$4,$C$6:$N$6) -> May | G93: =_xlfn.CONCAT(F93,"'",E93) -> May'15/16 | H93: =G93 -> May'15/16 | I93: =SUM(D82:D93)/1000000 -> #N/A
B94: =B82+1 -> 2 | C94: =C82 -> 9 | D94: =INDEX($C$7:$N$19,MATCH(B94,$A$7:$A$19),MATCH(C94,$C$4:$N$4)) -> #N/A | E94: =_xlfn.XLOOKUP(B94,$A$7:$A$19,$B$7:$B$19) -> 15/16 | F94: =_xlfn.XLOOKUP(C94,$C$4:$N$4,$C$6:$N$6) -> Jun | G94: =_xlfn.CONCAT(F94,"'",E94) -> Jun'15/16 | H94: =G94 -> Jun'15/16 | I94: =SUM(D83:D94)/1000000 -> #N/A
B95: =B83+1 -> 2 | C95: =C83 -> 10 | D95: =INDEX($C$7:$N$19,MATCH(B95,$A$7:$A$19),MATCH(C95,$C$4:$N$4)) -> #N/A | E95: =_xlfn.XLOOKUP(B95,$A$7:$A$19,$B$7:$B$19) -> 15/16 | F95: =_xlfn.XLOOKUP(C95,$C$4:$N$4,$C$6:$N$6) -> Jul | G95: =_xlfn.CONCAT(F95,"'",E95) -> Jul'15/16 | H95: =G95 -> Jul'15/16 | I95: =SUM(D84:D95)/1000000 -> #N/A
B96: =B84+1 -> 2 | C96: =C84 -> 11 | D96: =INDEX($C$7:$N$19,MATCH(B96,$A$7:$A$19),MATCH(C96,$C$4:$N$4)) -> #N/A | E96: =_xlfn.XLOOKUP(B96,$A$7:$A$19,$B$7:$B$19) -> 15/16 | F96: =_xlfn.XLOOKUP(C96,$C$4:$N$4,$C$6:$N$6) -> Aug | G96: =_xlfn.CONCAT(F96,"'",E96) -> Aug'15/16 | H96: =G96 -> Aug'15/16 | I96: =SUM(D85:D96)/1000000 -> #N/A
B97: =B85+1 -> 2 | C97: =C85 -> 12 | D97: =INDEX($C$7:$N$19,MATCH(B97,$A$7:$A$19),MATCH(C97,$C$4:$N$4)) -> #N/A | E97: =_xlfn.XLOOKUP(B97,$A$7:$A$19,$B$7:$B$19) -> 15/16 | F97: =_xlfn.XLOOKUP(C97,$C$4:$N$4,$C$6:$N$6) -> Sep | G97: =_xlfn.CONCAT(F97,"'",E97) -> Sep'15/16 | H97: =G97 -> Sep'15/16 | I97: =SUM(D86:D97)/1000000 -> #N/A
B98: =B86+1 -> 3 | C98: =C86 -> 1 | D98: =INDEX($C$7:$N$19,MATCH(B98,$A$7:$A$19),MATCH(C98,$C$4:$N$4)) -> 10954100 | E98: =_xlfn.XLOOKUP(B98,$A$7:$A$19,$B$7:$B$19) -> 16/17 | F98: =_xlfn.XLOOKUP(C98,$C$4:$N$4,$C$6:$N$6) -> Oct | G98: =_xlfn.CONCAT(F98,"'",E98) -> Oct'16/17 | H98: =G98 -> Oct'16/17 | I98: =SUM(D87:D98)/1000000 -> #N/A
B99: =B87+1 -> 3 | C99: =C87 -> 2 | D99: =INDEX($C$7:$N$19,MATCH(B99,$A$7:$A$19),MATCH(C99,$C$4:$N$4)) -> 11034100 | E99: =_xlfn.XLOOKUP(B99,$A$7:$A$19,$B$7:$B$19) -> 16/17 | F99: =_xlfn.XLOOKUP(C99,$C$4:$N$4,$C$6:$N$6) -> Nov | G99: =_xlfn.CONCAT(F99,"'",E99) -> Nov'16/17 | H99: =G99 -> Nov'16/17 | I99: =SUM(D88:D99)/1000000 -> #N/A
B100: =B88+1 -> 3 | C100: =C88 -> 3 | D100: =INDEX($C$7:$N$19,MATCH(B100,$A$7:$A$19),MATCH(C100,$C$4:$N$4)) -> 12652217 | E100: =_xlfn.XLOOKUP(B100,$A$7:$A$19,$B$7:$B$19) -> 16/17 | F100: =_xlfn.XLOOKUP(C100,$C$4:$N$4,$C$6:$N$6) -> Dec | G100: =_xlfn.CONCAT(F100,"'",E100) -> Dec'16/17 | H100: =G100 -> Dec'16/17 | I100: =SUM(D89:D100)/1000000 -> #N/A
... B229: =B217+1 -> 13 | C229: =C217 -> 12 | D229: =INDEX($C$7:$N$19,MATCH(B229,$A$7:$A$19),MATCH(C229,$C$4:$N$4)) -> #N/A | E229: =_xlfn.XLOOKUP(B229,$A$7:$A$19,$B$7:$B$19) -> 26/27 | F229: =_xlfn.XLOOKUP(C229,$C$4:$N$4,$C$6:$N$6) -> Sep | G229: =_xlfn.CONCAT(F229,"'",E229) -> Sep'26/27 | H229: =G229 -> Sep'26/27 | I229: =SUM(D218:D229)/1000000 -> #N/A

Sheet Total TDM
D7: Oct | E7: Nov | F7: Dec | G7: Jan | H7: Feb | I7: Mar | J7: Apr | K7: May | L7: Jun | M7: Jul | N7: Aug | O7: Sep
C8: 16/17 | D8: 9003483.3 | E8: 9124466.7 | F8: 10191050 | G8: 8744183.3 | H8: 8882583.3 | I8: 10657183 | J8: 9207983.3 | K8: 10248000 | L8: 9513283.3 | M8: 9364916.7 | N8: 9653016.7 | O8: 8965316.7
C9: 17/18 | D9: 9075233.3 | E9: 9114483.3 | F9: 8609816.7 | G9: 9294016.7 | H9: 8985750 | I9: 9728583.3 | J9: 9396500 | K9: 9301300 | L9: 9551416.7 | M9: 8372466.7 | N9: 9232516.7 | O9: 9167066.7
C10: 18/19 | D10: 9929800 | E10: 10413233 | F10: 10222200 | G10: 10065750 | H10: 10525033 | I10: 11086733 | J10: 10359700 | K10: 11541350 | L10: 10179417 | M10: 11009717 | N10: 10192300 | O10: 10067467
C11: 19/20 | D11: 10158533 | E11: 9687900 | F11: 9698716.7 | G11: 9405900 | H11: 9501916.7 | I11: 10558450 | J11: 10155133 | K11: 10285900 | L11: 9635700 | M11: 10312950 | N11: 9482650 | O11: 10254750
C12: 20/21 | D12: 10033733 | E12: 10721633 | F12: 11089700 | G12: 9900050 | H12: 10270217 | I12: 12337400 | J12: 11152483 | K12: 10197933 | L12: 10595183 | M12: 10268583 | N12: 10122500 | O12: 10187833
B13: tdm global | C13: 21/22 | D13: 9908950 | E13: 9932933.3 | F13: 10625383 | G13: 10109717 | H13: 10756483 | I13: 11964783 | J13: 10091933 | K13: 9986716.7 | L13: 11263667 | M13: 11988700 | N13: 9992350 | O13: 10181867
C14: 22/23 | D14: 9995200 | E14: 10153417 | F14: 9254250 | G14: 18381517 | H14: 17358500 | I14: 20666350 | J14: 17833667 | K14: 19742900 | L14: 19269517 | M14: 18194550 | N14: 19656117 | O14: 18864267
C15: 23/24 | D15: 20424533 | E15: 20423217 | F15: 19893700 | G15: 9857933.3 | H15: 10174967 | I15: 10335567 | J15: 11503700 | K15: 12007200 | L15: 10842033 | M15: 11241217 | N15: 10837933 | O15: 11163783
C16: 24/25 | D16: 11862733 | E16: 10839650 | F16: 9709533.3 | G16: 10854017 | H16: 9945733.3 | I16: 11919883 | J16: 10461483 | K16: 10986250 | L16: 9974233.3 | M16: 10450200 | N16: 9517150 | O16: 10404317
C17: 25/26 | D17: 9428550
C20: 16/17 | D20: 1950616.7 | E20: 1909633.3 | F20: 2461166.7 | G20: 3081950 | H20: 2798000 | I20: 3100166.7 | J20: 2393333.3 | K20: 2128150 | L20: 2027766.7 | M20: 1680183.3 | N20: 1583034.6 | O20: 1325000
C21: 17/18 | D21: 1321033.3 | E21: 1745867.9 | F21: 2732283.3 | G21: 3606450 | H21: 2274600 | I21: 3508750 | J21: 2726150 | K21: 2588700 | L21: 2597683.3 | M21: 2243533.3 | N21: 2551583.3 | O21: 2010700
C22: 18/19 | D22: 2295166.7 | E22: 2321833.3 | F22: 2557650 | G22: 3360700 | H22: 1906966.7 | I22: 2863783.3 | J22: 2394016.7 | K22: 2418216.7 | L22: 2404583.3 | M22: 2354700 | N22: 1902000 | O22: 1538416.7
B23: vietnam | C23: 19/20 | D23: 1485116.7 | E23: 1867916.7 | F23: 3129716.7 | G23: 2424483.3 | H23: 3108966.7 | I23: 3061633.3 | J23: 2784300 | K23: 2168933.3 | L23: 2127900 | M23: 1833750 | N23: 1669200 | O23: 1662166.7
C24: 20/21 | D24: 1533600 | E24: 1395633.3 | F24: 2317433.3 | G24: 2676516.7 | H24: 2050750 | I24: 2826833.3 | J24: 2200616.7 | K24: 2170783.3 | L24: 2133316.7 | M24: 2035450 | N24: 1861616.7 | O24: 1672333.3
C25: 21/22 | D25: 1654150 | E25: 1791216.7 | F25: 2822483.3 | G25: 3857783.3 | H25: 2330200 | I25: 3510000 | J25: 2620583.3 | K25: 2373666.7 | L25: 2289133.3 | M25: 1897533.3 | N25: 1875516.7 | O25: 1542500
C26: 22/23 | D26: 1330550 | E26: 2140050 | F26: 3284616.7 | G26: 2798175.3 | H26: 2889494.8 | I26: 3563541.7 | J26: 2790325 | K26: 2533780.3 | L26: 2406991.7 | M26: 1995386.2 | N26: 1563541.7 | O26: 912991.69
C27: 23/24 | D27: 728750 | E27: 1988283.3 | F27: 3460216.7 | G27: 3971100 | H27: 2676400 | I27: 3149533.3 | J27: 2534550 | K27: 1322633.3 | L27: 1170033.3 | M27: 1283033.3 | N27: 1270233.3 | O27: 789966.67
C28: 24/25 | D28: 733333 | E28: 1050316.7 | F28: 2100000 | G28: 2233416.7 | H28: 2830533.3 | I28: 3018583.3 | J28: 2776766.7 | K28: 2479366.7 | L28: 1966383.3 | M28: 1699650 | N28: 1401033 | O28: 1351650
C29: 25/26 | D29: 1138600 | E29: 1480200 | F29: 2537266.7
D32: Oct | E32: Nov | F32: Dec | G32: Jan | H32: Feb | I32: Mar | J32: Apr | K32: May | L32: Jun | M32: Jul | N32: Aug | O32: Sep
C33: 16/17 | D33: =D8+D20 -> 10954100 | E33: =E8+E20 -> 11034100 | F33: =F8+F20 -> 12652217 | G33: =G8+G20 -> 11826133 | H33: =H8+H20 -> 11680583 | I33: =I8+I20 -> 13757350 | J33: =J8+J20 -> 11601317 | K33: =K8+K20 -> 12376150 | ... O33: =O8+O20 -> 10290317
C34: 17/18 | D34: =D9+D21 -> 10396267 | E34: =E9+E21 -> 10860351 | F34: =F9+F21 -> 11342100 | G34: =G9+G21 -> 12900467 | H34: =H9+H21 -> 11260350 | I34: =I9+I21 -> 13237333 | J34: =J9+J21 -> 12122650 | K34: =K9+K21 -> 11890000 | ... O34: =O9+O21 -> 11177767
C35: 18/19 | D35: =D10+D22 -> 12224967 | E35: =E10+E22 -> 12735067 | F35: =F10+F22 -> 12779850 | G35: =G10+G22 -> 13426450 | H35: =H10+H22 -> 12432000 | I35: =I10+I22 -> 13950517 | J35: =J10+J22 -> 12753717 | K35: =K10+K22 -> 13959567 | ... O35: =O10+O22 -> 11605883
C36: 19/20 | D36: =D11+D23 -> 11643650 | E36: =E11+E23 -> 11555817 | F36: =F11+F23 -> 12828433 | G36: =G11+G23 -> 11830383 | H36: =H11+H23 -> 12610883 | I36: =I11+I23 -> 13620083 | J36: =J11+J23 -> 12939433 | K36: =K11+K23 -> 12454833 | ... O36: =O11+O23 -> 11916917
B37: tdm total | C37: 20/21 | D37: =D12+D24 -> 11567333 | E37: =E12+E24 -> 12117267 | F37: =F12+F24 -> 13407133 | G37: =G12+G24 -> 12576567 | H37: =H12+H24 -> 12320967 | I37: =I12+I24 -> 15164233 | J37: =J12+J24 -> 13353100 | K37: =K12+K24 -> 12368717 | ... O37: =O12+O24 -> 11860167
C38: 21/22 | D38: =D13+D25 -> 11563100 | E38: =E13+E25 -> 11724150 | F38: =F13+F25 -> 13447867 | G38: =G13+G25 -> 13967500 | H38: =H13+H25 -> 13086683 | I38: =I13+I25 -> 15474783 | J38: =J13+J25 -> 12712517 | K38: =K13+K25 -> 12360383 | ... O38: =O13+O25 -> 11724367
C39: 22/23 | D39: =D14+D26 -> 11325750 | E39: =E14+E26 -> 12293467 | F39: =F14+F26 -> 12538867 | G39: =G14+G26 -> 21179692 | H39: =H14+H26 -> 20247995 | I39: =I14+I26 -> 24229892 | J39: =J14+J26 -> 20623992 | K39: =K14+K26 -> 22276680 | ... O39: =O14+O26 -> 19777258
C40: 23/24 | D40: =D15+D27 -> 21153283 | E40: =E15+E27 -> 22411500 | F40: =F15+F27 -> 23353917 | G40: =G15+G27 -> 13829033 | H40: =H15+H27 -> 12851367 | I40: =I15+I27 -> 13485100 | J40: =J15+J27 -> 14038250 | K40: =K15+K27 -> 13329833 | ... O40: =O15+O27 -> 11953750
C41: 24/25 | D41: =D16+D28 -> 12596066 | E41: =E16+E28 -> 11889967 | F41: =F16+F28 -> 11809533 | G41: =G16+G28 -> 13087433 | H41: =H16+H28 -> 12776267 | I41: =I16+I28 -> 14938467 | J41: =J16+J28 -> 13238250 | K41: =K16+K28 -> 13465617 | ... O41: =O16+O28 -> 11755967
C42: 25/26 | D42: =D17+D29 -> 10567150
C45: 17/18 | D45: 7786276.9 | E45: 8577446.3 | F45: 9539526.4 | G45: 9810956.6 | H45: 8597343.8 | I45: 9526847.3 | J45: 8666045.7 | K45: 8218553.2 | L45: 8482591.5 | M45: 8295286.2 | N45: 9350969.3 | O45: 8823046.9
C46: 18/19 | D46: 9860270.7 | E46: 9674323.3 | F46: 10034336 | G46: 10231727 | H46: 8854355.4 | I46: 9562093.2 | J46: 8828496.4 | K46: 9676456.7 | L46: 8881595.1 | M46: 9229902.9 | N46: 8907822.5 | O46: 8507275.2
C47: 19/20 | D47: 8912990.5 | E47: 8651562.7 | F47: 9682259.1 | G47: 9136271.4 | H47: 9561644.5 | I47: 10069078 | J47: 9289163.8 | K47: 8344654.8 | L47: 8267565.2 | M47: 8735440.8 | N47: 8488994.7 | O47: 9253891.7
B48: our view | C48: 20/21 | D48: 8906947.5 | E48: 9414183.4 | F48: 10619967 | G48: 9581099 | H48: 9543095.3 | I48: 10481680 | J48: 9355817.4 | K48: 7596084.1 | L48: 8991112.5 | M48: 8851147.7 | N48: 8433988 | O48: 8666624.3
B49: \\ | C49: 21/22 | D49: 8714128.5 | E49: 8784803.3 | F49: 10732452 | G49: 11026764 | H49: 9514232.6 | I49: 11227009 | J49: 8811105.4 | K49: 8691944.8 | L49: 9029889.6 | M49: 8346158.2 | N49: 8479472.3 | O49: 8648643
C50: 22/23 | D50: 8311515.1 | E50: 8941209.3 | F50: 9314815 | G50: 8514876.3 | H50: 8458348 | I50: 9854369.5 | J50: 8283852.3 | K50: 8600166.5 | L50: 8467434.7 | M50: 8463237 | N50: 8907229.5 | O50: 7437109.6
C51: 23/24 | D51: 8373416.4 | E51: 9578483.5 | F51: 10646680 | G51: 10879313 | H51: 9751992.3 | I51: 10901364 | J51: 9633841.8 | K51: 9720769.5 | L51: 8788031.1 | M51: 9523905.6 | N51: 9110027.2 | O51: 9019039.7
C52: 24/25 | D52: 9329042.2 | E52: 8570094.6 | F52: 10081729 | G52: 9219043.8 | H52: 9842163.4 | I52: 10658045 | J52: 9429611 | K52: 9743869.7 | L52: 9325956.3 | M52: 9206222.3 | N52: 9038449.6 | O52: 9430343.4
D53: 9222961.3
D55: Oct | E55: Nov | F55: Dec | G55: Jan | H55: Feb | I55: Mar | J55: Apr | K55: May | L55: Jun | M55: Jul | N55: Aug | O55: Sep
C56: 17/18 | D56: 0.74894933 | E56: 0.78979455 | F56: 0.84107232 | G56: 0.76051176 | H56: 0.76350591 | I56: 0.71969535 | J56: 0.71486397 | K56: 0.69121557 | L56: 0.6982074 | M56: 0.78139471 | N56: 0.79352427 | O56: 0.78933898
C57: 18/19 | D57: 0.80656831 | E57: 0.7596602 | F57: 0.7851685 | G57: 0.7620575 | H57: 0.71222293 | I57: 0.68542933 | J57: 0.6922293 | K57: 0.69317744 | L57: 0.70578473 | M57: 0.69063268 | N57: 0.73653064 | O57: 0.73301402
C58: 19/20 | D58: 0.7654808 | E58: 0.74867601 | F58: 0.75474993 | G58: 0.7722718 | H58: 0.75820577 | I58: 0.73928165 | J58: 0.71789572 | K58: 0.6699933 | L58: 0.70280911 | M58: 0.71916165 | N58: 0.76121851 | O58: 0.77653406
B59: our view | C59: 20/21 | D59: 0.77000872 | E59: 0.77692301 | F59: 0.7921132 | G59: 0.76182151 | H59: 0.77454112 | I59: 0.69121069 | J59: 0.7006476 | K59: 0.6141368 | L59: 0.70637644 | M59: 0.71936962 | N59: 0.70376384 | O59: 0.73073377
B60: \\ | C60: 21/22 | D60: 0.75361525 | E60: 0.74929127 | F60: 0.79807839 | G60: 0.78945867 | H60: 0.72701634 | I60: 0.72550346 | J60: 0.69310473 | K60: 0.70320997 | L60: 0.66627484 | M60: 0.60103831 | N60: 0.71449002 | O60: 0.73766398
C61: 22/23 | D61: 0.73386002 | E61: 0.72731391 | F61: 0.74287535 | G61: 0.78807978 | H61: 0.74292277 | I61: 0.76695207 | J61: 0.68968067 | K61: 0.71622956 | L61: 0.69893755 | M61: 0.68073776 | N61: 0.73343851 | O61: 0.74607928
C62: 23/24 | D62: 0.7630804 | E62: 0.75860983 | F62: 0.78567628 | G62: 0.7867009 | H62: 0.7588292 | I62: 0.80840069 | J62: 0.68625661 | K62: 0.72924914 | L62: 0.73160026 | M62: 0.7604372 | N62: 0.752387 | O62: 0.75449459
C63: 24/25 | D63: 0.7406314 | E63: 0.72078374 | F63: 0.85369408 | G63: 0.70441954 | H63: 0.77034737 | I63: 0.71346314 | J63: 0.71230042 | K63: 0.7236111 | L63: 0.78102803 | M63: 0.75772313 | N63: 0.8278346 | O63: 0.80217507
D64: 0.74
D66: Oct | E66: Nov | F66: Dec | G66: Jan | H66: Feb | I66: Mar | J66: Apr | K66: May | L66: Jun | M66: Jul | N66: Aug | O66: Sep
C67: 16/17 | D67: 10954100 | E67: 11034100 | F67: 12652217 | G67: 11826133 | H67: 11680583 | I67: 13757350 | J67: 11601317 | K67: 12376150 | L67: 11541050 | M67: 11045100 | N67: 11236051 | O67: 10290317
C68: 17/18 | D68: 10396267 | E68: 10860351 | F68: 11342100 | G68: 12900467 | H68: 11260350 | I68: 13237333 | J68: 12122650 | K68: 11890000 | L68: 12149100 | M68: 10616000 | N68: 11784100 | O68: 11177767
C69: 18/19 | D69: 12224967 | E69: 12735067 | F69: 12779850 | G69: 13426450 | H69: 12432000 | I69: 13950517 | J69: 12753717 | K69: 13959567 | L69: 12584000 | M69: 13364417 | N69: 12094300 | O69: 11605883
C70: 19/20 | D70: 11643650 | E70: 11555817 | F70: 12828433 | G70: 11830383 | H70: 12610883 | I70: 13620083 | J70: 12939433 | K70: 12454833 | L70: 11763600 | M70: 12146700 | N70: 11151850 | O70: 11916917
B71: tdm total | C71: 20/21 | D71: 11567333 | E71: 12117267 | F71: 13407133 | G71: 12576567 | H71: 12320967 | I71: 15164233 | J71: 13353100 | K71: 12368717 | L71: 12728500 | M71: 12304033 | N71: 11984117 | O71: 11860167
C72: 21/22 | D72: 11563100 | E72: 11724150 | F72: 13447867 | G72: 13967500 | H72: 13086683 | I72: 15474783 | J72: 12712517 | K72: 12360383 | L72: 13552800 | M72: 13886233 | N72: 11867867 | O72: 11724367
C73: 22/23 | D73: 11325750 | E73: 12293467 | F73: 12538867 | G73: 10804587 | H73: 11385232 | I73: 12848742 | J73: 12011142 | K73: 12007556 | L73: 12114723 | M73: 12432448 | N73: 12144480 | O73: 9968256.5
C74: 23/24 | D74: 10973177 | E74: 12626364 | F74: 13550975 | G74: 13829033 | H74: 12851367 | I74: 13485100 | J74: 14038250 | K74: 13329833 | L74: 12012067 | M74: 12524250 | N74: 12108167 | O74: 11953750
C75: 24/25 | D75: 12596066 | E75: 11889967 | F75: 11809533 | G75: 13087433 | H75: 12776267 | I75: 14938467 | J75: 13238250 | K75: 13465617 | L75: 11940617 | M75: 12149850 | N75: 10918183 | O75: 11755967
C76: 25/26 | D76: 10567150
D79: Oct | E79: Nov | F79: Dec | G79: Jan | H79: Feb | I79: Mar | J79: Apr | K79: May | L79: Jun | M79: Jul | N79: Aug | O79: Sep
C80: 16/17
C81: 17/18 | D81: =D45/D56 -> 10396267 | E81: =E45/E56 -> 10860351 | F81: =F45/F56 -> 11342100 | G81: =G45/G56 -> 12900467 | H81: =H45/H56 -> 11260350 | I81: =I45/I56 -> 13237333 | J81: =J45/J56 -> 12122650 | K81: =K45/K56 -> 11890000 | ... O81: =O45/O56 -> 11177767
C82: 18/19 | D82: =D46/D57 -> 12224967 | E82: =E46/E57 -> 12735067 | F82: =F46/F57 -> 12779850 | G82: =G46/G57 -> 13426450 | H82: =H46/H57 -> 12432000 | I82: =I46/I57 -> 13950517 | J82: =J46/J57 -> 12753717 | K82: =K46/K57 -> 13959567 | ... O82: =O46/O57 -> 11605883
C83: 19/20 | D83: =D47/D58 -> 11643650 | E83: =E47/E58 -> 11555817 | F83: =F47/F58 -> 12828433 | G83: =G47/G58 -> 11830383 | H83: =H47/H58 -> 12610883 | I83: =I47/I58 -> 13620083 | J83: =J47/J58 -> 12939433 | K83: =K47/K58 -> 12454833 | ... O83: =O47/O58 -> 11916917
B84: tdm total | C84: 20/21 | D84: =D48/D59 -> 11567333 | E84: =E48/E59 -> 12117267 | F84: =F48/F59 -> 13407133 | G84: =G48/G59 -> 12576567 | H84: =H48/H59 -> 12320967 | I84: =I48/I59 -> 15164233 | J84: =J48/J59 -> 13353100 | K84: =K48/K59 -> 12368717 | ... O84: =O48/O59 -> 11860167
C85: 21/22 | D85: =D49/D60 -> 11563100 | E85: =E49/E60 -> 11724150 | F85: =F49/F60 -> 13447867 | G85: =G49/G60 -> 13967500 | H85: =H49/H60 -> 13086683 | I85: =I49/I60 -> 15474783 | J85: =J49/J60 -> 12712517 | K85: =K49/K60 -> 12360383 | ... O85: =O49/O60 -> 11724367
C86: 22/23 | D86: =D50/D61 -> 11325750 | E86: =E50/E61 -> 12293467 | F86: =F50/F61 -> 12538867 | G86: =G50/G61 -> 10804587 | H86: =H50/H61 -> 11385232 | I86: =I50/I61 -> 12848742 | J86: =J50/J61 -> 12011142 | K86: =K50/K61 -> 12007556 | ... O86: =O50/O61 -> 9968256.5
C87: 23/24 | D87: =D51/D62 -> 10973177 | E87: =E51/E62 -> 12626364 | F87: =F51/F62 -> 13550975 | G87: =G51/G62 -> 13829033 | H87: =H51/H62 -> 12851367 | I87: =I51/I62 -> 13485100 | J87: =J51/J62 -> 14038250 | K87: =K51/K62 -> 13329833 | ... O87: =O51/O62 -> 11953750
C88: 24/25 | D88: =D52/D63 -> 12596066 | E88: =E52/E63 -> 11889967 | F88: =F52/F63 -> 11809533 | G88: =G52/G63 -> 13087433 | H88: =H52/H63 -> 12776267 | I88: =I52/I63 -> 14938467 | J88: =J52/J63 -> 13238250 | K88: =K52/K63 -> 13465617 | ... O88: =O52/O63 -> 11755967
C89: 25/26 | D89: =D53/D64 -> 12463461
D92: Oct | E92: Nov | F92: Dec | G92: Jan | H92: Feb | I92: Mar | J92: Apr | K92: May | L92: Jun | M92: Jul | N92: Aug | O92: Sep
C93: 17/18 | D93: 0.74894933 | E93: 0.78979455 | F93: 0.84107232 | G93: 0.76051176 | H93: 0.76350591 | I93: 0.71969535 | J93: 0.71486397 | K93: 0.69121557 | L93: 0.6982074 | M93: 0.78139471 | N93: 0.79352427 | O93: 0.78933898
C94: 18/19 | D94: 0.80656831 | E94: 0.7596602 | F94: 0.7851685 | G94: 0.7620575 | H94: 0.71222293 | I94: 0.68542933 | J94: 0.6922293 | K94: 0.69317744 | L94: 0.70578473 | M94: 0.69063268 | N94: 0.73653064 | O94: 0.73301402
C95: 19/20 | D95: 0.7654808 | E95: 0.74867601 | F95: 0.75474993 | G95: 0.7722718 | H95: 0.75820577 | I95: 0.73928165 | J95: 0.71789572 | K95: 0.6699933 | L95: 0.70280911 | M95: 0.71916165 | N95: 0.76121851 | O95: 0.77653406
C96: 20/21 | D96: 0.77000872 | E96: 0.77692301 | F96: 0.7921132 | G96: 0.76182151 | H96: 0.77454112 | I96: 0.69121069 | J96: 0.7006476 | K96: 0.6141368 | L96: 0.70637644 | M96: 0.71936962 | N96: 0.70376384 | O96: 0.73073377
C97: 21/22 | D97: 0.75361525 | E97: 0.74929127 | F97: 0.79807839 | G97: 0.78945867 | H97: 0.72701634 | I97: 0.72550346 | J97: 0.69310473 | K97: 0.70320997 | L97: 0.66627484 | M97: 0.60103831 | N97: 0.71449002 | O97: 0.73766398
C98: 22/23 | D98: 0.73386002 | E98: 0.72731391 | F98: 0.74287535 | G98: 0.78807978 | H98: 0.74292277 | I98: 0.76695207 | J98: 0.68968067 | K98: 0.71622956 | L98: 0.69893755 | M98: 0.68073776 | N98: 0.73343851 | O98: 0.74607928
C99: 23/24 | D99: 0.7630804 | E99: 0.75860983 | F99: 0.78567628 | G99: 0.7867009 | H99: 0.7588292 | I99: 0.80840069 | J99: 0.68625661 | K99: 0.72924914 | L99: 0.73160026 | M99: 0.7604372 | N99: 0.752387 | O99: 0.75449459
C100: 24/25 | D100: 0.7406314 | E100: 0.72078374 | F100: 0.85369408 | G100: 0.70441954 | H100: 0.77034737 | I100: 0.71346314 | J100: 0.71230042 | K100: 0.7236111 | L100: 0.78102803 | M100: 0.75772313 | N100: 0.8278346 | O100: 0.80217507
D101: 0.74
D103: =AVERAGE(D93:D100) -> 0.76027428 | E103: =AVERAGE(E93:E100) -> 0.75388157 | F103: =AVERAGE(F93:F100) -> 0.79417851 | G103: =AVERAGE(G93:G100) -> 0.76566518 | H103: =AVERAGE(H93:H100) -> 0.75094893 | I103: =AVERAGE(I93:I100) -> 0.73124205 | J103: =AVERAGE(J93:J100) -> 0.70087238 | K103: =AVERAGE(K93:K100) -> 0.69260286 | ... O103: =AVERAGE(O93:O100) -> 0.75875422
D108: Global + Vietnam (Monthly)
D109: Oct | E109: Nov | F109: Dec | G109: Jan | H109: Feb | I109: Mar | J109: Apr | K109: May | L109: Jun | M109: Jul | N109: Aug | O109: Sep
C110: 16/17 | D110: 10954100 | E110: 11034100 | F110: 12652217 | G110: 11826133 | H110: 11680583 | I110: 13757350 | J110: 11601317 | K110: 12376150 | L110: 11541050 | M110: 11045100 | N110: 11236051 | O110: 10290317
C111: 17/18 | D111: 10396267 | E111: 10860351 | F111: 11342100 | G111: 12900467 | H111: 11260350 | I111: 13237333 | J111: 12122650 | K111: 11890000 | L111: 12149100 | M111: 10616000 | N111: 11784100 | O111: 11177767
C112: 18/19 | D112: 12224967 | E112: 12735067 | F112: 12779850 | G112: 13426450 | H112: 12432000 | I112: 13950517 | J112: 12753717 | K112: 13959567 | L112: 12584000 | M112: 13364417 | N112: 12094300 | O112: 11605883
C113: 19/20 | D113: 11643650 | E113: 11555817 | F113: 12828433 | G113: 11830383 | H113: 12610883 | I113: 13620083 | J113: 12939433 | K113: 12454833 | L113: 11763600 | M113: 12146700 | N113: 11151850 | O113: 11916917
C114: 20/21 | D114: 11567333 | E114: 12117267 | F114: 13407133 | G114: 12576567 | H114: 12320967 | I114: 15164233 | J114: 13353100 | K114: 12368717 | L114: 12728500 | M114: 12304033 | N114: 11984117 | O114: 11860167
C115: 21/22 | D115: 11563100 | E115: 11724150 | F115: 13447867 | G115: 13967500 | H115: 13086683 | I115: 15474783 | J115: 12712517 | K115: 12360383 | L115: 13552800 | M115: 13886233 | N115: 11867867 | O115: 11724367
C116: 22/23 | D116: 11325750 | E116: 12293467 | F116: 12538867 | G116: 10804587 | H116: 11385232 | I116: 12848742 | J116: 12011142 | K116: 12007556 | L116: 12114723 | M116: 12432448 | N116: 12144480 | O116: 9968256.5
C117: 23/24 | D117: 10973177 | E117: 12626364 | F117: 13550975 | G117: 13829033 | H117: 12851367 | I117: 13485100 | J117: 14038250 | K117: 13329833 | L117: 12012067 | M117: 12524250 | N117: 12108167 | O117: 11953750
C118: 24/25 | D118: 12596066 | E118: 11889967 | F118: 11809533 | G118: 13087433 | H118: 12776267 | I118: 14938467 | J118: 13238250 | K118: 13465617 | L118: 11940617 | M118: 12149850 | N118: 10918183 | O118: 11755967
C119: 25/26 | D119: 10567150
D122: Oct | E122: Nov | F122: Dec | G122: Jan | H122: Feb | I122: Mar | J122: Apr | K122: May | L122: Jun | M122: Jul | N122: Aug | O122: Sep
C123: 16/17 | D123: 10954100 | E123: 11034100 | F123: 12652217 | G123: 11826133 | H123: 11680583 | I123: 13757350 | J123: 11601317 | K123: 12376150 | L123: 11541050 | M123: 11045100 | N123: 11236051 | O123: 10290317
C124: 17/18 | D124: 10241405 | E124: 11377711 | F124: 12011816 | G124: 12813638 | H124: 11448640 | I124: 13028309 | J124: 12364656 | K124: 11866184 | L124: 11924181 | M124: 11621110 | N124: 12419961 | O124: 11628333
C125: 18/19 | D125: 12969360 | E125: 12832683 | F125: 12634862 | G125: 13363187 | H125: 11790889 | I125: 13076509 | J125: 12596439 | K125: 13971147 | L125: 12485070 | M125: 12930442 | N125: 11831374 | O125: 11212162
...

Sheet Aggregated
A1: Robusta + Arabica Exports | Q1: Excluding Peru
AH2: YTD | AI2: =_xlfn.CONCAT(AE5," | ",S6) -> | YTD : Oct-Apr
C4: 1 | D4: 2 | E4: 3 | F4: 4 | G4: 5 | H4: 6 | I4: 7 | J4: 8 | K4: 9 | L4: 10 | M4: 11 | N4: 12
C5: =_xlfn.CONCAT(A1," (Monthly)") -> Robusta + Arabica Exports (Monthly)
C6: Oct | D6: Nov | E6: Dec | F6: Jan | G6: Feb | H6: Mar | I6: Apr | J6: May | K6: Jun | L6: Jul | M6: Aug | N6: Sep | P6: Total | Q6: % | S6: =_xlfn.CONCAT("YTD : ",IF(C56=1,"Oct Only",_xlfn.CONCAT("Oct-",OFFSET(B6,0,$C$56,1,1)))) -> YTD : Oct-Apr
A7: 1 | B7: 14/15 | O7: 14/15 | P7: =IF(COUNT(C7:N7)=12,SUM(C7:N7),"") | S7: 14/15 | T7: =IFERROR(IF(SUM(OFFSET(C7,0,0,1,$C$56))=0,"",SUM(OFFSET(C7,0,0,1,$C$56))),"")
A8: 2 | B8: 15/16 | O8: 15/16 | P8: =IF(COUNT(C8:N8)=12,SUM(C8:N8),"") | Q8: =IFERROR(P8/P7-1,"") | S8: 15/16 | T8: =IFERROR(IF(SUM(OFFSET(C8,0,0,1,$C$56))=0,"",SUM(OFFSET(C8,0,0,1,$C$56))),"") | U8: =IFERROR(T8/T7-1,"") | AI8: Excluding Peru | AJ8: 0
A9: 3 | B9: 16/17 | O9: 16/17 | P9: =IF(COUNT(C9:N9)=12,SUM(C9:N9),"") | Q9: =IFERROR(P9/P8-1,"") | S9: 16/17 | T9: =IFERROR(IF(SUM(OFFSET(C9,0,0,1,$C$56))=0,"",SUM(OFFSET(C9,0,0,1,$C$56))),"") | U9: =IFERROR(T9/T8-1,"") | AI9: Including Peru | AJ9: 1
A10: 4 | B10: 17/18 | C10: ='S4 Arabica'!C10+'S5 Robusta'!C10 -> 6833010.2 | D10: ='S4 Arabica'!D10+'S5 Robusta'!D10 -> 7405175.2 | E10: ='S4 Arabica'!E10+'S5 Robusta'!E10 -> 8494818.4 | F10: ='S4 Arabica'!F10+'S5 Robusta'!F10 -> 9291366 | G10: ='S4 Arabica'!G10+'S5 Robusta'!G10 -> 7983993.2 | H10: ='S4 Arabica'!H10+'S5 Robusta'!H10 -> 9033040.9 | I10: ='S4 Arabica'!I10+'S5 Robusta'!I10 -> 8026632.8 | J10: ='S4 Arabica'!J10+'S5 Robusta'!J10 -> 7401659 | ... N10: ='S4 Arabica'!N10+'S5 Robusta'!N10 -> 7623555.6 | O10: 17/18 | P10: =IF(COUNT(C10:N10)=12,SUM(C10:N10),"") -> 95855298 | Q10: =IFERROR(P10/P9-1,"") | S10: 17/18 | T10: =IFERROR(IF(SUM(OFFSET(C10,0,0,1,$C$56))=0,"",SUM(OFFSET(C10,0,0,1,$C$56))),"") -> 57068037 | U10: =IFERROR(T10/T9-1,"")
A11: 5 | B11: 18/19 | C11: ='S4 Arabica'!C11+'S5 Robusta'!C11 -> 8467730.9 | D11: ='S4 Arabica'!D11+'S5 Robusta'!D11 -> 8939840.3 | E11: ='S4 Arabica'!E11+'S5 Robusta'!E11 -> 9197958.4 | F11: ='S4 Arabica'!F11+'S5 Robusta'!F11 -> 9930162.9 | G11: ='S4 Arabica'!G11+'S5 Robusta'!G11 -> 8710529.7 | H11: ='S4 Arabica'!H11+'S5 Robusta'!H11 -> 9221964.6 | I11: ='S4 Arabica'!I11+'S5 Robusta'!I11 -> 8577485.8 | J11: ='S4 Arabica'!J11+'S5 Robusta'!J11 -> 9360810.2 | ... N11: ='S4 Arabica'!N11+'S5 Robusta'!N11 -> 7813668.6 | O11: 18/19 | P11: =IF(COUNT(C11:N11)=12,SUM(C11:N11),"") -> 1.0598315e+08 | Q11: =IFERROR(P11/P10-1,"") -> 0.10565774 | S11: 18/19 | T11: =IFERROR(IF(SUM(OFFSET(C11,0,0,1,$C$56))=0,"",SUM(OFFSET(C11,0,0,1,$C$56))),"") -> 63045673 | U11: =IFERROR(T11/T10-1,"") -> 0.10474578
A12: 6 | B12: 19/20 | C12: ='S4 Arabica'!C12+'S5 Robusta'!C12 -> 8093038.9 | D12: ='S4 Arabica'!D12+'S5 Robusta'!D12 -> 8033227.6 | E12: ='S4 Arabica'!E12+'S5 Robusta'!E12 -> 9055351.3 | F12: ='S4 Arabica'!F12+'S5 Robusta'!F12 -> 8962610 | G12: ='S4 Arabica'!G12+'S5 Robusta'!G12 -> 9284799.8 | H12: ='S4 Arabica'!H12+'S5 Robusta'!H12 -> 9890221.6 | I12: ='S4 Arabica'!I12+'S5 Robusta'!I12 -> 8779765 | J12: ='S4 Arabica'!J12+'S5 Robusta'!J12 -> 8124567.3 | ... N12: ='S4 Arabica'!N12+'S5 Robusta'!N12 -> 8307500.7 | O12: 19/20 | P12: =IF(COUNT(C12:N12)=12,SUM(C12:N12),"") -> 1.0241375e+08 | Q12: =IFERROR(P12/P11-1,"") -> -0.033678947 | S12: 19/20 | T12: =IFERROR(IF(SUM(OFFSET(C12,0,0,1,$C$56))=0,"",SUM(OFFSET(C12,0,0,1,$C$56))),"") -> 62099014 | U12: =IFERROR(T12/T11-1,"") -> -0.015015436 | AI12: =_xlfn.XLOOKUP(Q1,$AI$8:$AI$9,AJ8:AJ9) -> 0
A13: 7 | B13: 20/21 | C13: ='S4 Arabica'!C13+'S5 Robusta'!C13 -> 8453083 | D13: ='S4 Arabica'!D13+'S5 Robusta'!D13 -> 8856397.2 | E13: ='S4 Arabica'!E13+'S5 Robusta'!E13 -> 9752196.3 | F13: ='S4 Arabica'!F13+'S5 Robusta'!F13 -> 9270005.3 | G13: ='S4 Arabica'!G13+'S5 Robusta'!G13 -> 9348363.9 | H13: ='S4 Arabica'!H13+'S5 Robusta'!H13 -> 10306913 | I13: ='S4 Arabica'!I13+'S5 Robusta'!I13 -> 9176402.7 | J13: ='S4 Arabica'!J13+'S5 Robusta'!J13 -> 8016814.1 | ... N13: ='S4 Arabica'!N13+'S5 Robusta'!N13 -> 8075279.7 | O13: 20/21 | P13: =IF(COUNT(C13:N13)=12,SUM(C13:N13),"") -> 1.0666928e+08 | Q13: =IFERROR(P13/P12-1,"") -> 0.041552274 | S13: 20/21 | T13: =IFERROR(IF(SUM(OFFSET(C13,0,0,1,$C$56))=0,"",SUM(OFFSET(C13,0,0,1,$C$56))),"") -> 65163362 | U13: =IFERROR(T13/T12-1,"") -> 0.04934615
A14: 8 | B14: 21/22 | C14: ='S4 Arabica'!C14+'S5 Robusta'!C14 -> 8118274.1 | D14: ='S4 Arabica'!D14+'S5 Robusta'!D14 -> 8170179.8 | E14: ='S4 Arabica'!E14+'S5 Robusta'!E14 -> 10029931 | F14: ='S4 Arabica'!F14+'S5 Robusta'!F14 -> 10434924 | G14: ='S4 Arabica'!G14+'S5 Robusta'!G14 -> 8851085.2 | H14: ='S4 Arabica'!H14+'S5 Robusta'!H14 -> 10788066 | I14: ='S4 Arabica'!I14+'S5 Robusta'!I14 -> 8566342.7 | J14: ='S4 Arabica'!J14+'S5 Robusta'!J14 -> 8456691.9 | ... N14: ='S4 Arabica'!N14+'S5 Robusta'!N14 -> 7831576.6 | O14: 21/22 | P14: =IF(COUNT(C14:N14)=12,SUM(C14:N14),"") -> 1.0552477e+08 | Q14: =IFERROR(P14/P13-1,"") -> -0.010729436 | S14: 21/22 | T14: =IFERROR(IF(SUM(OFFSET(C14,0,0,1,$C$56))=0,"",SUM(OFFSET(C14,0,0,1,$C$56))),"") -> 64958803 | U14: =IFERROR(T14/T13-1,"") -> -0.003139168
A15: 9 | B15: 22/23 | C15: ='S4 Arabica'!C15+'S5 Robusta'!C15 -> 7561106.7 | D15: ='S4 Arabica'!D15+'S5 Robusta'!D15 -> 8502755.4 | E15: ='S4 Arabica'!E15+'S5 Robusta'!E15 -> 8925436.8 | F15: ='S4 Arabica'!F15+'S5 Robusta'!F15 -> 8094056.4 | G15: ='S4 Arabica'!G15+'S5 Robusta'!G15 -> 8053002.5 | H15: ='S4 Arabica'!H15+'S5 Robusta'!H15 -> 9588221.4 | I15: ='S4 Arabica'!I15+'S5 Robusta'!I15 -> 8172030.9 | J15: ='S4 Arabica'!J15+'S5 Robusta'!J15 -> 8173643.4 | ... N15: ='S4 Arabica'!N15+'S5 Robusta'!N15 -> 6682272.4 | O15: 22/23 | P15: =IF(COUNT(C15:N15)=12,SUM(C15:N15),"") -> 98125074 | Q15: =IFERROR(P15/P14-1,"") -> -0.070122867 | S15: 22/23 | T15: =IFERROR(IF(SUM(OFFSET(C15,0,0,1,$C$56))=0,"",SUM(OFFSET(C15,0,0,1,$C$56))),"") -> 58896610 | U15: =IFERROR(T15/T14-1,"") -> -0.093323652
A16: 10 | B16: 23/24 | C16: ='S4 Arabica'!C16+'S5 Robusta'!C16 -> 7436082.2 | D16: ='S4 Arabica'!D16+'S5 Robusta'!D16 -> 8816020.3 | E16: ='S4 Arabica'!E16+'S5 Robusta'!E16 -> 9760201.6 | F16: ='S4 Arabica'!F16+'S5 Robusta'!F16 -> 10206683 | G16: ='S4 Arabica'!G16+'S5 Robusta'!G16 -> 9280221.4 | H16: ='S4 Arabica'!H16+'S5 Robusta'!H16 -> 10613253 | I16: ='S4 Arabica'!I16+'S5 Robusta'!I16 -> 9490552.4 | J16: ='S4 Arabica'!J16+'S5 Robusta'!J16 -> 9285578.6 | ... N16: ='S4 Arabica'!N16+'S5 Robusta'!N16 -> 8435922.6 | O16: 23/24 | P16: =IF(COUNT(C16:N16)=12,SUM(C16:N16),"") -> 1.0907777e+08 | Q16: =IFERROR(P16/P15-1,"") -> 0.11161976 | S16: 23/24 | T16: =IFERROR(IF(SUM(OFFSET(C16,0,0,1,$C$56))=0,"",SUM(OFFSET(C16,0,0,1,$C$56))),"") -> 65603013 | U16: =IFERROR(T16/T15-1,"") -> 0.11386739
A17: 11 | B17: 24/25 | C17: ='S4 Arabica'!C17+'S5 Robusta'!C17 -> 8837729.3 | D17: ='S4 Arabica'!D17+'S5 Robusta'!D17 -> 8266814.1 | E17: ='S4 Arabica'!E17+'S5 Robusta'!E17 -> 9853980.6 | F17: ='S4 Arabica'!F17+'S5 Robusta'!F17 -> 9137737.4 | G17: ='S4 Arabica'!G17+'S5 Robusta'!G17 -> 9800870.4 | H17: ='S4 Arabica'!H17+'S5 Robusta'!H17 -> 10626759 | I17: ='S4 Arabica'!I17+'S5 Robusta'!I17 -> 9384016.2 | J17: ='S4 Arabica'!J17+'S5 Robusta'!J17 -> 9626982.3 | ... N17: ='S4 Arabica'!N17+'S5 Robusta'!N17 -> 8768594.3 | O17: 24/25 | P17: =IF(COUNT(C17:N17)=12,SUM(C17:N17),"") -> 1.1066271e+08 | S17: 24/25 | T17: =IFERROR(IF(SUM(OFFSET(C17,0,0,1,$C$56))=0,"",SUM(OFFSET(C17,0,0,1,$C$56))),"") -> 65907907 | U17: =IFERROR(T17/T16-1,"") -> 0.0046475593
A18: 12 | B18: 25/26 | C18: ='S4 Arabica'!C18+'S5 Robusta'!C18 -> 8608395.9 | D18: ='S4 Arabica'!D18+'S5 Robusta'!D18 -> 8341499.9 | E18: ='S4 Arabica'!E18+'S5 Robusta'!E18 -> 9201239.5 | F18: ='S4 Arabica'!F18+'S5 Robusta'!F18 -> 9401730.7 | G18: ='S4 Arabica'!G18+'S5 Robusta'!G18 -> 8318875.7 | H18: ='S4 Arabica'!H18+'S5 Robusta'!H18 -> 9517766 | I18: ='S4 Arabica'!I18+'S5 Robusta'!I18 -> 9552886 | J18: ='S4 Arabica'!J18+'S5 Robusta'!J18 -> #N/A | ... N18: ='S4 Arabica'!N18+'S5 Robusta'!N18 -> #N/A | O18: 25/26 | P18: =IF(COUNT(C18:N18)=12,SUM(C18:N18),"") | S18: 25/26 | T18: =IFERROR(IF(SUM(OFFSET(C18,0,0,1,$C$56))=0,"",SUM(OFFSET(C18,0,0,1,$C$56))),"") -> 62942394
A19: 13 | B19: 26/27 | C19: ='S4 Arabica'!C19+'S5 Robusta'!C19 -> #N/A | D19: ='S4 Arabica'!D19+'S5 Robusta'!D19 -> #N/A | E19: ='S4 Arabica'!E19+'S5 Robusta'!E19 -> #N/A | F19: ='S4 Arabica'!F19+'S5 Robusta'!F19 -> #N/A | G19: ='S4 Arabica'!G19+'S5 Robusta'!G19 -> #N/A | H19: ='S4 Arabica'!H19+'S5 Robusta'!H19 -> #N/A | I19: ='S4 Arabica'!I19+'S5 Robusta'!I19 -> #N/A | J19: ='S4 Arabica'!J19+'S5 Robusta'!J19 -> #N/A | ... N19: ='S4 Arabica'!N19+'S5 Robusta'!N19 -> #N/A | O19: 26/27 | P19: =IF(COUNT(C19:N19)=12,SUM(C19:N19),"") | S19: 26/27 | T19: =IFERROR(IF(SUM(OFFSET(C19,0,0,1,$C$56))=0,"",SUM(OFFSET(C19,0,0,1,$C$56))),"")
B20: YoY | C20: =IFERROR(C18/C17-1,"") -> -0.025949364 | D20: =IFERROR(D18/D17-1,"") -> 0.0090344085 | E20: =IFERROR(E18/E17-1,"") -> -0.066241361 | F20: =IFERROR(F18/F17-1,"") -> 0.028890442 | G20: =IFERROR(G18/G17-1,"") -> -0.15121052 | H20: =IFERROR(H18/H17-1,"") -> -0.10435855 | I20: =IFERROR(I18/I17-1,"") -> 0.017995475 | J20: =IFERROR(J18/J17-1,"") | ... N20: =IFERROR(N18/N17-1,"")
K27: =_xlfn.CONCAT(A1," | ",S6) -> Robusta + Arabica Exports | YTD : Oct-Apr | Q27: =_xlfn.CONCAT(A1," | ","Cumulative") -> Robusta + Arabica Exports | Cumulative
B56: Offset | C56: =COUNT(C18:N18) -> 7 | D56: =OFFSET(B6,0,$C$56,1,1) -> Apr | E56: =B18 -> 25/26 | F56: =_xlfn.CONCAT(D56,"'",E56) -> Apr'25/26
B65: Oct | C65: Nov | D65: Dec | E65: Jan | F65: Feb | G65: Mar | H65: Apr | I65: May | J65: Jun | K65: Jul | L65: Aug | M65: Sep
A66: =B18 -> 25/26 | B66: =C18 -> 8608395.9 | C66: =D18 -> 8341499.9 | D66: =E18 -> 9201239.5 | E66: =F18 -> 9401730.7 | F66: =G18 -> 8318875.7 | G66: =H18 -> 9517766 | H66: =I18 -> 9552886 | ... M66: =N18 -> #N/A
A67: Min | B67: =MIN(C7:C17) -> 6833010.2 | C67: =MIN(D7:D17) -> 7405175.2 | D67: =MIN(E7:E17) -> 8494818.4 | E67: =MIN(F7:F17) -> 8094056.4 | F67: =MIN(G7:G17) -> 7983993.2 | G67: =MIN(H7:H17) -> 9033040.9 | H67: =MIN(I7:I17) -> 8026632.8 | I67: =MIN(J7:J17) -> 7401659 | ... M67: =MIN(N7:N17) -> 6682272.4
A68: Max | B68: =MAX(C7:C17) -> 8837729.3 | C68: =MAX(D7:D17) -> 8939840.3 | D68: =MAX(E7:E17) -> 10029931 | E68: =MAX(F7:F17) -> 10434924 | F68: =MAX(G7:G17) -> 9800870.4 | G68: =MAX(H7:H17) -> 10788066 | H68: =MAX(I7:I17) -> 9490552.4 | I68: =MAX(J7:J17) -> 9626982.3 | ... M68: =MAX(N7:N17) -> 8768594.3
A69: Avg(5) | B69: =AVERAGE(C12:C17) -> 8083219 | C69: =AVERAGE(D12:D17) -> 8440899.1 | D69: =AVERAGE(E12:E17) -> 9562849.6 | E69: =AVERAGE(F12:F17) -> 9351002.6 | F69: =AVERAGE(G12:G17) -> 9103057.2 | G69: =AVERAGE(H12:H17) -> 10302239 | H69: =AVERAGE(I12:I17) -> 8928185 | I69: =AVERAGE(J12:J17) -> 8614046.3 | ... M69: =AVERAGE(N12:N17) -> 8016857.7
B74: 1 | C74: 1 | D74: =INDEX($C$7:$N$19,MATCH(B74,$A$7:$A$19),MATCH(C74,$C$4:$N$4)) -> 0 | E74: =_xlfn.XLOOKUP(B74,$A$7:$A$19,$B$7:$B$19) -> 14/15 | F74: =_xlfn.XLOOKUP(C74,$C$4:$N$4,$C$6:$N$6) -> Oct | G74: =_xlfn.CONCAT(F74,"'",E74) -> Oct'14/15 | N74: Cumulative
B75: 1 | C75: 2 | D75: =INDEX($C$7:$N$19,MATCH(B75,$A$7:$A$19),MATCH(C75,$C$4:$N$4)) -> 0 | E75: =_xlfn.XLOOKUP(B75,$A$7:$A$19,$B$7:$B$19) -> 14/15 | F75: =_xlfn.XLOOKUP(C75,$C$4:$N$4,$C$6:$N$6) -> Nov | G75: =_xlfn.CONCAT(F75,"'",E75) -> Nov'14/15 | N75: Oct | O75: Nov | P75: Dec | Q75: Jan | R75: Feb | S75: Mar | T75: Apr | U75: May | V75: Jun | W75: Jul | X75: Aug | Y75: Sep
B76: 1 | C76: 3 | D76: =INDEX($C$7:$N$19,MATCH(B76,$A$7:$A$19),MATCH(C76,$C$4:$N$4)) -> 0 | E76: =_xlfn.XLOOKUP(B76,$A$7:$A$19,$B$7:$B$19) -> 14/15 | F76: =_xlfn.XLOOKUP(C76,$C$4:$N$4,$C$6:$N$6) -> Dec | G76: =_xlfn.CONCAT(F76,"'",E76) -> Dec'14/15 | M76: 14/15 | N76: =C7 -> 0 | O76: =N76+D7 -> 0 | P76: =O76+E7 -> 0 | Q76: =P76+F7 -> 0 | R76: =Q76+G7 -> 0 | S76: =R76+H7 -> 0 | T76: =S76+I7 -> 0 | U76: =T76+J7 -> 0 | V76: =U76+K7 -> 0 | ... Y76: =X76+N7 -> 0
B77: 1 | C77: 4 | D77: =INDEX($C$7:$N$19,MATCH(B77,$A$7:$A$19),MATCH(C77,$C$4:$N$4)) -> 0 | E77: =_xlfn.XLOOKUP(B77,$A$7:$A$19,$B$7:$B$19) -> 14/15 | F77: =_xlfn.XLOOKUP(C77,$C$4:$N$4,$C$6:$N$6) -> Jan | G77: =_xlfn.CONCAT(F77,"'",E77) -> Jan'14/15 | M77: 15/16 | N77: =C8 -> 0 | O77: =N77+D8 -> 0 | P77: =O77+E8 -> 0 | Q77: =P77+F8 -> 0 | R77: =Q77+G8 -> 0 | S77: =R77+H8 -> 0 | T77: =S77+I8 -> 0 | U77: =T77+J8 -> 0 | V77: =U77+K8 -> 0 | ... Y77: =X77+N8 -> 0
B78: 1 | C78: 5 | D78: =INDEX($C$7:$N$19,MATCH(B78,$A$7:$A$19),MATCH(C78,$C$4:$N$4)) -> 0 | E78: =_xlfn.XLOOKUP(B78,$A$7:$A$19,$B$7:$B$19) -> 14/15 | F78: =_xlfn.XLOOKUP(C78,$C$4:$N$4,$C$6:$N$6) -> Feb | G78: =_xlfn.CONCAT(F78,"'",E78) -> Feb'14/15 | M78: 16/17 | N78: =C9 -> 0 | O78: =N78+D9 -> 0 | P78: =O78+E9 -> 0 | Q78: =P78+F9 -> 0 | R78: =Q78+G9 -> 0 | S78: =R78+H9 -> 0 | T78: =S78+I9 -> 0 | U78: =T78+J9 -> 0 | V78: =U78+K9 -> 0 | ... Y78: =X78+N9 -> 0
B79: 1 | C79: 6 | D79: =INDEX($C$7:$N$19,MATCH(B79,$A$7:$A$19),MATCH(C79,$C$4:$N$4)) -> 0 | E79: =_xlfn.XLOOKUP(B79,$A$7:$A$19,$B$7:$B$19) -> 14/15 | F79: =_xlfn.XLOOKUP(C79,$C$4:$N$4,$C$6:$N$6) -> Mar | G79: =_xlfn.CONCAT(F79,"'",E79) -> Mar'14/15 | M79: 17/18 | N79: =C10 -> 6833010.2 | O79: =N79+D10 -> 14238185 | P79: =O79+E10 -> 22733004 | Q79: =P79+F10 -> 32024370 | R79: =Q79+G10 -> 40008363 | S79: =R79+H10 -> 49041404 | T79: =S79+I10 -> 57068037 | U79: =T79+J10 -> 64469696 | V79: =U79+K10 -> 72501153 | ... Y79: =X79+N10 -> 95855298
B80: 1 | C80: 7 | D80: =INDEX($C$7:$N$19,MATCH(B80,$A$7:$A$19),MATCH(C80,$C$4:$N$4)) -> 0 | E80: =_xlfn.XLOOKUP(B80,$A$7:$A$19,$B$7:$B$19) -> 14/15 | F80: =_xlfn.XLOOKUP(C80,$C$4:$N$4,$C$6:$N$6) -> Apr | G80: =_xlfn.CONCAT(F80,"'",E80) -> Apr'14/15 | M80: 18/19 | N80: =C11 -> 8467730.9 | O80: =N80+D11 -> 17407571 | P80: =O80+E11 -> 26605530 | Q80: =P80+F11 -> 36535693 | R80: =Q80+G11 -> 45246222 | S80: =R80+H11 -> 54468187 | T80: =S80+I11 -> 63045673 | U80: =T80+J11 -> 72406483 | V80: =U80+K11 -> 81009585 | ... Y80: =X80+N11 -> 1.0598315e+08
B81: 1 | C81: 8 | D81: =INDEX($C$7:$N$19,MATCH(B81,$A$7:$A$19),MATCH(C81,$C$4:$N$4)) -> 0 | E81: =_xlfn.XLOOKUP(B81,$A$7:$A$19,$B$7:$B$19) -> 14/15 | F81: =_xlfn.XLOOKUP(C81,$C$4:$N$4,$C$6:$N$6) -> May | G81: =_xlfn.CONCAT(F81,"'",E81) -> May'14/15 | M81: 19/20 | N81: =C12 -> 8093038.9 | O81: =N81+D12 -> 16126267 | P81: =O81+E12 -> 25181618 | Q81: =P81+F12 -> 34144228 | R81: =Q81+G12 -> 43429028 | S81: =R81+H12 -> 53319249 | T81: =S81+I12 -> 62099014 | U81: =T81+J12 -> 70223582 | V81: =U81+K12 -> 78272903 | ... Y81: =X81+N12 -> 1.0241375e+08
B82: 1 | C82: 9 | D82: =INDEX($C$7:$N$19,MATCH(B82,$A$7:$A$19),MATCH(C82,$C$4:$N$4)) -> 0 | E82: =_xlfn.XLOOKUP(B82,$A$7:$A$19,$B$7:$B$19) -> 14/15 | F82: =_xlfn.XLOOKUP(C82,$C$4:$N$4,$C$6:$N$6) -> Jun | G82: =_xlfn.CONCAT(F82,"'",E82) -> Jun'14/15 | M82: 20/21 | N82: =C13 -> 8453083 | O82: =N82+D13 -> 17309480 | P82: =O82+E13 -> 27061676 | Q82: =P82+F13 -> 36331682 | R82: =Q82+G13 -> 45680046 | S82: =R82+H13 -> 55986959 | T82: =S82+I13 -> 65163362 | U82: =T82+J13 -> 73180176 | V82: =U82+K13 -> 81979173 | ... Y82: =X82+N13 -> 1.0666928e+08
B83: 1 | C83: 10 | D83: =INDEX($C$7:$N$19,MATCH(B83,$A$7:$A$19),MATCH(C83,$C$4:$N$4)) -> 0 | E83: =_xlfn.XLOOKUP(B83,$A$7:$A$19,$B$7:$B$19) -> 14/15 | F83: =_xlfn.XLOOKUP(C83,$C$4:$N$4,$C$6:$N$6) -> Jul | G83: =_xlfn.CONCAT(F83,"'",E83) -> Jul'14/15 | M83: 21/22 | N83: =C14 -> 8118274.1 | O83: =N83+D14 -> 16288454 | P83: =O83+E14 -> 26318385 | Q83: =P83+F14 -> 36753309 | R83: =Q83+G14 -> 45604394 | S83: =R83+H14 -> 56392460 | T83: =S83+I14 -> 64958803 | U83: =T83+J14 -> 73415495 | V83: =U83+K14 -> 82104455 | ... Y83: =X83+N14 -> 1.0552477e+08
B84: 1 | C84: 11 | D84: =INDEX($C$7:$N$19,MATCH(B84,$A$7:$A$19),MATCH(C84,$C$4:$N$4)) -> 0 | E84: =_xlfn.XLOOKUP(B84,$A$7:$A$19,$B$7:$B$19) -> 14/15 | F84: =_xlfn.XLOOKUP(C84,$C$4:$N$4,$C$6:$N$6) -> Aug | G84: =_xlfn.CONCAT(F84,"'",E84) -> Aug'14/15 | H84: Month | I84: Rolling 12m Sum | M84: 22/23 | N84: =C15 -> 7561106.7 | O84: =N84+D15 -> 16063862 | P84: =O84+E15 -> 24989299 | Q84: =P84+F15 -> 33083355 | R84: =Q84+G15 -> 41136358 | S84: =R84+H15 -> 50724579 | T84: =S84+I15 -> 58896610 | U84: =T84+J15 -> 67070253 | V84: =U84+K15 -> 75187710 | ... Y84: =X84+N15 -> 98125074
B85: 1 | C85: 12 | D85: =INDEX($C$7:$N$19,MATCH(B85,$A$7:$A$19),MATCH(C85,$C$4:$N$4)) -> 0 | E85: =_xlfn.XLOOKUP(B85,$A$7:$A$19,$B$7:$B$19) -> 14/15 | F85: =_xlfn.XLOOKUP(C85,$C$4:$N$4,$C$6:$N$6) -> Sep | G85: =_xlfn.CONCAT(F85,"'",E85) -> Sep'14/15 | H85: =G85 -> Sep'14/15 | I85: =SUM(D74:D85)/1000000 -> 0 | M85: 23/24 | N85: =C16 -> 7436082.2 | O85: =N85+D16 -> 16252102 | P85: =O85+E16 -> 26012304 | Q85: =P85+F16 -> 36218987 | R85: =Q85+G16 -> 45499208 | S85: =R85+H16 -> 56112461 | T85: =S85+I16 -> 65603013 | U85: =T85+J16 -> 74888592 | V85: =U85+K16 -> 83270828 | ... Y85: =X85+N16 -> 1.0907777e+08
B86: =B74+1 -> 2 | C86: =C74 -> 1 | D86: =INDEX($C$7:$N$19,MATCH(B86,$A$7:$A$19),MATCH(C86,$C$4:$N$4)) -> 0 | E86: =_xlfn.XLOOKUP(B86,$A$7:$A$19,$B$7:$B$19) -> 15/16 | F86: =_xlfn.XLOOKUP(C86,$C$4:$N$4,$C$6:$N$6) -> Oct | G86: =_xlfn.CONCAT(F86,"'",E86) -> Oct'15/16 | H86: =G86 -> Oct'15/16 | I86: =SUM(D75:D86)/1000000 -> 0 | M86: 24/25 | N86: =C17 -> 8837729.3 | O86: =N86+D17 -> 17104543 | P86: =O86+E17 -> 26958524 | Q86: =P86+F17 -> 36096261 | R86: =Q86+G17 -> 45897132 | S86: =R86+H17 -> 56523891 | T86: =S86+I17 -> 65907907 | U86: =T86+J17 -> 75534889 | V86: =U86+K17 -> 84554462 | ... Y86: =X86+N17 -> 1.1066271e+08
B87: =B75+1 -> 2 | C87: =C75 -> 2 | D87: =INDEX($C$7:$N$19,MATCH(B87,$A$7:$A$19),MATCH(C87,$C$4:$N$4)) -> 0 | E87: =_xlfn.XLOOKUP(B87,$A$7:$A$19,$B$7:$B$19) -> 15/16 | F87: =_xlfn.XLOOKUP(C87,$C$4:$N$4,$C$6:$N$6) -> Nov | G87: =_xlfn.CONCAT(F87,"'",E87) -> Nov'15/16 | H87: =G87 -> Nov'15/16 | I87: =SUM(D76:D87)/1000000 -> 0 | M87: 25/26 | N87: =C18 -> 8608395.9 | O87: =N87+D18 -> 16949896 | P87: =O87+E18 -> 26151135 | Q87: =P87+F18 -> 35552866 | R87: =Q87+G18 -> 43871742 | S87: =R87+H18 -> 53389508 | T87: =S87+I18 -> 62942394 | U87: =T87+J18 -> #N/A | V87: =U87+K18 -> #N/A | ... Y87: =X87+N18 -> #N/A
B88: =B76+1 -> 2 | C88: =C76 -> 3 | D88: =INDEX($C$7:$N$19,MATCH(B88,$A$7:$A$19),MATCH(C88,$C$4:$N$4)) -> 0 | E88: =_xlfn.XLOOKUP(B88,$A$7:$A$19,$B$7:$B$19) -> 15/16 | F88: =_xlfn.XLOOKUP(C88,$C$4:$N$4,$C$6:$N$6) -> Dec | G88: =_xlfn.CONCAT(F88,"'",E88) -> Dec'15/16 | H88: =G88 -> Dec'15/16 | I88: =SUM(D77:D88)/1000000 -> 0 | M88: 26/27 | N88: =C19 -> #N/A | O88: =N88+D19 -> #N/A | P88: =O88+E19 -> #N/A | Q88: =P88+F19 -> #N/A | R88: =Q88+G19 -> #N/A | S88: =R88+H19 -> #N/A | T88: =S88+I19 -> #N/A | U88: =T88+J19 -> #N/A | V88: =U88+K19 -> #N/A | ... Y88: =X88+N19 -> #N/A
B89: =B77+1 -> 2 | C89: =C77 -> 4 | D89: =INDEX($C$7:$N$19,MATCH(B89,$A$7:$A$19),MATCH(C89,$C$4:$N$4)) -> 0 | E89: =_xlfn.XLOOKUP(B89,$A$7:$A$19,$B$7:$B$19) -> 15/16 | F89: =_xlfn.XLOOKUP(C89,$C$4:$N$4,$C$6:$N$6) -> Jan | G89: =_xlfn.CONCAT(F89,"'",E89) -> Jan'15/16 | H89: =G89 -> Jan'15/16 | I89: =SUM(D78:D89)/1000000 -> 0
B90: =B78+1 -> 2 | C90: =C78 -> 5 | D90: =INDEX($C$7:$N$19,MATCH(B90,$A$7:$A$19),MATCH(C90,$C$4:$N$4)) -> 0 | E90: =_xlfn.XLOOKUP(B90,$A$7:$A$19,$B$7:$B$19) -> 15/16 | F90: =_xlfn.XLOOKUP(C90,$C$4:$N$4,$C$6:$N$6) -> Feb | G90: =_xlfn.CONCAT(F90,"'",E90) -> Feb'15/16 | H90: =G90 -> Feb'15/16 | I90: =SUM(D79:D90)/1000000 -> 0
B91: =B79+1 -> 2 | C91: =C79 -> 6 | D91: =INDEX($C$7:$N$19,MATCH(B91,$A$7:$A$19),MATCH(C91,$C$4:$N$4)) -> 0 | E91: =_xlfn.XLOOKUP(B91,$A$7:$A$19,$B$7:$B$19) -> 15/16 | F91: =_xlfn.XLOOKUP(C91,$C$4:$N$4,$C$6:$N$6) -> Mar | G91: =_xlfn.CONCAT(F91,"'",E91) -> Mar'15/16 | H91: =G91 -> Mar'15/16 | I91: =SUM(D80:D91)/1000000 -> 0
B92: =B80+1 -> 2 | C92: =C80 -> 7 | D92: =INDEX($C$7:$N$19,MATCH(B92,$A$7:$A$19),MATCH(C92,$C$4:$N$4)) -> 0 | E92: =_xlfn.XLOOKUP(B92,$A$7:$A$19,$B$7:$B$19) -> 15/16 | F92: =_xlfn.XLOOKUP(C92,$C$4:$N$4,$C$6:$N$6) -> Apr | G92: =_xlfn.CONCAT(F92,"'",E92) -> Apr'15/16 | H92: =G92 -> Apr'15/16 | I92: =SUM(D81:D92)/1000000 -> 0
B93: =B81+1 -> 2 | C93: =C81 -> 8 | D93: =INDEX($C$7:$N$19,MATCH(B93,$A$7:$A$19),MATCH(C93,$C$4:$N$4)) -> 0 | E93: =_xlfn.XLOOKUP(B93,$A$7:$A$19,$B$7:$B$19) -> 15/16 | F93: =_xlfn.XLOOKUP(C93,$C$4:$N$4,$C$6:$N$6) -> May | G93: =_xlfn.CONCAT(F93,"'",E93) -> May'15/16 | H93: =G93 -> May'15/16 | I93: =SUM(D82:D93)/1000000 -> 0
B94: =B82+1 -> 2 | C94: =C82 -> 9 | D94: =INDEX($C$7:$N$19,MATCH(B94,$A$7:$A$19),MATCH(C94,$C$4:$N$4)) -> 0 | E94: =_xlfn.XLOOKUP(B94,$A$7:$A$19,$B$7:$B$19) -> 15/16 | F94: =_xlfn.XLOOKUP(C94,$C$4:$N$4,$C$6:$N$6) -> Jun | G94: =_xlfn.CONCAT(F94,"'",E94) -> Jun'15/16 | H94: =G94 -> Jun'15/16 | I94: =SUM(D83:D94)/1000000 -> 0
B95: =B83+1 -> 2 | C95: =C83 -> 10 | D95: =INDEX($C$7:$N$19,MATCH(B95,$A$7:$A$19),MATCH(C95,$C$4:$N$4)) -> 0 | E95: =_xlfn.XLOOKUP(B95,$A$7:$A$19,$B$7:$B$19) -> 15/16 | F95: =_xlfn.XLOOKUP(C95,$C$4:$N$4,$C$6:$N$6) -> Jul | G95: =_xlfn.CONCAT(F95,"'",E95) -> Jul'15/16 | H95: =G95 -> Jul'15/16 | I95: =SUM(D84:D95)/1000000 -> 0
B96: =B84+1 -> 2 | C96: =C84 -> 11 | D96: =INDEX($C$7:$N$19,MATCH(B96,$A$7:$A$19),MATCH(C96,$C$4:$N$4)) -> 0 | E96: =_xlfn.XLOOKUP(B96,$A$7:$A$19,$B$7:$B$19) -> 15/16 | F96: =_xlfn.XLOOKUP(C96,$C$4:$N$4,$C$6:$N$6) -> Aug | G96: =_xlfn.CONCAT(F96,"'",E96) -> Aug'15/16 | H96: =G96 -> Aug'15/16 | I96: =SUM(D85:D96)/1000000 -> 0
B97: =B85+1 -> 2 | C97: =C85 -> 12 | D97: =INDEX($C$7:$N$19,MATCH(B97,$A$7:$A$19),MATCH(C97,$C$4:$N$4)) -> 0 | E97: =_xlfn.XLOOKUP(B97,$A$7:$A$19,$B$7:$B$19) -> 15/16 | F97: =_xlfn.XLOOKUP(C97,$C$4:$N$4,$C$6:$N$6) -> Sep | G97: =_xlfn.CONCAT(F97,"'",E97) -> Sep'15/16 | H97: =G97 -> Sep'15/16 | I97: =SUM(D86:D97)/1000000 -> 0
B98: =B86+1 -> 3 | C98: =C86 -> 1 | D98: =INDEX($C$7:$N$19,MATCH(B98,$A$7:$A$19),MATCH(C98,$C$4:$N$4)) -> 0 | E98: =_xlfn.XLOOKUP(B98,$A$7:$A$19,$B$7:$B$19) -> 16/17 | F98: =_xlfn.XLOOKUP(C98,$C$4:$N$4,$C$6:$N$6) -> Oct | G98: =_xlfn.CONCAT(F98,"'",E98) -> Oct'16/17 | H98: =G98 -> Oct'16/17 | I98: =SUM(D87:D98)/1000000 -> 0
B99: =B87+1 -> 3 | C99: =C87 -> 2 | D99: =INDEX($C$7:$N$19,MATCH(B99,$A$7:$A$19),MATCH(C99,$C$4:$N$4)) -> 0 | E99: =_xlfn.XLOOKUP(B99,$A$7:$A$19,$B$7:$B$19) -> 16/17 | F99: =_xlfn.XLOOKUP(C99,$C$4:$N$4,$C$6:$N$6) -> Nov | G99: =_xlfn.CONCAT(F99,"'",E99) -> Nov'16/17 | H99: =G99 -> Nov'16/17 | I99: =SUM(D88:D99)/1000000 -> 0
B100: =B88+1 -> 3 | C100: =C88 -> 3 | D100: =INDEX($C$7:$N$19,MATCH(B100,$A$7:$A$19),MATCH(C100,$C$4:$N$4)) -> 0 | E100: =_xlfn.XLOOKUP(B100,$A$7:$A$19,$B$7:$B$19) -> 16/17 | F100: =_xlfn.XLOOKUP(C100,$C$4:$N$4,$C$6:$N$6) -> Dec | G100: =_xlfn.CONCAT(F100,"'",E100) -> Dec'16/17 | H100: =G100 -> Dec'16/17 | I100: =SUM(D89:D100)/1000000 -> 0
... B108: =B96+1 -> 3 | C108: =C96 -> 11 | D108: =INDEX($C$7:$N$19,MATCH(B108,$A$7:$A$19),MATCH(C108,$C$4:$N$4)) -> 0 | E108: =_xlfn.XLOOKUP(B108,$A$7:$A$19,$B$7:$B$19) -> 16/17 | F108: =_xlfn.XLOOKUP(C108,$C$4:$N$4,$C$6:$N$6) -> Aug | G108: =_xlfn.CONCAT(F108,"'",E108) -> Aug'16/17 | H108: =G108 -> Aug'16/17 | I108: =SUM(D97:D108)/1000000 -> 0
B109: =B97+1 -> 3 | C109: =C97 -> 12 | D109: =INDEX($C$7:$N$19,MATCH(B109,$A$7:$A$19),MATCH(C109,$C$4:$N$4)) -> 0 | E109: =_xlfn.XLOOKUP(B109,$A$7:$A$19,$B$7:$B$19) -> 16/17 | F109: =_xlfn.XLOOKUP(C109,$C$4:$N$4,$C$6:$N$6) -> Sep | G109: =_xlfn.CONCAT(F109,"'",E109) -> Sep'16/17 | H109: =G109 -> Sep'16/17 | I109: =SUM(D98:D109)/1000000 -> 0 | J109: Month | K109: Arabica | L109: Robusta
B110: =B98+1 -> 4 | C110: =C98 -> 1 | D110: =INDEX($C$7:$N$19,MATCH(B110,$A$7:$A$19),MATCH(C110,$C$4:$N$4)) -> 6833010.2 | E110: =_xlfn.XLOOKUP(B110,$A$7:$A$19,$B$7:$B$19) -> 17/18 | F110: =_xlfn.XLOOKUP(C110,$C$4:$N$4,$C$6:$N$6) -> Oct | G110: =_xlfn.CONCAT(F110,"'",E110) -> Oct'17/18 | H110: =G110 -> Oct'17/18 | I110: =SUM(D99:D110)/1000000 -> 6.8330102 | J110: =H110 -> Oct'17/18 | K110: ='S4 Arabica'!I110 -> 4.0501097 | L110: ='S5 Robusta'!I110 -> 44.720152
B111: =B99+1 -> 4 | C111: =C99 -> 2 | D111: =INDEX($C$7:$N$19,MATCH(B111,$A$7:$A$19),MATCH(C111,$C$4:$N$4)) -> 7405175.2 | E111: =_xlfn.XLOOKUP(B111,$A$7:$A$19,$B$7:$B$19) -> 17/18 | F111: =_xlfn.XLOOKUP(C111,$C$4:$N$4,$C$6:$N$6) -> Nov | G111: =_xlfn.CONCAT(F111,"'",E111) -> Nov'17/18 | H111: =G111 -> Nov'17/18 | I111: =SUM(D100:D111)/1000000 -> 14.238185 | J111: =H111 -> Nov'17/18 | K111: ='S4 Arabica'!I111 -> 8.3854716 | L111: ='S5 Robusta'!I111 -> 44.287514
B112: =B100+1 -> 4 | C112: =C100 -> 3 | D112: =INDEX($C$7:$N$19,MATCH(B112,$A$7:$A$19),MATCH(C112,$C$4:$N$4)) -> 8494818.4 | E112: =_xlfn.XLOOKUP(B112,$A$7:$A$19,$B$7:$B$19) -> 17/18 | F112: =_xlfn.XLOOKUP(C112,$C$4:$N$4,$C$6:$N$6) -> Dec | G112: =_xlfn.CONCAT(F112,"'",E112) -> Dec'17/18 | H112: =G112 -> Dec'17/18 | I112: =SUM(D101:D112)/1000000 -> 22.733004 | J112: =H112 -> Dec'17/18 | K112: ='S4 Arabica'!I112 -> 12.938879 | L112: ='S5 Robusta'!I112 -> 44.167626
B113: =B101+1 -> 4 | C113: =C101 -> 4 | D113: =INDEX($C$7:$N$19,MATCH(B113,$A$7:$A$19),MATCH(C113,$C$4:$N$4)) -> 9291366 | E113: =_xlfn.XLOOKUP(B113,$A$7:$A$19,$B$7:$B$19) -> 17/18 | F113: =_xlfn.XLOOKUP(C113,$C$4:$N$4,$C$6:$N$6) -> Jan | G113: =_xlfn.CONCAT(F113,"'",E113) -> Jan'17/18 | H113: =G113 -> Jan'17/18 | I113: =SUM(D102:D113)/1000000 -> 32.02437 | J113: =H113 -> Jan'17/18 | K113: ='S4 Arabica'!I113 -> 17.60115 | L113: ='S5 Robusta'!I113 -> 44.40849
B114: =B102+1 -> 4 | C114: =C102 -> 5 | D114: =INDEX($C$7:$N$19,MATCH(B114,$A$7:$A$19),MATCH(C114,$C$4:$N$4)) -> 7983993.2 | E114: =_xlfn.XLOOKUP(B114,$A$7:$A$19,$B$7:$B$19) -> 17/18 | F114: =_xlfn.XLOOKUP(C114,$C$4:$N$4,$C$6:$N$6) -> Feb | G114: =_xlfn.CONCAT(F114,"'",E114) -> Feb'17/18 | H114: =G114 -> Feb'17/18 | I114: =SUM(D103:D114)/1000000 -> 40.008363 | J114: =H114 -> Feb'17/18 | K114: ='S4 Arabica'!I114 -> 22.174117 | L114: ='S5 Robusta'!I114 -> 43.618077
B115: =B103+1 -> 4 | C115: =C103 -> 6 | D115: =INDEX($C$7:$N$19,MATCH(B115,$A$7:$A$19),MATCH(C115,$C$4:$N$4)) -> 9033040.9 | E115: =_xlfn.XLOOKUP(B115,$A$7:$A$19,$B$7:$B$19) -> 17/18 | F115: =_xlfn.XLOOKUP(C115,$C$4:$N$4,$C$6:$N$6) -> Mar | G115: =_xlfn.CONCAT(F115,"'",E115) -> Mar'17/18 | H115: =G115 -> Mar'17/18 | I115: =SUM(D104:D115)/1000000 -> 49.041404 | J115: =H115 -> Mar'17/18 | K115: ='S4 Arabica'!I115 -> 26.373994 | L115: ='S5 Robusta'!I115 -> 43.753066
B116: =B104+1 -> 4 | C116: =C104 -> 7 | D116: =INDEX($C$7:$N$19,MATCH(B116,$A$7:$A$19),MATCH(C116,$C$4:$N$4)) -> 8026632.8 | E116: =_xlfn.XLOOKUP(B116,$A$7:$A$19,$B$7:$B$19) -> 17/18 | F116: =_xlfn.XLOOKUP(C116,$C$4:$N$4,$C$6:$N$6) -> Apr | G116: =_xlfn.CONCAT(F116,"'",E116) -> Apr'17/18 | H116: =G116 -> Apr'17/18 | I116: =SUM(D105:D116)/1000000 -> 57.068037 | J116: =H116 -> Apr'17/18 | K116: ='S4 Arabica'!I116 -> 30.585979 | L116: ='S5 Robusta'!I116 -> 43.747571
B117: =B105+1 -> 4 | C117: =C105 -> 8 | D117: =INDEX($C$7:$N$19,MATCH(B117,$A$7:$A$19),MATCH(C117,$C$4:$N$4)) -> 7401659 | E117: =_xlfn.XLOOKUP(B117,$A$7:$A$19,$B$7:$B$19) -> 17/18 | F117: =_xlfn.XLOOKUP(C117,$C$4:$N$4,$C$6:$N$6) -> May | G117: =_xlfn.CONCAT(F117,"'",E117) -> May'17/18 | H117: =G117 -> May'17/18 | I117: =SUM(D106:D117)/1000000 -> 64.469696 | J117: =H117 -> May'17/18 | K117: ='S4 Arabica'!I117 -> 34.184846 | L117: ='S5 Robusta'!I117 -> 43.797984
B118: =B106+1 -> 4 | C118: =C106 -> 9 | D118: =INDEX($C$7:$N$19,MATCH(B118,$A$7:$A$19),MATCH(C118,$C$4:$N$4)) -> 8031457.3 | E118: =_xlfn.XLOOKUP(B118,$A$7:$A$19,$B$7:$B$19) -> 17/18 | F118: =_xlfn.XLOOKUP(C118,$C$4:$N$4,$C$6:$N$6) -> Jun | G118: =_xlfn.CONCAT(F118,"'",E118) -> Jun'17/18 | H118: =G118 -> Jun'17/18 | I118: =SUM(D107:D118)/1000000 -> 72.501153 | J118: =H118 -> Jun'17/18 | K118: ='S4 Arabica'!I118 -> 38.378886 | L118: ='S5 Robusta'!I118 -> 43.941923
B119: =B107+1 -> 4 | C119: =C107 -> 10 | D119: =INDEX($C$7:$N$19,MATCH(B119,$A$7:$A$19),MATCH(C119,$C$4:$N$4)) -> 7459760.8 | E119: =_xlfn.XLOOKUP(B119,$A$7:$A$19,$B$7:$B$19) -> 17/18 | F119: =_xlfn.XLOOKUP(C119,$C$4:$N$4,$C$6:$N$6) -> Jul | G119: =_xlfn.CONCAT(F119,"'",E119) -> Jul'17/18 | H119: =G119 -> Jul'17/18 | I119: =SUM(D108:D119)/1000000 -> 79.960914 | J119: =H119 -> Jul'17/18 | K119: ='S4 Arabica'!I119 -> 42.270661 | L119: ='S5 Robusta'!I119 -> 43.895749
B120: =B108+1 -> 4 | C120: =C108 -> 11 | D120: =INDEX($C$7:$N$19,MATCH(B120,$A$7:$A$19),MATCH(C120,$C$4:$N$4)) -> 8270828.4 | E120: =_xlfn.XLOOKUP(B120,$A$7:$A$19,$B$7:$B$19) -> 17/18 | F120: =_xlfn.XLOOKUP(C120,$C$4:$N$4,$C$6:$N$6) -> Aug | G120: =_xlfn.CONCAT(F120,"'",E120) -> Aug'17/18 | H120: =G120 -> Aug'17/18 | I120: =SUM(D109:D120)/1000000 -> 88.231742 | J120: =H120 -> Aug'17/18 | K120: ='S4 Arabica'!I120 -> 46.779358 | L120: ='S5 Robusta'!I120 -> 44.252849
B121: =B109+1 -> 4 | C121: =C109 -> 12 | D121: =INDEX($C$7:$N$19,MATCH(B121,$A$7:$A$19),MATCH(C121,$C$4:$N$4)) -> 7623555.6 | E121: =_xlfn.XLOOKUP(B121,$A$7:$A$19,$B$7:$B$19) -> 17/18 | F121: =_xlfn.XLOOKUP(C121,$C$4:$N$4,$C$6:$N$6) -> Sep | G121: =_xlfn.CONCAT(F121,"'",E121) -> Sep'17/18 | H121: =G121 -> Sep'17/18 | I121: =SUM(D110:D121)/1000000 -> 95.855298 | J121: =H121 -> Sep'17/18 | K121: ='S4 Arabica'!I121 -> 51.013908 | L121: ='S5 Robusta'!I121 -> 44.841389
... B229: =B217+1 -> 13 | C229: =C217 -> 12 | D229: =INDEX($C$7:$N$19,MATCH(B229,$A$7:$A$19),MATCH(C229,$C$4:$N$4)) -> #N/A | E229: =_xlfn.XLOOKUP(B229,$A$7:$A$19,$B$7:$B$19) -> 26/27 | F229: =_xlfn.XLOOKUP(C229,$C$4:$N$4,$C$6:$N$6) -> Sep | G229: =_xlfn.CONCAT(F229,"'",E229) -> Sep'26/27 | H229: =G229 -> Sep'26/27 | I229: =SUM(D218:D229)/1000000 -> #N/A | J229: =H229 -> Sep'26/27 | K229: ='S4 Arabica'!I229 -> #N/A | L229: ='S5 Robusta'!I229 -> #N/A

Sheet Agg (Peru Included)
A1: Robusta + Arabica Exports | Q1: Including Peru
AH2: YTD | AI2: =_xlfn.CONCAT(AE5," | ",S6) -> | YTD : Oct-Sep
C4: 1 | D4: 2 | E4: 3 | F4: 4 | G4: 5 | H4: 6 | I4: 7 | J4: 8 | K4: 9 | L4: 10 | M4: 11 | N4: 12
C5: =_xlfn.CONCAT(A1," (Monthly)") -> Robusta + Arabica Exports (Monthly)
C6: Oct | D6: Nov | E6: Dec | F6: Jan | G6: Feb | H6: Mar | I6: Apr | J6: May | K6: Jun | L6: Jul | M6: Aug | N6: Sep | P6: Total | Q6: % | S6: =_xlfn.CONCAT("YTD : ",IF(C56=1,"Oct Only",_xlfn.CONCAT("Oct-",OFFSET(B6,0,$C$56,1,1)))) -> YTD : Oct-Sep
A7: 1 | B7: 14/15 | O7: 14/15 | P7: =IF(COUNT(C7:N7)=12,SUM(C7:N7),"") | S7: 14/15 | T7: =IFERROR(IF(SUM(OFFSET(C7,0,0,1,$C$56))=0,"",SUM(OFFSET(C7,0,0,1,$C$56))),"")
A8: 2 | B8: 15/16 | O8: 15/16 | P8: =IF(COUNT(C8:N8)=12,SUM(C8:N8),"") | Q8: =IFERROR(P8/P7-1,"") | S8: 15/16 | T8: =IFERROR(IF(SUM(OFFSET(C8,0,0,1,$C$56))=0,"",SUM(OFFSET(C8,0,0,1,$C$56))),"") | U8: =IFERROR(T8/T7-1,"") | AI8: Excluding Peru | AJ8: 0
A9: 3 | B9: 16/17 | O9: 16/17 | P9: =IF(COUNT(C9:N9)=12,SUM(C9:N9),"") | Q9: =IFERROR(P9/P8-1,"") | S9: 16/17 | T9: =IFERROR(IF(SUM(OFFSET(C9,0,0,1,$C$56))=0,"",SUM(OFFSET(C9,0,0,1,$C$56))),"") | U9: =IFERROR(T9/T8-1,"") | AI9: Including Peru | AJ9: 1
A10: 4 | B10: 17/18 | C10: ='S4 Arabica'!C10+'S5 Robusta'!C10+Peru!C10 -> 7532256.5 | D10: ='S4 Arabica'!D10+'S5 Robusta'!D10+Peru!D10 -> 8059784.4 | E10: ='S4 Arabica'!E10+'S5 Robusta'!E10+Peru!E10 -> 8991528 | F10: ='S4 Arabica'!F10+'S5 Robusta'!F10+Peru!F10 -> 9563631.7 | G10: ='S4 Arabica'!G10+'S5 Robusta'!G10+Peru!G10 -> 8149370.4 | H10: ='S4 Arabica'!H10+'S5 Robusta'!H10+Peru!H10 -> 9112084.7 | I10: ='S4 Arabica'!I10+'S5 Robusta'!I10+Peru!I10 -> 8082163.7 | J10: ='S4 Arabica'!J10+'S5 Robusta'!J10+Peru!J10 -> 7517139.9 | ... N10: ='S4 Arabica'!N10+'S5 Robusta'!N10+Peru!N10 -> 8309802.2 | O10: 17/18 | P10: =IF(COUNT(C10:N10)=12,SUM(C10:N10),"") -> 1.0031169e+08 | Q10: =IFERROR(P10/P9-1,"") | S10: 17/18 | T10: =IFERROR(IF(SUM(OFFSET(C10,0,0,1,$C$56))=0,"",SUM(OFFSET(C10,0,0,1,$C$56))),"") -> 1.0031169e+08 | U10: =IFERROR(T10/T9-1,"")
A11: 5 | B11: 18/19 | C11: ='S4 Arabica'!C11+'S5 Robusta'!C11+Peru!C11 -> 9312780.5 | D11: ='S4 Arabica'!D11+'S5 Robusta'!D11+Peru!D11 -> 9561900.3 | E11: ='S4 Arabica'!E11+'S5 Robusta'!E11+Peru!E11 -> 9699868.8 | F11: ='S4 Arabica'!F11+'S5 Robusta'!F11+Peru!F11 -> 10204785 | G11: ='S4 Arabica'!G11+'S5 Robusta'!G11+Peru!G11 -> 8829576.5 | H11: ='S4 Arabica'!H11+'S5 Robusta'!H11+Peru!H11 -> 9280829.7 | I11: ='S4 Arabica'!I11+'S5 Robusta'!I11+Peru!I11 -> 8639189.5 | J11: ='S4 Arabica'!J11+'S5 Robusta'!J11+Peru!J11 -> 9447737.7 | ... N11: ='S4 Arabica'!N11+'S5 Robusta'!N11+Peru!N11 -> 8490472.6 | O11: 18/19 | P11: =IF(COUNT(C11:N11)=12,SUM(C11:N11),"") -> 1.1036104e+08 | Q11: =IFERROR(P11/P10-1,"") -> 0.10018118 | S11: 18/19 | T11: =IFERROR(IF(SUM(OFFSET(C11,0,0,1,$C$56))=0,"",SUM(OFFSET(C11,0,0,1,$C$56))),"") -> 1.1036104e+08 | U11: =IFERROR(T11/T10-1,"") -> 0.10018118
A12: 6 | B12: 19/20 | C12: ='S4 Arabica'!C12+'S5 Robusta'!C12+Peru!C12 -> 8683914.8 | D12: ='S4 Arabica'!D12+'S5 Robusta'!D12+Peru!D12 -> 8582434.7 | E12: ='S4 Arabica'!E12+'S5 Robusta'!E12+Peru!E12 -> 9584164.3 | F12: ='S4 Arabica'!F12+'S5 Robusta'!F12+Peru!F12 -> 9132495.4 | G12: ='S4 Arabica'!G12+'S5 Robusta'!G12+Peru!G12 -> 9365572.9 | H12: ='S4 Arabica'!H12+'S5 Robusta'!H12+Peru!H12 -> 9927214.7 | I12: ='S4 Arabica'!I12+'S5 Robusta'!I12+Peru!I12 -> 8837208.9 | J12: ='S4 Arabica'!J12+'S5 Robusta'!J12+Peru!J12 -> 8232623.6 | ... N12: ='S4 Arabica'!N12+'S5 Robusta'!N12+Peru!N12 -> 8894662.7 | O12: 19/20 | P12: =IF(COUNT(C12:N12)=12,SUM(C12:N12),"") -> 1.0616502e+08 | Q12: =IFERROR(P12/P11-1,"") -> -0.038020855 | S12: 19/20 | T12: =IFERROR(IF(SUM(OFFSET(C12,0,0,1,$C$56))=0,"",SUM(OFFSET(C12,0,0,1,$C$56))),"") -> 1.0616502e+08 | U12: =IFERROR(T12/T11-1,"") -> -0.038020855 | AI12: =_xlfn.XLOOKUP(Q1,$AI$8:$AI$9,AJ8:AJ9) -> 1
A13: 7 | B13: 20/21 | C13: ='S4 Arabica'!C13+'S5 Robusta'!C13+Peru!C13 -> 8868913.1 | D13: ='S4 Arabica'!D13+'S5 Robusta'!D13+Peru!D13 -> 9379553.7 | E13: ='S4 Arabica'!E13+'S5 Robusta'!E13+Peru!E13 -> 10183493 | F13: ='S4 Arabica'!F13+'S5 Robusta'!F13+Peru!F13 -> 9453931.9 | G13: ='S4 Arabica'!G13+'S5 Robusta'!G13+Peru!G13 -> 9435595 | H13: ='S4 Arabica'!H13+'S5 Robusta'!H13+Peru!H13 -> 10369731 | I13: ='S4 Arabica'!I13+'S5 Robusta'!I13+Peru!I13 -> 9226661.5 | J13: ='S4 Arabica'!J13+'S5 Robusta'!J13+Peru!J13 -> 8081572.9 | ... N13: ='S4 Arabica'!N13+'S5 Robusta'!N13+Peru!N13 -> 8629896.7 | O13: 20/21 | P13: =IF(COUNT(C13:N13)=12,SUM(C13:N13),"") -> 1.0977479e+08 | Q13: =IFERROR(P13/P12-1,"") -> 0.034001486 | S13: 20/21 | T13: =IFERROR(IF(SUM(OFFSET(C13,0,0,1,$C$56))=0,"",SUM(OFFSET(C13,0,0,1,$C$56))),"") -> 1.0977479e+08 | U13: =IFERROR(T13/T12-1,"") -> 0.034001486
A14: 8 | B14: 21/22 | C14: ='S4 Arabica'!C14+'S5 Robusta'!C14+Peru!C14 -> 8682954.4 | D14: ='S4 Arabica'!D14+'S5 Robusta'!D14+Peru!D14 -> 8725620.3 | E14: ='S4 Arabica'!E14+'S5 Robusta'!E14+Peru!E14 -> 10596655 | F14: ='S4 Arabica'!F14+'S5 Robusta'!F14+Peru!F14 -> 10945405 | G14: ='S4 Arabica'!G14+'S5 Robusta'!G14+Peru!G14 -> 9289449.5 | H14: ='S4 Arabica'!H14+'S5 Robusta'!H14+Peru!H14 -> 11034727 | I14: ='S4 Arabica'!I14+'S5 Robusta'!I14+Peru!I14 -> 8673602.1 | J14: ='S4 Arabica'!J14+'S5 Robusta'!J14+Peru!J14 -> 8568672.4 | ... N14: ='S4 Arabica'!N14+'S5 Robusta'!N14+Peru!N14 -> 8420163.8 | O14: 21/22 | P14: =IF(COUNT(C14:N14)=12,SUM(C14:N14),"") -> 1.1029393e+08 | Q14: =IFERROR(P14/P13-1,"") -> 0.0047291554 | S14: 21/22 | T14: =IFERROR(IF(SUM(OFFSET(C14,0,0,1,$C$56))=0,"",SUM(OFFSET(C14,0,0,1,$C$56))),"") -> 1.1029393e+08 | U14: =IFERROR(T14/T13-1,"") -> 0.0047291554
A15: 9 | B15: 22/23 | C15: ='S4 Arabica'!C15+'S5 Robusta'!C15+Peru!C15 -> 8102670.2 | D15: ='S4 Arabica'!D15+'S5 Robusta'!D15+Peru!D15 -> 8908202.7 | E15: ='S4 Arabica'!E15+'S5 Robusta'!E15+Peru!E15 -> 9247922.5 | F15: ='S4 Arabica'!F15+'S5 Robusta'!F15+Peru!F15 -> 8309169.3 | G15: ='S4 Arabica'!G15+'S5 Robusta'!G15+Peru!G15 -> 8131432 | H15: ='S4 Arabica'!H15+'S5 Robusta'!H15+Peru!H15 -> 9636946.2 | I15: ='S4 Arabica'!I15+'S5 Robusta'!I15+Peru!I15 -> 8214652.2 | J15: ='S4 Arabica'!J15+'S5 Robusta'!J15+Peru!J15 -> 8268948.9 | ... N15: ='S4 Arabica'!N15+'S5 Robusta'!N15+Peru!N15 -> 7224401.9 | O15: 22/23 | P15: =IF(COUNT(C15:N15)=12,SUM(C15:N15),"") -> 1.0123136e+08 | Q15: =IFERROR(P15/P14-1,"") -> -0.082167458 | S15: 22/23 | T15: =IFERROR(IF(SUM(OFFSET(C15,0,0,1,$C$56))=0,"",SUM(OFFSET(C15,0,0,1,$C$56))),"") -> 1.0123136e+08 | U15: =IFERROR(T15/T14-1,"") -> -0.082167458
A16: 10 | B16: 23/24 | C16: ='S4 Arabica'!C16+'S5 Robusta'!C16+Peru!C16 -> 8056758.5 | D16: ='S4 Arabica'!D16+'S5 Robusta'!D16+Peru!D16 -> 9412677 | E16: ='S4 Arabica'!E16+'S5 Robusta'!E16+Peru!E16 -> 10344775 | F16: ='S4 Arabica'!F16+'S5 Robusta'!F16+Peru!F16 -> 10618365 | G16: ='S4 Arabica'!G16+'S5 Robusta'!G16+Peru!G16 -> 9558678.4 | H16: ='S4 Arabica'!H16+'S5 Robusta'!H16+Peru!H16 -> 10763623 | I16: ='S4 Arabica'!I16+'S5 Robusta'!I16+Peru!I16 -> 9569736.2 | J16: ='S4 Arabica'!J16+'S5 Robusta'!J16+Peru!J16 -> 9420793.5 | ... N16: ='S4 Arabica'!N16+'S5 Robusta'!N16+Peru!N16 -> 9098538.3 | O16: 23/24 | P16: =IF(COUNT(C16:N16)=12,SUM(C16:N16),"") -> 1.1398129e+08 | Q16: =IFERROR(P16/P15-1,"") -> 0.1259485 | S16: 23/24 | T16: =IFERROR(IF(SUM(OFFSET(C16,0,0,1,$C$56))=0,"",SUM(OFFSET(C16,0,0,1,$C$56))),"") -> 1.1398129e+08 | U16: =IFERROR(T16/T15-1,"") -> 0.1259485
A17: 11 | B17: 24/25 | C17: ='S4 Arabica'!C17+'S5 Robusta'!C17+Peru!C17 -> 9371220.1 | D17: ='S4 Arabica'!D17+'S5 Robusta'!D17+Peru!D17 -> 8597891.4 | E17: ='S4 Arabica'!E17+'S5 Robusta'!E17+Peru!E17 -> 10108386 | F17: ='S4 Arabica'!F17+'S5 Robusta'!F17+Peru!F17 -> 9244913.3 | G17: ='S4 Arabica'!G17+'S5 Robusta'!G17+Peru!G17 -> 9870648.6 | H17: ='S4 Arabica'!H17+'S5 Robusta'!H17+Peru!H17 -> 10688058 | I17: ='S4 Arabica'!I17+'S5 Robusta'!I17+Peru!I17 -> 9452387.3 | J17: ='S4 Arabica'!J17+'S5 Robusta'!J17+Peru!J17 -> 9775990.8 | ... N17: ='S4 Arabica'!N17+'S5 Robusta'!N17+Peru!N17 -> 9558429.4 | O17: 24/25 | P17: =IF(COUNT(C17:N17)=12,SUM(C17:N17),"") -> 1.1442842e+08 | S17: 24/25 | T17: =IFERROR(IF(SUM(OFFSET(C17,0,0,1,$C$56))=0,"",SUM(OFFSET(C17,0,0,1,$C$56))),"") -> 1.1442842e+08 | U17: =IFERROR(T17/T16-1,"") -> 0.0039227988
A18: 12 | B18: 25/26 | C18: ='S4 Arabica'!C18+'S5 Robusta'!C18+Peru!C18 -> 9267879.2 | D18: ='S4 Arabica'!D18+'S5 Robusta'!D18+Peru!D18 -> 8871933.3 | E18: ='S4 Arabica'!E18+'S5 Robusta'!E18+Peru!E18 -> 9594239.5 | F18: ='S4 Arabica'!F18+'S5 Robusta'!F18+Peru!F18 -> 9591414 | G18: ='S4 Arabica'!G18+'S5 Robusta'!G18+Peru!G18 -> 8393792.3 | H18: ='S4 Arabica'!H18+'S5 Robusta'!H18+Peru!H18 -> 9569299.3 | I18: ='S4 Arabica'!I18+'S5 Robusta'!I18+Peru!I18 -> 9619436 | J18: ='S4 Arabica'!J18+'S5 Robusta'!J18+Peru!J18 -> #N/A | ... N18: ='S4 Arabica'!N18+'S5 Robusta'!N18+Peru!N18 -> #N/A | O18: 25/26 | P18: =IF(COUNT(C18:N18)=12,SUM(C18:N18),"") | S18: 25/26 | T18: =IFERROR(IF(SUM(OFFSET(C18,0,0,1,$C$56))=0,"",SUM(OFFSET(C18,0,0,1,$C$56))),"")
A19: 13 | B19: 26/27 | C19: ='S4 Arabica'!C19+'S5 Robusta'!C19+Peru!C19 -> #N/A | D19: ='S4 Arabica'!D19+'S5 Robusta'!D19+Peru!D19 -> #N/A | E19: ='S4 Arabica'!E19+'S5 Robusta'!E19+Peru!E19 -> #N/A | F19: ='S4 Arabica'!F19+'S5 Robusta'!F19+Peru!F19 -> #N/A | G19: ='S4 Arabica'!G19+'S5 Robusta'!G19+Peru!G19 -> #N/A | H19: ='S4 Arabica'!H19+'S5 Robusta'!H19+Peru!H19 -> #N/A | I19: ='S4 Arabica'!I19+'S5 Robusta'!I19+Peru!I19 -> #N/A | J19: ='S4 Arabica'!J19+'S5 Robusta'!J19+Peru!J19 -> #N/A | ... N19: ='S4 Arabica'!N19+'S5 Robusta'!N19+Peru!N19 -> #N/A | O19: 26/27 | P19: =IF(COUNT(C19:N19)=12,SUM(C19:N19),"") | S19: 26/27 | T19: =IFERROR(IF(SUM(OFFSET(C19,0,0,1,$C$56))=0,"",SUM(OFFSET(C19,0,0,1,$C$56))),"")
B20: YoY | C20: =IFERROR(C17/C16-1,"") -> 0.16315017 | D20: =IFERROR(D17/D16-1,"") -> -0.086562573 | E20: =IFERROR(E17/E16-1,"") -> -0.022851142 | F20: =IFERROR(F17/F16-1,"") -> -0.12934681 | G20: =IFERROR(G17/G16-1,"") -> 0.032637371 | H20: =IFERROR(H17/H16-1,"") -> -0.0070203742 | I20: =IFERROR(I17/I16-1,"") -> -0.012262501 | J20: =IFERROR(J17/J16-1,"") -> 0.037703542 | ... N20: =IFERROR(N17/N16-1,"") -> 0.050545603
K27: =_xlfn.CONCAT(A1," | ",S6) -> Robusta + Arabica Exports | YTD : Oct-Sep | Q27: =_xlfn.CONCAT(A1," | ","Cumulative") -> Robusta + Arabica Exports | Cumulative
B56: Offset | C56: =COUNT(C17:N17) -> 12 | D56: =OFFSET(B6,0,$C$56,1,1) -> Sep | E56: =B17 -> 24/25 | F56: =_xlfn.CONCAT(D56,"'",E56) -> Sep'24/25
B65: Oct | C65: Nov | D65: Dec | E65: Jan | F65: Feb | G65: Mar | H65: Apr | I65: May | J65: Jun | K65: Jul | L65: Aug | M65: Sep
A66: =B17 -> 24/25 | B66: =C17 -> 9371220.1 | C66: =D17 -> 8597891.4 | D66: =E17 -> 10108386 | E66: =F17 -> 9244913.3 | F66: =G17 -> 9870648.6 | G66: =H17 -> 10688058 | H66: =I17 -> 9452387.3 | ... M66: =N17 -> 9558429.4
A67: Min | B67: =MIN(C7:C16) -> 7532256.5 | C67: =MIN(D7:D16) -> 8059784.4 | D67: =MIN(E7:E16) -> 8991528 | E67: =MIN(F7:F16) -> 8309169.3 | F67: =MIN(G7:G16) -> 8131432 | G67: =MIN(H7:H16) -> 9112084.7 | H67: =MIN(I7:I16) -> 8082163.7 | I67: =MIN(J7:J16) -> 7517139.9 | ... M67: =MIN(N7:N16) -> 7224401.9
A68: Max | B68: =MAX(C7:C16) -> 9312780.5 | C68: =MAX(D7:D16) -> 9561900.3 | D68: =MAX(E7:E16) -> 10596655 | E68: =MAX(F7:F16) -> 10945405 | F68: =MAX(G7:G16) -> 9558678.4 | G68: =MAX(H7:H16) -> 11034727 | H68: =MAX(I7:I16) -> 9569736.2 | I68: =MAX(J7:J16) -> 9447737.7 | ... M68: =MAX(N7:N16) -> 9098538.3
A69: Avg(5) | B69: =AVERAGE(C13:C17) -> 8616503.2 | C69: =AVERAGE(D13:D17) -> 9004789 | D69: =AVERAGE(E13:E17) -> 10096246 | E69: =AVERAGE(F13:F17) -> 9714357 | F69: =AVERAGE(G13:G17) -> 9257160.7 | G69: =AVERAGE(H13:H17) -> 10498617 | H69: =AVERAGE(I13:I17) -> 9027407.9 | I69: =AVERAGE(J13:J17) -> 8823195.7 | ... M69: =AVERAGE(N13:N17) -> 8586286
B74: 1 | C74: 1 | D74: =INDEX($C$7:$N$19,MATCH(B74,$A$7:$A$19),MATCH(C74,$C$4:$N$4)) -> 0 | E74: =_xlfn.XLOOKUP(B74,$A$7:$A$19,$B$7:$B$19) -> 14/15 | F74: =_xlfn.XLOOKUP(C74,$C$4:$N$4,$C$6:$N$6) -> Oct | G74: =_xlfn.CONCAT(F74,"'",E74) -> Oct'14/15 | N74: Cumulative
B75: 1 | C75: 2 | D75: =INDEX($C$7:$N$19,MATCH(B75,$A$7:$A$19),MATCH(C75,$C$4:$N$4)) -> 0 | E75: =_xlfn.XLOOKUP(B75,$A$7:$A$19,$B$7:$B$19) -> 14/15 | F75: =_xlfn.XLOOKUP(C75,$C$4:$N$4,$C$6:$N$6) -> Nov | G75: =_xlfn.CONCAT(F75,"'",E75) -> Nov'14/15 | N75: Oct | O75: Nov | P75: Dec | Q75: Jan | R75: Feb | S75: Mar | T75: Apr | U75: May | V75: Jun | W75: Jul | X75: Aug | Y75: Sep
B76: 1 | C76: 3 | D76: =INDEX($C$7:$N$19,MATCH(B76,$A$7:$A$19),MATCH(C76,$C$4:$N$4)) -> 0 | E76: =_xlfn.XLOOKUP(B76,$A$7:$A$19,$B$7:$B$19) -> 14/15 | F76: =_xlfn.XLOOKUP(C76,$C$4:$N$4,$C$6:$N$6) -> Dec | G76: =_xlfn.CONCAT(F76,"'",E76) -> Dec'14/15 | M76: 14/15 | N76: =C7 -> 0 | O76: =N76+D7 -> 0 | P76: =O76+E7 -> 0 | Q76: =P76+F7 -> 0 | R76: =Q76+G7 -> 0 | S76: =R76+H7 -> 0 | T76: =S76+I7 -> 0 | U76: =T76+J7 -> 0 | V76: =U76+K7 -> 0 | ... Y76: =X76+N7 -> 0
B77: 1 | C77: 4 | D77: =INDEX($C$7:$N$19,MATCH(B77,$A$7:$A$19),MATCH(C77,$C$4:$N$4)) -> 0 | E77: =_xlfn.XLOOKUP(B77,$A$7:$A$19,$B$7:$B$19) -> 14/15 | F77: =_xlfn.XLOOKUP(C77,$C$4:$N$4,$C$6:$N$6) -> Jan | G77: =_xlfn.CONCAT(F77,"'",E77) -> Jan'14/15 | M77: 15/16 | N77: =C8 -> 0 | O77: =N77+D8 -> 0 | P77: =O77+E8 -> 0 | Q77: =P77+F8 -> 0 | R77: =Q77+G8 -> 0 | S77: =R77+H8 -> 0 | T77: =S77+I8 -> 0 | U77: =T77+J8 -> 0 | V77: =U77+K8 -> 0 | ... Y77: =X77+N8 -> 0
B78: 1 | C78: 5 | D78: =INDEX($C$7:$N$19,MATCH(B78,$A$7:$A$19),MATCH(C78,$C$4:$N$4)) -> 0 | E78: =_xlfn.XLOOKUP(B78,$A$7:$A$19,$B$7:$B$19) -> 14/15 | F78: =_xlfn.XLOOKUP(C78,$C$4:$N$4,$C$6:$N$6) -> Feb | G78: =_xlfn.CONCAT(F78,"'",E78) -> Feb'14/15 | M78: 16/17 | N78: =C9 -> 0 | O78: =N78+D9 -> 0 | P78: =O78+E9 -> 0 | Q78: =P78+F9 -> 0 | R78: =Q78+G9 -> 0 | S78: =R78+H9 -> 0 | T78: =S78+I9 -> 0 | U78: =T78+J9 -> 0 | V78: =U78+K9 -> 0 | ... Y78: =X78+N9 -> 0
B79: 1 | C79: 6 | D79: =INDEX($C$7:$N$19,MATCH(B79,$A$7:$A$19),MATCH(C79,$C$4:$N$4)) -> 0 | E79: =_xlfn.XLOOKUP(B79,$A$7:$A$19,$B$7:$B$19) -> 14/15 | F79: =_xlfn.XLOOKUP(C79,$C$4:$N$4,$C$6:$N$6) -> Mar | G79: =_xlfn.CONCAT(F79,"'",E79) -> Mar'14/15 | M79: 17/18 | N79: =C10 -> 7532256.5 | O79: =N79+D10 -> 15592041 | P79: =O79+E10 -> 24583569 | Q79: =P79+F10 -> 34147201 | R79: =Q79+G10 -> 42296571 | S79: =R79+H10 -> 51408656 | T79: =S79+I10 -> 59490819 | U79: =T79+J10 -> 67007959 | V79: =U79+K10 -> 75277802 | ... Y79: =X79+N10 -> 1.0031169e+08
B80: 1 | C80: 7 | D80: =INDEX($C$7:$N$19,MATCH(B80,$A$7:$A$19),MATCH(C80,$C$4:$N$4)) -> 0 | E80: =_xlfn.XLOOKUP(B80,$A$7:$A$19,$B$7:$B$19) -> 14/15 | F80: =_xlfn.XLOOKUP(C80,$C$4:$N$4,$C$6:$N$6) -> Apr | G80: =_xlfn.CONCAT(F80,"'",E80) -> Apr'14/15 | M80: 18/19 | N80: =C11 -> 9312780.5 | O80: =N80+D11 -> 18874681 | P80: =O80+E11 -> 28574550 | Q80: =P80+F11 -> 38779335 | R80: =Q80+G11 -> 47608911 | S80: =R80+H11 -> 56889741 | T80: =S80+I11 -> 65528930 | U80: =T80+J11 -> 74976668 | V80: =U80+K11 -> 83762428 | ... Y80: =X80+N11 -> 1.1036104e+08
B81: 1 | C81: 8 | D81: =INDEX($C$7:$N$19,MATCH(B81,$A$7:$A$19),MATCH(C81,$C$4:$N$4)) -> 0 | E81: =_xlfn.XLOOKUP(B81,$A$7:$A$19,$B$7:$B$19) -> 14/15 | F81: =_xlfn.XLOOKUP(C81,$C$4:$N$4,$C$6:$N$6) -> May | G81: =_xlfn.CONCAT(F81,"'",E81) -> May'14/15 | M81: 19/20 | N81: =C12 -> 8683914.8 | O81: =N81+D12 -> 17266350 | P81: =O81+E12 -> 26850514 | Q81: =P81+F12 -> 35983009 | R81: =Q81+G12 -> 45348582 | S81: =R81+H12 -> 55275797 | T81: =S81+I12 -> 64113006 | U81: =T81+J12 -> 72345629 | V81: =U81+K12 -> 80546012 | ... Y81: =X81+N12 -> 1.0616502e+08
B82: 1 | C82: 9 | D82: =INDEX($C$7:$N$19,MATCH(B82,$A$7:$A$19),MATCH(C82,$C$4:$N$4)) -> 0 | E82: =_xlfn.XLOOKUP(B82,$A$7:$A$19,$B$7:$B$19) -> 14/15 | F82: =_xlfn.XLOOKUP(C82,$C$4:$N$4,$C$6:$N$6) -> Jun | G82: =_xlfn.CONCAT(F82,"'",E82) -> Jun'14/15 | M82: 20/21 | N82: =C13 -> 8868913.1 | O82: =N82+D13 -> 18248467 | P82: =O82+E13 -> 28431959 | Q82: =P82+F13 -> 37885891 | R82: =Q82+G13 -> 47321486 | S82: =R82+H13 -> 57691217 | T82: =S82+I13 -> 66917878 | U82: =T82+J13 -> 74999451 | V82: =U82+K13 -> 83948014 | ... Y82: =X82+N13 -> 1.0977479e+08
B83: 1 | C83: 10 | D83: =INDEX($C$7:$N$19,MATCH(B83,$A$7:$A$19),MATCH(C83,$C$4:$N$4)) -> 0 | E83: =_xlfn.XLOOKUP(B83,$A$7:$A$19,$B$7:$B$19) -> 14/15 | F83: =_xlfn.XLOOKUP(C83,$C$4:$N$4,$C$6:$N$6) -> Jul | G83: =_xlfn.CONCAT(F83,"'",E83) -> Jul'14/15 | M83: 21/22 | N83: =C14 -> 8682954.4 | O83: =N83+D14 -> 17408575 | P83: =O83+E14 -> 28005230 | Q83: =P83+F14 -> 38950635 | R83: =Q83+G14 -> 48240085 | S83: =R83+H14 -> 59274812 | T83: =S83+I14 -> 67948414 | U83: =T83+J14 -> 76517087 | V83: =U83+K14 -> 85420563 | ... Y83: =X83+N14 -> 1.1029393e+08
B84: 1 | C84: 11 | D84: =INDEX($C$7:$N$19,MATCH(B84,$A$7:$A$19),MATCH(C84,$C$4:$N$4)) -> 0 | E84: =_xlfn.XLOOKUP(B84,$A$7:$A$19,$B$7:$B$19) -> 14/15 | F84: =_xlfn.XLOOKUP(C84,$C$4:$N$4,$C$6:$N$6) -> Aug | G84: =_xlfn.CONCAT(F84,"'",E84) -> Aug'14/15 | H84: Month | I84: Rolling 12m Sum | M84: 22/23 | N84: =C15 -> 8102670.2 | O84: =N84+D15 -> 17010873 | P84: =O84+E15 -> 26258795 | Q84: =P84+F15 -> 34567965 | R84: =Q84+G15 -> 42699397 | S84: =R84+H15 -> 52336343 | T84: =S84+I15 -> 60550995 | U84: =T84+J15 -> 68819944 | V84: =U84+K15 -> 77071036 | ... Y84: =X84+N15 -> 1.0123136e+08
B85: 1 | C85: 12 | D85: =INDEX($C$7:$N$19,MATCH(B85,$A$7:$A$19),MATCH(C85,$C$4:$N$4)) -> 0 | E85: =_xlfn.XLOOKUP(B85,$A$7:$A$19,$B$7:$B$19) -> 14/15 | F85: =_xlfn.XLOOKUP(C85,$C$4:$N$4,$C$6:$N$6) -> Sep | G85: =_xlfn.CONCAT(F85,"'",E85) -> Sep'14/15 | H85: =G85 -> Sep'14/15 | I85: =SUM(D74:D85)/1000000 -> 0 | M85: 23/24 | N85: =C16 -> 8056758.5 | O85: =N85+D16 -> 17469435 | P85: =O85+E16 -> 27814211 | Q85: =P85+F16 -> 38432576 | R85: =Q85+G16 -> 47991254 | S85: =R85+H16 -> 58754877 | T85: =S85+I16 -> 68324613 | U85: =T85+J16 -> 77745407 | V85: =U85+K16 -> 86389342 | ... Y85: =X85+N16 -> 1.1398129e+08
B86: =B74+1 -> 2 | C86: =C74 -> 1 | D86: =INDEX($C$7:$N$19,MATCH(B86,$A$7:$A$19),MATCH(C86,$C$4:$N$4)) -> 0 | E86: =_xlfn.XLOOKUP(B86,$A$7:$A$19,$B$7:$B$19) -> 15/16 | F86: =_xlfn.XLOOKUP(C86,$C$4:$N$4,$C$6:$N$6) -> Oct | G86: =_xlfn.CONCAT(F86,"'",E86) -> Oct'15/16 | H86: =G86 -> Oct'15/16 | I86: =SUM(D75:D86)/1000000 -> 0 | M86: 24/25 | N86: =C17 -> 9371220.1 | O86: =N86+D17 -> 17969112 | P86: =O86+E17 -> 28077497 | Q86: =P86+F17 -> 37322410 | R86: =Q86+G17 -> 47193059 | S86: =R86+H17 -> 57881117 | T86: =S86+I17 -> 67333504 | U86: =T86+J17 -> 77109495 | V86: =U86+K17 -> 86471323 | ... Y86: =X86+N17 -> 1.1442842e+08
B87: =B75+1 -> 2 | C87: =C75 -> 2 | D87: =INDEX($C$7:$N$19,MATCH(B87,$A$7:$A$19),MATCH(C87,$C$4:$N$4)) -> 0 | E87: =_xlfn.XLOOKUP(B87,$A$7:$A$19,$B$7:$B$19) -> 15/16 | F87: =_xlfn.XLOOKUP(C87,$C$4:$N$4,$C$6:$N$6) -> Nov | G87: =_xlfn.CONCAT(F87,"'",E87) -> Nov'15/16 | H87: =G87 -> Nov'15/16 | I87: =SUM(D76:D87)/1000000 -> 0 | M87: 25/26 | N87: =C18 -> 9267879.2 | O87: =N87+D18 -> 18139812 | P87: =O87+E18 -> 27734052 | Q87: =P87+F18 -> 37325466 | R87: =Q87+G18 -> 45719258 | S87: =R87+H18 -> 55288558 | T87: =S87+I18 -> 64907994 | U87: =T87+J18 -> #N/A | V87: =U87+K18 -> #N/A | ... Y87: =X87+N18 -> #N/A
B88: =B76+1 -> 2 | C88: =C76 -> 3 | D88: =INDEX($C$7:$N$19,MATCH(B88,$A$7:$A$19),MATCH(C88,$C$4:$N$4)) -> 0 | E88: =_xlfn.XLOOKUP(B88,$A$7:$A$19,$B$7:$B$19) -> 15/16 | F88: =_xlfn.XLOOKUP(C88,$C$4:$N$4,$C$6:$N$6) -> Dec | G88: =_xlfn.CONCAT(F88,"'",E88) -> Dec'15/16 | H88: =G88 -> Dec'15/16 | I88: =SUM(D77:D88)/1000000 -> 0 | M88: 26/27 | N88: =C19 -> #N/A | O88: =N88+D19 -> #N/A | P88: =O88+E19 -> #N/A | Q88: =P88+F19 -> #N/A | R88: =Q88+G19 -> #N/A | S88: =R88+H19 -> #N/A | T88: =S88+I19 -> #N/A | U88: =T88+J19 -> #N/A | V88: =U88+K19 -> #N/A | ... Y88: =X88+N19 -> #N/A
B89: =B77+1 -> 2 | C89: =C77 -> 4 | D89: =INDEX($C$7:$N$19,MATCH(B89,$A$7:$A$19),MATCH(C89,$C$4:$N$4)) -> 0 | E89: =_xlfn.XLOOKUP(B89,$A$7:$A$19,$B$7:$B$19) -> 15/16 | F89: =_xlfn.XLOOKUP(C89,$C$4:$N$4,$C$6:$N$6) -> Jan | G89: =_xlfn.CONCAT(F89,"'",E89) -> Jan'15/16 | H89: =G89 -> Jan'15/16 | I89: =SUM(D78:D89)/1000000 -> 0
B90: =B78+1 -> 2 | C90: =C78 -> 5 | D90: =INDEX($C$7:$N$19,MATCH(B90,$A$7:$A$19),MATCH(C90,$C$4:$N$4)) -> 0 | E90: =_xlfn.XLOOKUP(B90,$A$7:$A$19,$B$7:$B$19) -> 15/16 | F90: =_xlfn.XLOOKUP(C90,$C$4:$N$4,$C$6:$N$6) -> Feb | G90: =_xlfn.CONCAT(F90,"'",E90) -> Feb'15/16 | H90: =G90 -> Feb'15/16 | I90: =SUM(D79:D90)/1000000 -> 0
B91: =B79+1 -> 2 | C91: =C79 -> 6 | D91: =INDEX($C$7:$N$19,MATCH(B91,$A$7:$A$19),MATCH(C91,$C$4:$N$4)) -> 0 | E91: =_xlfn.XLOOKUP(B91,$A$7:$A$19,$B$7:$B$19) -> 15/16 | F91: =_xlfn.XLOOKUP(C91,$C$4:$N$4,$C$6:$N$6) -> Mar | G91: =_xlfn.CONCAT(F91,"'",E91) -> Mar'15/16 | H91: =G91 -> Mar'15/16 | I91: =SUM(D80:D91)/1000000 -> 0
B92: =B80+1 -> 2 | C92: =C80 -> 7 | D92: =INDEX($C$7:$N$19,MATCH(B92,$A$7:$A$19),MATCH(C92,$C$4:$N$4)) -> 0 | E92: =_xlfn.XLOOKUP(B92,$A$7:$A$19,$B$7:$B$19) -> 15/16 | F92: =_xlfn.XLOOKUP(C92,$C$4:$N$4,$C$6:$N$6) -> Apr | G92: =_xlfn.CONCAT(F92,"'",E92) -> Apr'15/16 | H92: =G92 -> Apr'15/16 | I92: =SUM(D81:D92)/1000000 -> 0
B93: =B81+1 -> 2 | C93: =C81 -> 8 | D93: =INDEX($C$7:$N$19,MATCH(B93,$A$7:$A$19),MATCH(C93,$C$4:$N$4)) -> 0 | E93: =_xlfn.XLOOKUP(B93,$A$7:$A$19,$B$7:$B$19) -> 15/16 | F93: =_xlfn.XLOOKUP(C93,$C$4:$N$4,$C$6:$N$6) -> May | G93: =_xlfn.CONCAT(F93,"'",E93) -> May'15/16 | H93: =G93 -> May'15/16 | I93: =SUM(D82:D93)/1000000 -> 0
B94: =B82+1 -> 2 | C94: =C82 -> 9 | D94: =INDEX($C$7:$N$19,MATCH(B94,$A$7:$A$19),MATCH(C94,$C$4:$N$4)) -> 0 | E94: =_xlfn.XLOOKUP(B94,$A$7:$A$19,$B$7:$B$19) -> 15/16 | F94: =_xlfn.XLOOKUP(C94,$C$4:$N$4,$C$6:$N$6) -> Jun | G94: =_xlfn.CONCAT(F94,"'",E94) -> Jun'15/16 | H94: =G94 -> Jun'15/16 | I94: =SUM(D83:D94)/1000000 -> 0
B95: =B83+1 -> 2 | C95: =C83 -> 10 | D95: =INDEX($C$7:$N$19,MATCH(B95,$A$7:$A$19),MATCH(C95,$C$4:$N$4)) -> 0 | E95: =_xlfn.XLOOKUP(B95,$A$7:$A$19,$B$7:$B$19) -> 15/16 | F95: =_xlfn.XLOOKUP(C95,$C$4:$N$4,$C$6:$N$6) -> Jul | G95: =_xlfn.CONCAT(F95,"'",E95) -> Jul'15/16 | H95: =G95 -> Jul'15/16 | I95: =SUM(D84:D95)/1000000 -> 0
B96: =B84+1 -> 2 | C96: =C84 -> 11 | D96: =INDEX($C$7:$N$19,MATCH(B96,$A$7:$A$19),MATCH(C96,$C$4:$N$4)) -> 0 | E96: =_xlfn.XLOOKUP(B96,$A$7:$A$19,$B$7:$B$19) -> 15/16 | F96: =_xlfn.XLOOKUP(C96,$C$4:$N$4,$C$6:$N$6) -> Aug | G96: =_xlfn.CONCAT(F96,"'",E96) -> Aug'15/16 | H96: =G96 -> Aug'15/16 | I96: =SUM(D85:D96)/1000000 -> 0
B97: =B85+1 -> 2 | C97: =C85 -> 12 | D97: =INDEX($C$7:$N$19,MATCH(B97,$A$7:$A$19),MATCH(C97,$C$4:$N$4)) -> 0 | E97: =_xlfn.XLOOKUP(B97,$A$7:$A$19,$B$7:$B$19) -> 15/16 | F97: =_xlfn.XLOOKUP(C97,$C$4:$N$4,$C$6:$N$6) -> Sep | G97: =_xlfn.CONCAT(F97,"'",E97) -> Sep'15/16 | H97: =G97 -> Sep'15/16 | I97: =SUM(D86:D97)/1000000 -> 0
B98: =B86+1 -> 3 | C98: =C86 -> 1 | D98: =INDEX($C$7:$N$19,MATCH(B98,$A$7:$A$19),MATCH(C98,$C$4:$N$4)) -> 0 | E98: =_xlfn.XLOOKUP(B98,$A$7:$A$19,$B$7:$B$19) -> 16/17 | F98: =_xlfn.XLOOKUP(C98,$C$4:$N$4,$C$6:$N$6) -> Oct | G98: =_xlfn.CONCAT(F98,"'",E98) -> Oct'16/17 | H98: =G98 -> Oct'16/17 | I98: =SUM(D87:D98)/1000000 -> 0
B99: =B87+1 -> 3 | C99: =C87 -> 2 | D99: =INDEX($C$7:$N$19,MATCH(B99,$A$7:$A$19),MATCH(C99,$C$4:$N$4)) -> 0 | E99: =_xlfn.XLOOKUP(B99,$A$7:$A$19,$B$7:$B$19) -> 16/17 | F99: =_xlfn.XLOOKUP(C99,$C$4:$N$4,$C$6:$N$6) -> Nov | G99: =_xlfn.CONCAT(F99,"'",E99) -> Nov'16/17 | H99: =G99 -> Nov'16/17 | I99: =SUM(D88:D99)/1000000 -> 0
B100: =B88+1 -> 3 | C100: =C88 -> 3 | D100: =INDEX($C$7:$N$19,MATCH(B100,$A$7:$A$19),MATCH(C100,$C$4:$N$4)) -> 0 | E100: =_xlfn.XLOOKUP(B100,$A$7:$A$19,$B$7:$B$19) -> 16/17 | F100: =_xlfn.XLOOKUP(C100,$C$4:$N$4,$C$6:$N$6) -> Dec | G100: =_xlfn.CONCAT(F100,"'",E100) -> Dec'16/17 | H100: =G100 -> Dec'16/17 | I100: =SUM(D89:D100)/1000000 -> 0
... B108: =B96+1 -> 3 | C108: =C96 -> 11 | D108: =INDEX($C$7:$N$19,MATCH(B108,$A$7:$A$19),MATCH(C108,$C$4:$N$4)) -> 0 | E108: =_xlfn.XLOOKUP(B108,$A$7:$A$19,$B$7:$B$19) -> 16/17 | F108: =_xlfn.XLOOKUP(C108,$C$4:$N$4,$C$6:$N$6) -> Aug | G108: =_xlfn.CONCAT(F108,"'",E108) -> Aug'16/17 | H108: =G108 -> Aug'16/17 | I108: =SUM(D97:D108)/1000000 -> 0
B109: =B97+1 -> 3 | C109: =C97 -> 12 | D109: =INDEX($C$7:$N$19,MATCH(B109,$A$7:$A$19),MATCH(C109,$C$4:$N$4)) -> 0 | E109: =_xlfn.XLOOKUP(B109,$A$7:$A$19,$B$7:$B$19) -> 16/17 | F109: =_xlfn.XLOOKUP(C109,$C$4:$N$4,$C$6:$N$6) -> Sep | G109: =_xlfn.CONCAT(F109,"'",E109) -> Sep'16/17 | H109: =G109 -> Sep'16/17 | I109: =SUM(D98:D109)/1000000 -> 0 | J109: Month | K109: Arabica | L109: Robusta
B110: =B98+1 -> 4 | C110: =C98 -> 1 | D110: =INDEX($C$7:$N$19,MATCH(B110,$A$7:$A$19),MATCH(C110,$C$4:$N$4)) -> 7532256.5 | E110: =_xlfn.XLOOKUP(B110,$A$7:$A$19,$B$7:$B$19) -> 17/18 | F110: =_xlfn.XLOOKUP(C110,$C$4:$N$4,$C$6:$N$6) -> Oct | G110: =_xlfn.CONCAT(F110,"'",E110) -> Oct'17/18 | H110: =G110 -> Oct'17/18 | I110: =SUM(D99:D110)/1000000 -> 7.5322565 | J110: =H110 -> Oct'17/18 | K110: ='S4 Arabica'!I110 -> 4.0501097 | L110: ='S5 Robusta'!I110 -> 44.720152
B111: =B99+1 -> 4 | C111: =C99 -> 2 | D111: =INDEX($C$7:$N$19,MATCH(B111,$A$7:$A$19),MATCH(C111,$C$4:$N$4)) -> 8059784.4 | E111: =_xlfn.XLOOKUP(B111,$A$7:$A$19,$B$7:$B$19) -> 17/18 | F111: =_xlfn.XLOOKUP(C111,$C$4:$N$4,$C$6:$N$6) -> Nov | G111: =_xlfn.CONCAT(F111,"'",E111) -> Nov'17/18 | H111: =G111 -> Nov'17/18 | I111: =SUM(D100:D111)/1000000 -> 15.592041 | J111: =H111 -> Nov'17/18 | K111: ='S4 Arabica'!I111 -> 8.3854716 | L111: ='S5 Robusta'!I111 -> 44.287514
B112: =B100+1 -> 4 | C112: =C100 -> 3 | D112: =INDEX($C$7:$N$19,MATCH(B112,$A$7:$A$19),MATCH(C112,$C$4:$N$4)) -> 8991528 | E112: =_xlfn.XLOOKUP(B112,$A$7:$A$19,$B$7:$B$19) -> 17/18 | F112: =_xlfn.XLOOKUP(C112,$C$4:$N$4,$C$6:$N$6) -> Dec | G112: =_xlfn.CONCAT(F112,"'",E112) -> Dec'17/18 | H112: =G112 -> Dec'17/18 | I112: =SUM(D101:D112)/1000000 -> 24.583569 | J112: =H112 -> Dec'17/18 | K112: ='S4 Arabica'!I112 -> 12.938879 | L112: ='S5 Robusta'!I112 -> 44.167626
B113: =B101+1 -> 4 | C113: =C101 -> 4 | D113: =INDEX($C$7:$N$19,MATCH(B113,$A$7:$A$19),MATCH(C113,$C$4:$N$4)) -> 9563631.7 | E113: =_xlfn.XLOOKUP(B113,$A$7:$A$19,$B$7:$B$19) -> 17/18 | F113: =_xlfn.XLOOKUP(C113,$C$4:$N$4,$C$6:$N$6) -> Jan | G113: =_xlfn.CONCAT(F113,"'",E113) -> Jan'17/18 | H113: =G113 -> Jan'17/18 | I113: =SUM(D102:D113)/1000000 -> 34.147201 | J113: =H113 -> Jan'17/18 | K113: ='S4 Arabica'!I113 -> 17.60115 | L113: ='S5 Robusta'!I113 -> 44.40849
B114: =B102+1 -> 4 | C114: =C102 -> 5 | D114: =INDEX($C$7:$N$19,MATCH(B114,$A$7:$A$19),MATCH(C114,$C$4:$N$4)) -> 8149370.4 | E114: =_xlfn.XLOOKUP(B114,$A$7:$A$19,$B$7:$B$19) -> 17/18 | F114: =_xlfn.XLOOKUP(C114,$C$4:$N$4,$C$6:$N$6) -> Feb | G114: =_xlfn.CONCAT(F114,"'",E114) -> Feb'17/18 | H114: =G114 -> Feb'17/18 | I114: =SUM(D103:D114)/1000000 -> 42.296571 | J114: =H114 -> Feb'17/18 | K114: ='S4 Arabica'!I114 -> 22.174117 | L114: ='S5 Robusta'!I114 -> 43.618077
B115: =B103+1 -> 4 | C115: =C103 -> 6 | D115: =INDEX($C$7:$N$19,MATCH(B115,$A$7:$A$19),MATCH(C115,$C$4:$N$4)) -> 9112084.7 | E115: =_xlfn.XLOOKUP(B115,$A$7:$A$19,$B$7:$B$19) -> 17/18 | F115: =_xlfn.XLOOKUP(C115,$C$4:$N$4,$C$6:$N$6) -> Mar | G115: =_xlfn.CONCAT(F115,"'",E115) -> Mar'17/18 | H115: =G115 -> Mar'17/18 | I115: =SUM(D104:D115)/1000000 -> 51.408656 | J115: =H115 -> Mar'17/18 | K115: ='S4 Arabica'!I115 -> 26.373994 | L115: ='S5 Robusta'!I115 -> 43.753066
B116: =B104+1 -> 4 | C116: =C104 -> 7 | D116: =INDEX($C$7:$N$19,MATCH(B116,$A$7:$A$19),MATCH(C116,$C$4:$N$4)) -> 8082163.7 | E116: =_xlfn.XLOOKUP(B116,$A$7:$A$19,$B$7:$B$19) -> 17/18 | F116: =_xlfn.XLOOKUP(C116,$C$4:$N$4,$C$6:$N$6) -> Apr | G116: =_xlfn.CONCAT(F116,"'",E116) -> Apr'17/18 | H116: =G116 -> Apr'17/18 | I116: =SUM(D105:D116)/1000000 -> 59.490819 | J116: =H116 -> Apr'17/18 | K116: ='S4 Arabica'!I116 -> 30.585979 | L116: ='S5 Robusta'!I116 -> 43.747571
B117: =B105+1 -> 4 | C117: =C105 -> 8 | D117: =INDEX($C$7:$N$19,MATCH(B117,$A$7:$A$19),MATCH(C117,$C$4:$N$4)) -> 7517139.9 | E117: =_xlfn.XLOOKUP(B117,$A$7:$A$19,$B$7:$B$19) -> 17/18 | F117: =_xlfn.XLOOKUP(C117,$C$4:$N$4,$C$6:$N$6) -> May | G117: =_xlfn.CONCAT(F117,"'",E117) -> May'17/18 | H117: =G117 -> May'17/18 | I117: =SUM(D106:D117)/1000000 -> 67.007959 | J117: =H117 -> May'17/18 | K117: ='S4 Arabica'!I117 -> 34.184846 | L117: ='S5 Robusta'!I117 -> 43.797984
B118: =B106+1 -> 4 | C118: =C106 -> 9 | D118: =INDEX($C$7:$N$19,MATCH(B118,$A$7:$A$19),MATCH(C118,$C$4:$N$4)) -> 8269842.4 | E118: =_xlfn.XLOOKUP(B118,$A$7:$A$19,$B$7:$B$19) -> 17/18 | F118: =_xlfn.XLOOKUP(C118,$C$4:$N$4,$C$6:$N$6) -> Jun | G118: =_xlfn.CONCAT(F118,"'",E118) -> Jun'17/18 | H118: =G118 -> Jun'17/18 | I118: =SUM(D107:D118)/1000000 -> 75.277802 | J118: =H118 -> Jun'17/18 | K118: ='S4 Arabica'!I118 -> 38.378886 | L118: ='S5 Robusta'!I118 -> 43.941923
B119: =B107+1 -> 4 | C119: =C107 -> 10 | D119: =INDEX($C$7:$N$19,MATCH(B119,$A$7:$A$19),MATCH(C119,$C$4:$N$4)) -> 7836038.3 | E119: =_xlfn.XLOOKUP(B119,$A$7:$A$19,$B$7:$B$19) -> 17/18 | F119: =_xlfn.XLOOKUP(C119,$C$4:$N$4,$C$6:$N$6) -> Jul | G119: =_xlfn.CONCAT(F119,"'",E119) -> Jul'17/18 | H119: =G119 -> Jul'17/18 | I119: =SUM(D108:D119)/1000000 -> 83.11384 | J119: =H119 -> Jul'17/18 | K119: ='S4 Arabica'!I119 -> 42.270661 | L119: ='S5 Robusta'!I119 -> 43.895749
B120: =B108+1 -> 4 | C120: =C108 -> 11 | D120: =INDEX($C$7:$N$19,MATCH(B120,$A$7:$A$19),MATCH(C120,$C$4:$N$4)) -> 8888052.5 | E120: =_xlfn.XLOOKUP(B120,$A$7:$A$19,$B$7:$B$19) -> 17/18 | F120: =_xlfn.XLOOKUP(C120,$C$4:$N$4,$C$6:$N$6) -> Aug | G120: =_xlfn.CONCAT(F120,"'",E120) -> Aug'17/18 | H120: =G120 -> Aug'17/18 | I120: =SUM(D109:D120)/1000000 -> 92.001892 | J120: =H120 -> Aug'17/18 | K120: ='S4 Arabica'!I120 -> 46.779358 | L120: ='S5 Robusta'!I120 -> 44.252849
B121: =B109+1 -> 4 | C121: =C109 -> 12 | D121: =INDEX($C$7:$N$19,MATCH(B121,$A$7:$A$19),MATCH(C121,$C$4:$N$4)) -> 8309802.2 | E121: =_xlfn.XLOOKUP(B121,$A$7:$A$19,$B$7:$B$19) -> 17/18 | F121: =_xlfn.XLOOKUP(C121,$C$4:$N$4,$C$6:$N$6) -> Sep | G121: =_xlfn.CONCAT(F121,"'",E121) -> Sep'17/18 | H121: =G121 -> Sep'17/18 | I121: =SUM(D110:D121)/1000000 -> 100.31169 | J121: =H121 -> Sep'17/18 | K121: ='S4 Arabica'!I121 -> 51.013908 | L121: ='S5 Robusta'!I121 -> 44.841389
... B229: =B217+1 -> 13 | C229: =C217 -> 12 | D229: =INDEX($C$7:$N$19,MATCH(B229,$A$7:$A$19),MATCH(C229,$C$4:$N$4)) -> #N/A | E229: =_xlfn.XLOOKUP(B229,$A$7:$A$19,$B$7:$B$19) -> 26/27 | F229: =_xlfn.XLOOKUP(C229,$C$4:$N$4,$C$6:$N$6) -> Sep | G229: =_xlfn.CONCAT(F229,"'",E229) -> Sep'26/27 | H229: =G229 -> Sep'26/27 | I229: =SUM(D218:D229)/1000000 -> #N/A | J229: =H229 -> Sep'26/27 | K229: ='S4 Arabica'!I229 -> #N/A | L229: ='S5 Robusta'!I229 -> #N/A

Sheet S4 Arabica
A1: Super 4 : Arabica Exports | Q1: Brazil | Colombia | Honduras | Ethiopia
AH2: YTD | AI2: =_xlfn.CONCAT(AE5," | ",S6) -> | YTD : Oct-May
C4: 1 | D4: 2 | E4: 3 | F4: 4 | G4: 5 | H4: 6 | I4: 7 | J4: 8 | K4: 9 | L4: 10 | M4: 11 | N4: 12
C5: =_xlfn.CONCAT(A1," (Monthly)") -> Super 4 : Arabica Exports (Monthly)
C6: Oct | D6: Nov | E6: Dec | F6: Jan | G6: Feb | H6: Mar | I6: Apr | J6: May | K6: Jun | L6: Jul | M6: Aug | N6: Sep | P6: Total | Q6: % | S6: =_xlfn.CONCAT("YTD : ",IF(C56=1,"Oct Only",_xlfn.CONCAT("Oct-",OFFSET(B6,0,$C$56,1,1)))) -> YTD : Oct-May
A7: 1 | B7: 14/15 | O7: 14/15 | P7: =IF(COUNT(C7:N7)=12,SUM(C7:N7),"") | S7: 14/15 | T7: =IFERROR(IF(SUM(OFFSET(C7,0,0,1,$C$56))=0,"",SUM(OFFSET(C7,0,0,1,$C$56))),"")
A8: 2 | B8: 15/16 | O8: 15/16 | P8: =IF(COUNT(C8:N8)=12,SUM(C8:N8),"") | Q8: =IFERROR(P8/P7-1,"") | S8: 15/16 | T8: =IFERROR(IF(SUM(OFFSET(C8,0,0,1,$C$56))=0,"",SUM(OFFSET(C8,0,0,1,$C$56))),"") | U8: =IFERROR(T8/T7-1,"")
A9: 3 | B9: 16/17 | O9: 16/17 | P9: =IF(COUNT(C9:N9)=12,SUM(C9:N9),"") | Q9: =IFERROR(P9/P8-1,"") | S9: 16/17 | T9: =IFERROR(IF(SUM(OFFSET(C9,0,0,1,$C$56))=0,"",SUM(OFFSET(C9,0,0,1,$C$56))),"") | U9: =IFERROR(T9/T8-1,"")
A10: 4 | B10: 17/18 | C10: ='Brazil Arabica'!C10+Colombia!C10+Honduras!C10+Ethiopia!C10 -> 4050109.7 | D10: ='Brazil Arabica'!D10+Colombia!D10+Honduras!D10+Ethiopia!D10 -> 4335361.9 | E10: ='Brazil Arabica'!E10+Colombia!E10+Honduras!E10+Ethiopia!E10 -> 4553407.3 | F10: ='Brazil Arabica'!F10+Colombia!F10+Honduras!F10+Ethiopia!F10 -> 4662270.6 | G10: ='Brazil Arabica'!G10+Colombia!G10+Honduras!G10+Ethiopia!G10 -> 4572967 | H10: ='Brazil Arabica'!H10+Colombia!H10+Honduras!H10+Ethiopia!H10 -> 4199877 | I10: ='Brazil Arabica'!I10+Colombia!I10+Honduras!I10+Ethiopia!I10 -> 4211985.5 | J10: ='Brazil Arabica'!J10+Colombia!J10+Honduras!J10+Ethiopia!J10 -> 3598866.9 | ... N10: ='Brazil Arabica'!N10+Colombia!N10+Honduras!N10+Ethiopia!N10 -> 4234550.1 | O10: 17/18 | P10: =IF(COUNT(C10:N10)=12,SUM(C10:N10),"") -> 51013908 | Q10: =IFERROR(P10/P9-1,"") | S10: 17/18 | T10: =IFERROR(IF(SUM(OFFSET(C10,0,0,1,$C$56))=0,"",SUM(OFFSET(C10,0,0,1,$C$56))),"") -> 34184846 | U10: =IFERROR(T10/T9-1,"")
A11: 5 | B11: 18/19 | C11: ='Brazil Arabica'!C11+Colombia!C11+Honduras!C11+Ethiopia!C11 -> 4717413.6 | D11: ='Brazil Arabica'!D11+Colombia!D11+Honduras!D11+Ethiopia!D11 -> 4998661.1 | E11: ='Brazil Arabica'!E11+Colombia!E11+Honduras!E11+Ethiopia!E11 -> 5320807.9 | F11: ='Brazil Arabica'!F11+Colombia!F11+Honduras!F11+Ethiopia!F11 -> 5053573.6 | G11: ='Brazil Arabica'!G11+Colombia!G11+Honduras!G11+Ethiopia!G11 -> 5365820.4 | H11: ='Brazil Arabica'!H11+Colombia!H11+Honduras!H11+Ethiopia!H11 -> 4860850 | I11: ='Brazil Arabica'!I11+Colombia!I11+Honduras!I11+Ethiopia!I11 -> 4889852.9 | J11: ='Brazil Arabica'!J11+Colombia!J11+Honduras!J11+Ethiopia!J11 -> 5511531.5 | ... N11: ='Brazil Arabica'!N11+Colombia!N11+Honduras!N11+Ethiopia!N11 -> 4450022.3 | O11: 18/19 | P11: =IF(COUNT(C11:N11)=12,SUM(C11:N11),"") -> 59326848 | Q11: =IFERROR(P11/P10-1,"") -> 0.16295437 | S11: 18/19 | T11: =IFERROR(IF(SUM(OFFSET(C11,0,0,1,$C$56))=0,"",SUM(OFFSET(C11,0,0,1,$C$56))),"") -> 40718511 | U11: =IFERROR(T11/T10-1,"") -> 0.19112753
A12: 6 | B12: 19/20 | C12: ='Brazil Arabica'!C12+Colombia!C12+Honduras!C12+Ethiopia!C12 -> 4635677.9 | D12: ='Brazil Arabica'!D12+Colombia!D12+Honduras!D12+Ethiopia!D12 -> 4370017.6 | E12: ='Brazil Arabica'!E12+Colombia!E12+Honduras!E12+Ethiopia!E12 -> 4404055 | F12: ='Brazil Arabica'!F12+Colombia!F12+Honduras!F12+Ethiopia!F12 -> 4971784.8 | G12: ='Brazil Arabica'!G12+Colombia!G12+Honduras!G12+Ethiopia!G12 -> 4630856.4 | H12: ='Brazil Arabica'!H12+Colombia!H12+Honduras!H12+Ethiopia!H12 -> 5064583.4 | I12: ='Brazil Arabica'!I12+Colombia!I12+Honduras!I12+Ethiopia!I12 -> 4696361 | J12: ='Brazil Arabica'!J12+Colombia!J12+Honduras!J12+Ethiopia!J12 -> 4583106.3 | ... N12: ='Brazil Arabica'!N12+Colombia!N12+Honduras!N12+Ethiopia!N12 -> 4524469 | O12: 19/20 | P12: =IF(COUNT(C12:N12)=12,SUM(C12:N12),"") -> 54829065 | Q12: =IFERROR(P12/P11-1,"") -> -0.075813618 | S12: 19/20 | T12: =IFERROR(IF(SUM(OFFSET(C12,0,0,1,$C$56))=0,"",SUM(OFFSET(C12,0,0,1,$C$56))),"") -> 37356442 | U12: =IFERROR(T12/T11-1,"") -> -0.082568556
A13: 7 | B13: 20/21 | C13: ='Brazil Arabica'!C13+Colombia!C13+Honduras!C13+Ethiopia!C13 -> 5031363.2 | D13: ='Brazil Arabica'!D13+Colombia!D13+Honduras!D13+Ethiopia!D13 -> 5655408.6 | E13: ='Brazil Arabica'!E13+Colombia!E13+Honduras!E13+Ethiopia!E13 -> 5369478.7 | F13: ='Brazil Arabica'!F13+Colombia!F13+Honduras!F13+Ethiopia!F13 -> 4861339.9 | G13: ='Brazil Arabica'!G13+Colombia!G13+Honduras!G13+Ethiopia!G13 -> 5524312.1 | H13: ='Brazil Arabica'!H13+Colombia!H13+Honduras!H13+Ethiopia!H13 -> 5475875 | I13: ='Brazil Arabica'!I13+Colombia!I13+Honduras!I13+Ethiopia!I13 -> 5363102.6 | J13: ='Brazil Arabica'!J13+Colombia!J13+Honduras!J13+Ethiopia!J13 -> 4390138.7 | ... N13: ='Brazil Arabica'!N13+Colombia!N13+Honduras!N13+Ethiopia!N13 -> 4263451.9 | O13: 20/21 | P13: =IF(COUNT(C13:N13)=12,SUM(C13:N13),"") -> 59471118 | Q13: =IFERROR(P13/P12-1,"") -> 0.0846641 | S13: 20/21 | T13: =IFERROR(IF(SUM(OFFSET(C13,0,0,1,$C$56))=0,"",SUM(OFFSET(C13,0,0,1,$C$56))),"") -> 41671019 | U13: =IFERROR(T13/T12-1,"") -> 0.11549752
A14: 8 | B14: 21/22 | C14: ='Brazil Arabica'!C14+Colombia!C14+Honduras!C14+Ethiopia!C14 -> 4410097.7 | D14: ='Brazil Arabica'!D14+Colombia!D14+Honduras!D14+Ethiopia!D14 -> 4275297.4 | E14: ='Brazil Arabica'!E14+Colombia!E14+Honduras!E14+Ethiopia!E14 -> 5100573.2 | F14: ='Brazil Arabica'!F14+Colombia!F14+Honduras!F14+Ethiopia!F14 -> 4765849.6 | G14: ='Brazil Arabica'!G14+Colombia!G14+Honduras!G14+Ethiopia!G14 -> 4922445.3 | H14: ='Brazil Arabica'!H14+Colombia!H14+Honduras!H14+Ethiopia!H14 -> 5646604 | I14: ='Brazil Arabica'!I14+Colombia!I14+Honduras!I14+Ethiopia!I14 -> 4516816.5 | J14: ='Brazil Arabica'!J14+Colombia!J14+Honduras!J14+Ethiopia!J14 -> 4502944 | ... N14: ='Brazil Arabica'!N14+Colombia!N14+Honduras!N14+Ethiopia!N14 -> 4335577.2 | O14: 21/22 | P14: =IF(COUNT(C14:N14)=12,SUM(C14:N14),"") -> 55280245 | Q14: =IFERROR(P14/P13-1,"") -> -0.070469056 | S14: 21/22 | T14: =IFERROR(IF(SUM(OFFSET(C14,0,0,1,$C$56))=0,"",SUM(OFFSET(C14,0,0,1,$C$56))),"") -> 38140628 | U14: =IFERROR(T14/T13-1,"") -> -0.084720537
A15: 9 | B15: 22/23 | C15: ='Brazil Arabica'!C15+Colombia!C15+Honduras!C15+Ethiopia!C15 -> 4504837.7 | D15: ='Brazil Arabica'!D15+Colombia!D15+Honduras!D15+Ethiopia!D15 -> 4571064.6 | E15: ='Brazil Arabica'!E15+Colombia!E15+Honduras!E15+Ethiopia!E15 -> 4249559.5 | F15: ='Brazil Arabica'!F15+Colombia!F15+Honduras!F15+Ethiopia!F15 -> 3924210.2 | G15: ='Brazil Arabica'!G15+Colombia!G15+Honduras!G15+Ethiopia!G15 -> 3808153.5 | H15: ='Brazil Arabica'!H15+Colombia!H15+Honduras!H15+Ethiopia!H15 -> 4584669.9 | I15: ='Brazil Arabica'!I15+Colombia!I15+Honduras!I15+Ethiopia!I15 -> 4108906.3 | J15: ='Brazil Arabica'!J15+Colombia!J15+Honduras!J15+Ethiopia!J15 -> 4100111.1 | ... N15: ='Brazil Arabica'!N15+Colombia!N15+Honduras!N15+Ethiopia!N15 -> 3786043.4 | O15: 22/23 | P15: =IF(COUNT(C15:N15)=12,SUM(C15:N15),"") -> 49944699 | Q15: =IFERROR(P15/P14-1,"") -> -0.096518121 | S15: 22/23 | T15: =IFERROR(IF(SUM(OFFSET(C15,0,0,1,$C$56))=0,"",SUM(OFFSET(C15,0,0,1,$C$56))),"") -> 33851513 | U15: =IFERROR(T15/T14-1,"") -> -0.11245527
A16: 10 | B16: 23/24 | C16: ='Brazil Arabica'!C16+Colombia!C16+Honduras!C16+Ethiopia!C16 -> 4737791.7 | D16: ='Brazil Arabica'!D16+Colombia!D16+Honduras!D16+Ethiopia!D16 -> 4748267.1 | E16: ='Brazil Arabica'!E16+Colombia!E16+Honduras!E16+Ethiopia!E16 -> 4798589.4 | F16: ='Brazil Arabica'!F16+Colombia!F16+Honduras!F16+Ethiopia!F16 -> 4769961.5 | G16: ='Brazil Arabica'!G16+Colombia!G16+Honduras!G16+Ethiopia!G16 -> 4768687.7 | H16: ='Brazil Arabica'!H16+Colombia!H16+Honduras!H16+Ethiopia!H16 -> 5275110.6 | I16: ='Brazil Arabica'!I16+Colombia!I16+Honduras!I16+Ethiopia!I16 -> 5185785.6 | J16: ='Brazil Arabica'!J16+Colombia!J16+Honduras!J16+Ethiopia!J16 -> 5611985.7 | ... N16: ='Brazil Arabica'!N16+Colombia!N16+Honduras!N16+Ethiopia!N16 -> 5131459.3 | O16: 23/24 | P16: =IF(COUNT(C16:N16)=12,SUM(C16:N16),"") -> 59035439 | Q16: =IFERROR(P16/P15-1,"") -> 0.1820161 | S16: 23/24 | T16: =IFERROR(IF(SUM(OFFSET(C16,0,0,1,$C$56))=0,"",SUM(OFFSET(C16,0,0,1,$C$56))),"") -> 39896179 | U16: =IFERROR(T16/T15-1,"") -> 0.17856415
A17: 11 | B17: 24/25 | C17: ='Brazil Arabica'!C17+Colombia!C17+Honduras!C17+Ethiopia!C17 -> 5564702.5 | D17: ='Brazil Arabica'!D17+Colombia!D17+Honduras!D17+Ethiopia!D17 -> 5308141.7 | E17: ='Brazil Arabica'!E17+Colombia!E17+Honduras!E17+Ethiopia!E17 -> 5764797.7 | F17: ='Brazil Arabica'!F17+Colombia!F17+Honduras!F17+Ethiopia!F17 -> 5163907.6 | G17: ='Brazil Arabica'!G17+Colombia!G17+Honduras!G17+Ethiopia!G17 -> 5163806.9 | H17: ='Brazil Arabica'!H17+Colombia!H17+Honduras!H17+Ethiopia!H17 -> 5614746.7 | I17: ='Brazil Arabica'!I17+Colombia!I17+Honduras!I17+Ethiopia!I17 -> 4854481.2 | J17: ='Brazil Arabica'!J17+Colombia!J17+Honduras!J17+Ethiopia!J17 -> 5067930.5 | ... N17: ='Brazil Arabica'!N17+Colombia!N17+Honduras!N17+Ethiopia!N17 -> 4674168.4 | O17: 24/25 | P17: =IF(COUNT(C17:N17)=12,SUM(C17:N17),"") -> 60272994 | S17: 24/25 | T17: =IFERROR(IF(SUM(OFFSET(C17,0,0,1,$C$56))=0,"",SUM(OFFSET(C17,0,0,1,$C$56))),"") -> 42502515 | U17: =IFERROR(T17/T16-1,"") -> 0.065327943
A18: 12 | B18: 25/26 | C18: ='Brazil Arabica'!C18+Colombia!C18+Honduras!C18+Ethiopia!C18 -> 5081987.2 | D18: ='Brazil Arabica'!D18+Colombia!D18+Honduras!D18+Ethiopia!D18 -> 4855668.4 | E18: ='Brazil Arabica'!E18+Colombia!E18+Honduras!E18+Ethiopia!E18 -> 4431905.4 | F18: ='Brazil Arabica'!F18+Colombia!F18+Honduras!F18+Ethiopia!F18 -> 4192001.7 | G18: ='Brazil Arabica'!G18+Colombia!G18+Honduras!G18+Ethiopia!G18 -> 4142604.3 | H18: ='Brazil Arabica'!H18+Colombia!H18+Honduras!H18+Ethiopia!H18 -> 4551158 | I18: ='Brazil Arabica'!I18+Colombia!I18+Honduras!I18+Ethiopia!I18 -> 4348929.3 | J18: ='Brazil Arabica'!J18+Colombia!J18+Honduras!J18+Ethiopia!J18 -> 4492479 | ... N18: ='Brazil Arabica'!N18+Colombia!N18+Honduras!N18+Ethiopia!N18 -> #N/A | O18: 25/26 | P18: =IF(COUNT(C18:N18)=12,SUM(C18:N18),"") | S18: 25/26 | T18: =IFERROR(IF(SUM(OFFSET(C18,0,0,1,$C$56))=0,"",SUM(OFFSET(C18,0,0,1,$C$56))),"") -> 36096733 | U18: =IFERROR(T18/T17-1,"") -> -0.15071535
A19: 13 | B19: 26/27 | C19: ='Brazil Arabica'!C19+Colombia!C19+Honduras!C19+Ethiopia!C19 -> #N/A | D19: ='Brazil Arabica'!D19+Colombia!D19+Honduras!D19+Ethiopia!D19 -> #N/A | E19: ='Brazil Arabica'!E19+Colombia!E19+Honduras!E19+Ethiopia!E19 -> #N/A | F19: ='Brazil Arabica'!F19+Colombia!F19+Honduras!F19+Ethiopia!F19 -> #N/A | G19: ='Brazil Arabica'!G19+Colombia!G19+Honduras!G19+Ethiopia!G19 -> #N/A | H19: ='Brazil Arabica'!H19+Colombia!H19+Honduras!H19+Ethiopia!H19 -> #N/A | I19: ='Brazil Arabica'!I19+Colombia!I19+Honduras!I19+Ethiopia!I19 -> #N/A | J19: ='Brazil Arabica'!J19+Colombia!J19+Honduras!J19+Ethiopia!J19 -> #N/A | ... N19: ='Brazil Arabica'!N19+Colombia!N19+Honduras!N19+Ethiopia!N19 -> #N/A | O19: 26/27 | P19: =IF(COUNT(C19:N19)=12,SUM(C19:N19),"") | S19: 26/27 | T19: =IFERROR(IF(SUM(OFFSET(C19,0,0,1,$C$56))=0,"",SUM(OFFSET(C19,0,0,1,$C$56))),"")
B20: YoY | C20: =IFERROR(C18/C17-1,"") -> -0.086745919 | D20: =IFERROR(D18/D17-1,"") -> -0.085241392 | E20: =IFERROR(E18/E17-1,"") -> -0.23121232 | F20: =IFERROR(F18/F17-1,"") -> -0.18821133 | G20: =IFERROR(G18/G17-1,"") -> -0.19776157 | H20: =IFERROR(H18/H17-1,"") -> -0.18942773 | I20: =IFERROR(I18/I17-1,"") -> -0.10414127 | J20: =IFERROR(J18/J17-1,"") -> -0.11354763 | ... N20: =IFERROR(N18/N17-1,"")
K27: =_xlfn.CONCAT(A1," | ",S6) -> Super 4 : Arabica Exports | YTD : Oct-May | Q27: =_xlfn.CONCAT(A1," | ","Cumulative") -> Super 4 : Arabica Exports | Cumulative
B56: Offset | C56: =COUNT(C18:N18) -> 8 | D56: =OFFSET(B6,0,$C$56,1,1) -> May | E56: =B18 -> 25/26 | F56: =_xlfn.CONCAT(D56,"'",E56) -> May'25/26
B65: Oct | C65: Nov | D65: Dec | E65: Jan | F65: Feb | G65: Mar | H65: Apr | I65: May | J65: Jun | K65: Jul | L65: Aug | M65: Sep
A66: =B18 -> 25/26 | B66: =C18 -> 5081987.2 | C66: =D18 -> 4855668.4 | D66: =E18 -> 4431905.4 | E66: =F18 -> 4192001.7 | F66: =G18 -> 4142604.3 | G66: =H18 -> 4551158 | H66: =I18 -> 4348929.3 | ... M66: =N18 -> #N/A
A67: Min | B67: =MIN(C7:C17) -> 4050109.7 | C67: =MIN(D7:D17) -> 4275297.4 | D67: =MIN(E7:E17) -> 4249559.5 | E67: =MIN(F7:F17) -> 3924210.2 | F67: =MIN(G7:G17) -> 3808153.5 | G67: =MIN(H7:H17) -> 4199877 | H67: =MIN(I7:I17) -> 4108906.3 | I67: =MIN(J7:J17) -> 3598866.9 | ... M67: =MIN(N7:N17) -> 3786043.4
A68: Max | B68: =MAX(C7:C17) -> 5564702.5 | C68: =MAX(D7:D17) -> 5655408.6 | D68: =MAX(E7:E17) -> 5764797.7 | E68: =MAX(F7:F17) -> 5163907.6 | F68: =MAX(G7:G17) -> 5524312.1 | G68: =MAX(H7:H17) -> 5646604 | H68: =MAX(I7:I17) -> 5363102.6 | I68: =MAX(J7:J17) -> 5611985.7 | ... M68: =MAX(N7:N17) -> 5131459.3
A69: Avg(5) | B69: =AVERAGE(C12:C17) -> 4814078.4 | C69: =AVERAGE(D12:D17) -> 4821366.2 | D69: =AVERAGE(E12:E17) -> 4947842.3 | E69: =AVERAGE(F12:F17) -> 4742842.3 | F69: =AVERAGE(G12:G17) -> 4803043.7 | G69: =AVERAGE(H12:H17) -> 5276931.6 | H69: =AVERAGE(I12:I17) -> 4787575.5 | I69: =AVERAGE(J12:J17) -> 4709369.4 | ... M69: =AVERAGE(N12:N17) -> 4452528.2
B74: 1 | C74: 1 | D74: =INDEX($C$7:$N$19,MATCH(B74,$A$7:$A$19),MATCH(C74,$C$4:$N$4)) -> 0 | E74: =_xlfn.XLOOKUP(B74,$A$7:$A$19,$B$7:$B$19) -> 14/15 | F74: =_xlfn.XLOOKUP(C74,$C$4:$N$4,$C$6:$N$6) -> Oct | G74: =_xlfn.CONCAT(F74,"'",E74) -> Oct'14/15 | N74: Cumulative
B75: 1 | C75: 2 | D75: =INDEX($C$7:$N$19,MATCH(B75,$A$7:$A$19),MATCH(C75,$C$4:$N$4)) -> 0 | E75: =_xlfn.XLOOKUP(B75,$A$7:$A$19,$B$7:$B$19) -> 14/15 | F75: =_xlfn.XLOOKUP(C75,$C$4:$N$4,$C$6:$N$6) -> Nov | G75: =_xlfn.CONCAT(F75,"'",E75) -> Nov'14/15 | N75: Oct | O75: Nov | P75: Dec | Q75: Jan | R75: Feb | S75: Mar | T75: Apr | U75: May | V75: Jun | W75: Jul | X75: Aug | Y75: Sep
B76: 1 | C76: 3 | D76: =INDEX($C$7:$N$19,MATCH(B76,$A$7:$A$19),MATCH(C76,$C$4:$N$4)) -> 0 | E76: =_xlfn.XLOOKUP(B76,$A$7:$A$19,$B$7:$B$19) -> 14/15 | F76: =_xlfn.XLOOKUP(C76,$C$4:$N$4,$C$6:$N$6) -> Dec | G76: =_xlfn.CONCAT(F76,"'",E76) -> Dec'14/15 | M76: 14/15 | N76: =C7 -> 0 | O76: =N76+D7 -> 0 | P76: =O76+E7 -> 0 | Q76: =P76+F7 -> 0 | R76: =Q76+G7 -> 0 | S76: =R76+H7 -> 0 | T76: =S76+I7 -> 0 | U76: =T76+J7 -> 0 | V76: =U76+K7 -> 0 | ... Y76: =X76+N7 -> 0
B77: 1 | C77: 4 | D77: =INDEX($C$7:$N$19,MATCH(B77,$A$7:$A$19),MATCH(C77,$C$4:$N$4)) -> 0 | E77: =_xlfn.XLOOKUP(B77,$A$7:$A$19,$B$7:$B$19) -> 14/15 | F77: =_xlfn.XLOOKUP(C77,$C$4:$N$4,$C$6:$N$6) -> Jan | G77: =_xlfn.CONCAT(F77,"'",E77) -> Jan'14/15 | M77: 15/16 | N77: =C8 -> 0 | O77: =N77+D8 -> 0 | P77: =O77+E8 -> 0 | Q77: =P77+F8 -> 0 | R77: =Q77+G8 -> 0 | S77: =R77+H8 -> 0 | T77: =S77+I8 -> 0 | U77: =T77+J8 -> 0 | V77: =U77+K8 -> 0 | ... Y77: =X77+N8 -> 0
B78: 1 | C78: 5 | D78: =INDEX($C$7:$N$19,MATCH(B78,$A$7:$A$19),MATCH(C78,$C$4:$N$4)) -> 0 | E78: =_xlfn.XLOOKUP(B78,$A$7:$A$19,$B$7:$B$19) -> 14/15 | F78: =_xlfn.XLOOKUP(C78,$C$4:$N$4,$C$6:$N$6) -> Feb | G78: =_xlfn.CONCAT(F78,"'",E78) -> Feb'14/15 | M78: 16/17 | N78: =C9 -> 0 | O78: =N78+D9 -> 0 | P78: =O78+E9 -> 0 | Q78: =P78+F9 -> 0 | R78: =Q78+G9 -> 0 | S78: =R78+H9 -> 0 | T78: =S78+I9 -> 0 | U78: =T78+J9 -> 0 | V78: =U78+K9 -> 0 | ... Y78: =X78+N9 -> 0
B79: 1 | C79: 6 | D79: =INDEX($C$7:$N$19,MATCH(B79,$A$7:$A$19),MATCH(C79,$C$4:$N$4)) -> 0 | E79: =_xlfn.XLOOKUP(B79,$A$7:$A$19,$B$7:$B$19) -> 14/15 | F79: =_xlfn.XLOOKUP(C79,$C$4:$N$4,$C$6:$N$6) -> Mar | G79: =_xlfn.CONCAT(F79,"'",E79) -> Mar'14/15 | M79: 17/18 | N79: =C10 -> 4050109.7 | O79: =N79+D10 -> 8385471.6 | P79: =O79+E10 -> 12938879 | Q79: =P79+F10 -> 17601150 | R79: =Q79+G10 -> 22174117 | S79: =R79+H10 -> 26373994 | T79: =S79+I10 -> 30585979 | U79: =T79+J10 -> 34184846 | V79: =U79+K10 -> 38378886 | ... Y79: =X79+N10 -> 51013908
B80: 1 | C80: 7 | D80: =INDEX($C$7:$N$19,MATCH(B80,$A$7:$A$19),MATCH(C80,$C$4:$N$4)) -> 0 | E80: =_xlfn.XLOOKUP(B80,$A$7:$A$19,$B$7:$B$19) -> 14/15 | F80: =_xlfn.XLOOKUP(C80,$C$4:$N$4,$C$6:$N$6) -> Apr | G80: =_xlfn.CONCAT(F80,"'",E80) -> Apr'14/15 | M80: 18/19 | N80: =C11 -> 4717413.6 | O80: =N80+D11 -> 9716074.8 | P80: =O80+E11 -> 15036883 | Q80: =P80+F11 -> 20090456 | R80: =Q80+G11 -> 25456277 | S80: =R80+H11 -> 30317127 | T80: =S80+I11 -> 35206980 | U80: =T80+J11 -> 40718511 | V80: =U80+K11 -> 45557489 | ... Y80: =X80+N11 -> 59326848
B81: 1 | C81: 8 | D81: =INDEX($C$7:$N$19,MATCH(B81,$A$7:$A$19),MATCH(C81,$C$4:$N$4)) -> 0 | E81: =_xlfn.XLOOKUP(B81,$A$7:$A$19,$B$7:$B$19) -> 14/15 | F81: =_xlfn.XLOOKUP(C81,$C$4:$N$4,$C$6:$N$6) -> May | G81: =_xlfn.CONCAT(F81,"'",E81) -> May'14/15 | M81: 19/20 | N81: =C12 -> 4635677.9 | O81: =N81+D12 -> 9005695.5 | P81: =O81+E12 -> 13409750 | Q81: =P81+F12 -> 18381535 | R81: =Q81+G12 -> 23012392 | S81: =R81+H12 -> 28076975 | T81: =S81+I12 -> 32773336 | U81: =T81+J12 -> 37356442 | V81: =U81+K12 -> 41682477 | ... Y81: =X81+N12 -> 54829065
B82: 1 | C82: 9 | D82: =INDEX($C$7:$N$19,MATCH(B82,$A$7:$A$19),MATCH(C82,$C$4:$N$4)) -> 0 | E82: =_xlfn.XLOOKUP(B82,$A$7:$A$19,$B$7:$B$19) -> 14/15 | F82: =_xlfn.XLOOKUP(C82,$C$4:$N$4,$C$6:$N$6) -> Jun | G82: =_xlfn.CONCAT(F82,"'",E82) -> Jun'14/15 | M82: 20/21 | N82: =C13 -> 5031363.2 | O82: =N82+D13 -> 10686772 | P82: =O82+E13 -> 16056250 | Q82: =P82+F13 -> 20917590 | R82: =Q82+G13 -> 26441902 | S82: =R82+H13 -> 31917777 | T82: =S82+I13 -> 37280880 | U82: =T82+J13 -> 41671019 | V82: =U82+K13 -> 46425015 | ... Y82: =X82+N13 -> 59471118
B83: 1 | C83: 10 | D83: =INDEX($C$7:$N$19,MATCH(B83,$A$7:$A$19),MATCH(C83,$C$4:$N$4)) -> 0 | E83: =_xlfn.XLOOKUP(B83,$A$7:$A$19,$B$7:$B$19) -> 14/15 | F83: =_xlfn.XLOOKUP(C83,$C$4:$N$4,$C$6:$N$6) -> Jul | G83: =_xlfn.CONCAT(F83,"'",E83) -> Jul'14/15 | M83: 21/22 | N83: =C14 -> 4410097.7 | O83: =N83+D14 -> 8685395.1 | P83: =O83+E14 -> 13785968 | Q83: =P83+F14 -> 18551818 | R83: =Q83+G14 -> 23474263 | S83: =R83+H14 -> 29120867 | T83: =S83+I14 -> 33637684 | U83: =T83+J14 -> 38140628 | V83: =U83+K14 -> 42913173 | ... Y83: =X83+N14 -> 55280245
B84: 1 | C84: 11 | D84: =INDEX($C$7:$N$19,MATCH(B84,$A$7:$A$19),MATCH(C84,$C$4:$N$4)) -> 0 | E84: =_xlfn.XLOOKUP(B84,$A$7:$A$19,$B$7:$B$19) -> 14/15 | F84: =_xlfn.XLOOKUP(C84,$C$4:$N$4,$C$6:$N$6) -> Aug | G84: =_xlfn.CONCAT(F84,"'",E84) -> Aug'14/15 | H84: Month | I84: Rolling 12m Sum | M84: 22/23 | N84: =C15 -> 4504837.7 | O84: =N84+D15 -> 9075902.4 | P84: =O84+E15 -> 13325462 | Q84: =P84+F15 -> 17249672 | R84: =Q84+G15 -> 21057826 | S84: =R84+H15 -> 25642496 | T84: =S84+I15 -> 29751402 | U84: =T84+J15 -> 33851513 | V84: =U84+K15 -> 37815780 | ... Y84: =X84+N15 -> 49944699
B85: 1 | C85: 12 | D85: =INDEX($C$7:$N$19,MATCH(B85,$A$7:$A$19),MATCH(C85,$C$4:$N$4)) -> 0 | E85: =_xlfn.XLOOKUP(B85,$A$7:$A$19,$B$7:$B$19) -> 14/15 | F85: =_xlfn.XLOOKUP(C85,$C$4:$N$4,$C$6:$N$6) -> Sep | G85: =_xlfn.CONCAT(F85,"'",E85) -> Sep'14/15 | H85: =G85 -> Sep'14/15 | I85: =SUM(D74:D85)/1000000 -> 0 | M85: 23/24 | N85: =C16 -> 4737791.7 | O85: =N85+D16 -> 9486058.8 | P85: =O85+E16 -> 14284648 | Q85: =P85+F16 -> 19054610 | R85: =Q85+G16 -> 23823297 | S85: =R85+H16 -> 29098408 | T85: =S85+I16 -> 34284194 | U85: =T85+J16 -> 39896179 | V85: =U85+K16 -> 44723040 | ... Y85: =X85+N16 -> 59035439
B86: =B74+1 -> 2 | C86: =C74 -> 1 | D86: =INDEX($C$7:$N$19,MATCH(B86,$A$7:$A$19),MATCH(C86,$C$4:$N$4)) -> 0 | E86: =_xlfn.XLOOKUP(B86,$A$7:$A$19,$B$7:$B$19) -> 15/16 | F86: =_xlfn.XLOOKUP(C86,$C$4:$N$4,$C$6:$N$6) -> Oct | G86: =_xlfn.CONCAT(F86,"'",E86) -> Oct'15/16 | H86: =G86 -> Oct'15/16 | I86: =SUM(D75:D86)/1000000 -> 0 | M86: 24/25 | N86: =C17 -> 5564702.5 | O86: =N86+D17 -> 10872844 | P86: =O86+E17 -> 16637642 | Q86: =P86+F17 -> 21801549 | R86: =Q86+G17 -> 26965356 | S86: =R86+H17 -> 32580103 | T86: =S86+I17 -> 37434584 | U86: =T86+J17 -> 42502515 | V86: =U86+K17 -> 46889070 | ... Y86: =X86+N17 -> 60272994
B87: =B75+1 -> 2 | C87: =C75 -> 2 | D87: =INDEX($C$7:$N$19,MATCH(B87,$A$7:$A$19),MATCH(C87,$C$4:$N$4)) -> 0 | E87: =_xlfn.XLOOKUP(B87,$A$7:$A$19,$B$7:$B$19) -> 15/16 | F87: =_xlfn.XLOOKUP(C87,$C$4:$N$4,$C$6:$N$6) -> Nov | G87: =_xlfn.CONCAT(F87,"'",E87) -> Nov'15/16 | H87: =G87 -> Nov'15/16 | I87: =SUM(D76:D87)/1000000 -> 0 | M87: 25/26 | N87: =C18 -> 5081987.2 | O87: =N87+D18 -> 9937655.6 | P87: =O87+E18 -> 14369561 | Q87: =P87+F18 -> 18561563 | R87: =Q87+G18 -> 22704167 | S87: =R87+H18 -> 27255325 | T87: =S87+I18 -> 31604254 | U87: =T87+J18 -> 36096733 | V87: =U87+K18 -> #N/A | ... Y87: =X87+N18 -> #N/A
B88: =B76+1 -> 2 | C88: =C76 -> 3 | D88: =INDEX($C$7:$N$19,MATCH(B88,$A$7:$A$19),MATCH(C88,$C$4:$N$4)) -> 0 | E88: =_xlfn.XLOOKUP(B88,$A$7:$A$19,$B$7:$B$19) -> 15/16 | F88: =_xlfn.XLOOKUP(C88,$C$4:$N$4,$C$6:$N$6) -> Dec | G88: =_xlfn.CONCAT(F88,"'",E88) -> Dec'15/16 | H88: =G88 -> Dec'15/16 | I88: =SUM(D77:D88)/1000000 -> 0 | M88: 26/27 | N88: =C19 -> #N/A | O88: =N88+D19 -> #N/A | P88: =O88+E19 -> #N/A | Q88: =P88+F19 -> #N/A | R88: =Q88+G19 -> #N/A | S88: =R88+H19 -> #N/A | T88: =S88+I19 -> #N/A | U88: =T88+J19 -> #N/A | V88: =U88+K19 -> #N/A | ... Y88: =X88+N19 -> #N/A
B89: =B77+1 -> 2 | C89: =C77 -> 4 | D89: =INDEX($C$7:$N$19,MATCH(B89,$A$7:$A$19),MATCH(C89,$C$4:$N$4)) -> 0 | E89: =_xlfn.XLOOKUP(B89,$A$7:$A$19,$B$7:$B$19) -> 15/16 | F89: =_xlfn.XLOOKUP(C89,$C$4:$N$4,$C$6:$N$6) -> Jan | G89: =_xlfn.CONCAT(F89,"'",E89) -> Jan'15/16 | H89: =G89 -> Jan'15/16 | I89: =SUM(D78:D89)/1000000 -> 0
B90: =B78+1 -> 2 | C90: =C78 -> 5 | D90: =INDEX($C$7:$N$19,MATCH(B90,$A$7:$A$19),MATCH(C90,$C$4:$N$4)) -> 0 | E90: =_xlfn.XLOOKUP(B90,$A$7:$A$19,$B$7:$B$19) -> 15/16 | F90: =_xlfn.XLOOKUP(C90,$C$4:$N$4,$C$6:$N$6) -> Feb | G90: =_xlfn.CONCAT(F90,"'",E90) -> Feb'15/16 | H90: =G90 -> Feb'15/16 | I90: =SUM(D79:D90)/1000000 -> 0
B91: =B79+1 -> 2 | C91: =C79 -> 6 | D91: =INDEX($C$7:$N$19,MATCH(B91,$A$7:$A$19),MATCH(C91,$C$4:$N$4)) -> 0 | E91: =_xlfn.XLOOKUP(B91,$A$7:$A$19,$B$7:$B$19) -> 15/16 | F91: =_xlfn.XLOOKUP(C91,$C$4:$N$4,$C$6:$N$6) -> Mar | G91: =_xlfn.CONCAT(F91,"'",E91) -> Mar'15/16 | H91: =G91 -> Mar'15/16 | I91: =SUM(D80:D91)/1000000 -> 0
B92: =B80+1 -> 2 | C92: =C80 -> 7 | D92: =INDEX($C$7:$N$19,MATCH(B92,$A$7:$A$19),MATCH(C92,$C$4:$N$4)) -> 0 | E92: =_xlfn.XLOOKUP(B92,$A$7:$A$19,$B$7:$B$19) -> 15/16 | F92: =_xlfn.XLOOKUP(C92,$C$4:$N$4,$C$6:$N$6) -> Apr | G92: =_xlfn.CONCAT(F92,"'",E92) -> Apr'15/16 | H92: =G92 -> Apr'15/16 | I92: =SUM(D81:D92)/1000000 -> 0
B93: =B81+1 -> 2 | C93: =C81 -> 8 | D93: =INDEX($C$7:$N$19,MATCH(B93,$A$7:$A$19),MATCH(C93,$C$4:$N$4)) -> 0 | E93: =_xlfn.XLOOKUP(B93,$A$7:$A$19,$B$7:$B$19) -> 15/16 | F93: =_xlfn.XLOOKUP(C93,$C$4:$N$4,$C$6:$N$6) -> May | G93: =_xlfn.CONCAT(F93,"'",E93) -> May'15/16 | H93: =G93 -> May'15/16 | I93: =SUM(D82:D93)/1000000 -> 0
B94: =B82+1 -> 2 | C94: =C82 -> 9 | D94: =INDEX($C$7:$N$19,MATCH(B94,$A$7:$A$19),MATCH(C94,$C$4:$N$4)) -> 0 | E94: =_xlfn.XLOOKUP(B94,$A$7:$A$19,$B$7:$B$19) -> 15/16 | F94: =_xlfn.XLOOKUP(C94,$C$4:$N$4,$C$6:$N$6) -> Jun | G94: =_xlfn.CONCAT(F94,"'",E94) -> Jun'15/16 | H94: =G94 -> Jun'15/16 | I94: =SUM(D83:D94)/1000000 -> 0
B95: =B83+1 -> 2 | C95: =C83 -> 10 | D95: =INDEX($C$7:$N$19,MATCH(B95,$A$7:$A$19),MATCH(C95,$C$4:$N$4)) -> 0 | E95: =_xlfn.XLOOKUP(B95,$A$7:$A$19,$B$7:$B$19) -> 15/16 | F95: =_xlfn.XLOOKUP(C95,$C$4:$N$4,$C$6:$N$6) -> Jul | G95: =_xlfn.CONCAT(F95,"'",E95) -> Jul'15/16 | H95: =G95 -> Jul'15/16 | I95: =SUM(D84:D95)/1000000 -> 0
B96: =B84+1 -> 2 | C96: =C84 -> 11 | D96: =INDEX($C$7:$N$19,MATCH(B96,$A$7:$A$19),MATCH(C96,$C$4:$N$4)) -> 0 | E96: =_xlfn.XLOOKUP(B96,$A$7:$A$19,$B$7:$B$19) -> 15/16 | F96: =_xlfn.XLOOKUP(C96,$C$4:$N$4,$C$6:$N$6) -> Aug | G96: =_xlfn.CONCAT(F96,"'",E96) -> Aug'15/16 | H96: =G96 -> Aug'15/16 | I96: =SUM(D85:D96)/1000000 -> 0
B97: =B85+1 -> 2 | C97: =C85 -> 12 | D97: =INDEX($C$7:$N$19,MATCH(B97,$A$7:$A$19),MATCH(C97,$C$4:$N$4)) -> 0 | E97: =_xlfn.XLOOKUP(B97,$A$7:$A$19,$B$7:$B$19) -> 15/16 | F97: =_xlfn.XLOOKUP(C97,$C$4:$N$4,$C$6:$N$6) -> Sep | G97: =_xlfn.CONCAT(F97,"'",E97) -> Sep'15/16 | H97: =G97 -> Sep'15/16 | I97: =SUM(D86:D97)/1000000 -> 0
B98: =B86+1 -> 3 | C98: =C86 -> 1 | D98: =INDEX($C$7:$N$19,MATCH(B98,$A$7:$A$19),MATCH(C98,$C$4:$N$4)) -> 0 | E98: =_xlfn.XLOOKUP(B98,$A$7:$A$19,$B$7:$B$19) -> 16/17 | F98: =_xlfn.XLOOKUP(C98,$C$4:$N$4,$C$6:$N$6) -> Oct | G98: =_xlfn.CONCAT(F98,"'",E98) -> Oct'16/17 | H98: =G98 -> Oct'16/17 | I98: =SUM(D87:D98)/1000000 -> 0
B99: =B87+1 -> 3 | C99: =C87 -> 2 | D99: =INDEX($C$7:$N$19,MATCH(B99,$A$7:$A$19),MATCH(C99,$C$4:$N$4)) -> 0 | E99: =_xlfn.XLOOKUP(B99,$A$7:$A$19,$B$7:$B$19) -> 16/17 | F99: =_xlfn.XLOOKUP(C99,$C$4:$N$4,$C$6:$N$6) -> Nov | G99: =_xlfn.CONCAT(F99,"'",E99) -> Nov'16/17 | H99: =G99 -> Nov'16/17 | I99: =SUM(D88:D99)/1000000 -> 0
B100: =B88+1 -> 3 | C100: =C88 -> 3 | D100: =INDEX($C$7:$N$19,MATCH(B100,$A$7:$A$19),MATCH(C100,$C$4:$N$4)) -> 0 | E100: =_xlfn.XLOOKUP(B100,$A$7:$A$19,$B$7:$B$19) -> 16/17 | F100: =_xlfn.XLOOKUP(C100,$C$4:$N$4,$C$6:$N$6) -> Dec | G100: =_xlfn.CONCAT(F100,"'",E100) -> Dec'16/17 | H100: =G100 -> Dec'16/17 | I100: =SUM(D89:D100)/1000000 -> 0
... B229: =B217+1 -> 13 | C229: =C217 -> 12 | D229: =INDEX($C$7:$N$19,MATCH(B229,$A$7:$A$19),MATCH(C229,$C$4:$N$4)) -> #N/A | E229: =_xlfn.XLOOKUP(B229,$A$7:$A$19,$B$7:$B$19) -> 26/27 | F229: =_xlfn.XLOOKUP(C229,$C$4:$N$4,$C$6:$N$6) -> Sep | G229: =_xlfn.CONCAT(F229,"'",E229) -> Sep'26/27 | H229: =G229 -> Sep'26/27 | I229: =SUM(D218:D229)/1000000 -> #N/A

Sheet S5 Arabica
A1: Super 5 : Arabica Exports | Q1: Brazil | Colombia | Honduras | Ethiopia |Peru
AH2: YTD | AI2: =_xlfn.CONCAT(AE5," | ",S6) -> | YTD : Oct-May
C4: 1 | D4: 2 | E4: 3 | F4: 4 | G4: 5 | H4: 6 | I4: 7 | J4: 8 | K4: 9 | L4: 10 | M4: 11 | N4: 12
C5: =_xlfn.CONCAT(A1," (Monthly)") -> Super 5 : Arabica Exports (Monthly)
C6: Oct | D6: Nov | E6: Dec | F6: Jan | G6: Feb | H6: Mar | I6: Apr | J6: May | K6: Jun | L6: Jul | M6: Aug | N6: Sep | P6: Total | Q6: % | S6: =_xlfn.CONCAT("YTD : ",IF(C56=1,"Oct Only",_xlfn.CONCAT("Oct-",OFFSET(B6,0,$C$56,1,1)))) -> YTD : Oct-May
A7: 1 | B7: 14/15 | O7: 14/15 | P7: =IF(COUNT(C7:N7)=12,SUM(C7:N7),"") | S7: 14/15 | T7: =IFERROR(IF(SUM(OFFSET(C7,0,0,1,$C$56))=0,"",SUM(OFFSET(C7,0,0,1,$C$56))),"")
A8: 2 | B8: 15/16 | O8: 15/16 | P8: =IF(COUNT(C8:N8)=12,SUM(C8:N8),"") | Q8: =IFERROR(P8/P7-1,"") | S8: 15/16 | T8: =IFERROR(IF(SUM(OFFSET(C8,0,0,1,$C$56))=0,"",SUM(OFFSET(C8,0,0,1,$C$56))),"") | U8: =IFERROR(T8/T7-1,"")
A9: 3 | B9: 16/17 | O9: 16/17 | P9: =IF(COUNT(C9:N9)=12,SUM(C9:N9),"") | Q9: =IFERROR(P9/P8-1,"") | S9: 16/17 | T9: =IFERROR(IF(SUM(OFFSET(C9,0,0,1,$C$56))=0,"",SUM(OFFSET(C9,0,0,1,$C$56))),"") | U9: =IFERROR(T9/T8-1,"")
A10: 4 | B10: 17/18 | C10: ='Brazil Arabica'!C10+Colombia!C10+Honduras!C10+Ethiopia!C10+Peru!C10 -> 4749356 | D10: ='Brazil Arabica'!D10+Colombia!D10+Honduras!D10+Ethiopia!D10+Peru!D10 -> 4989971.1 | E10: ='Brazil Arabica'!E10+Colombia!E10+Honduras!E10+Ethiopia!E10+Peru!E10 -> 5050116.9 | F10: ='Brazil Arabica'!F10+Colombia!F10+Honduras!F10+Ethiopia!F10+Peru!F10 -> 4934536.3 | G10: ='Brazil Arabica'!G10+Colombia!G10+Honduras!G10+Ethiopia!G10+Peru!G10 -> 4738344.2 | H10: ='Brazil Arabica'!H10+Colombia!H10+Honduras!H10+Ethiopia!H10+Peru!H10 -> 4278920.9 | I10: ='Brazil Arabica'!I10+Colombia!I10+Honduras!I10+Ethiopia!I10+Peru!I10 -> 4267516.4 | J10: ='Brazil Arabica'!J10+Colombia!J10+Honduras!J10+Ethiopia!J10+Peru!J10 -> 3714347.8 | ... N10: ='Brazil Arabica'!N10+Colombia!N10+Honduras!N10+Ethiopia!N10+Peru!N10 -> 4920796.6 | O10: 17/18 | P10: =IF(COUNT(C10:N10)=12,SUM(C10:N10),"") -> 55470305 | Q10: =IFERROR(P10/P9-1,"") | S10: 17/18 | T10: =IFERROR(IF(SUM(OFFSET(C10,0,0,1,$C$56))=0,"",SUM(OFFSET(C10,0,0,1,$C$56))),"") -> 36723110 | U10: =IFERROR(T10/T9-1,"")
A11: 5 | B11: 18/19 | C11: ='Brazil Arabica'!C11+Colombia!C11+Honduras!C11+Ethiopia!C11+Peru!C11 -> 5562463.3 | D11: ='Brazil Arabica'!D11+Colombia!D11+Honduras!D11+Ethiopia!D11+Peru!D11 -> 5620721.1 | E11: ='Brazil Arabica'!E11+Colombia!E11+Honduras!E11+Ethiopia!E11+Peru!E11 -> 5822718.3 | F11: ='Brazil Arabica'!F11+Colombia!F11+Honduras!F11+Ethiopia!F11+Peru!F11 -> 5328195.8 | G11: ='Brazil Arabica'!G11+Colombia!G11+Honduras!G11+Ethiopia!G11+Peru!G11 -> 5484867.1 | H11: ='Brazil Arabica'!H11+Colombia!H11+Honduras!H11+Ethiopia!H11+Peru!H11 -> 4919715.1 | I11: ='Brazil Arabica'!I11+Colombia!I11+Honduras!I11+Ethiopia!I11+Peru!I11 -> 4951556.6 | J11: ='Brazil Arabica'!J11+Colombia!J11+Honduras!J11+Ethiopia!J11+Peru!J11 -> 5598458.9 | ... N11: ='Brazil Arabica'!N11+Colombia!N11+Honduras!N11+Ethiopia!N11+Peru!N11 -> 5126826.3 | O11: 18/19 | P11: =IF(COUNT(C11:N11)=12,SUM(C11:N11),"") -> 63704735 | Q11: =IFERROR(P11/P10-1,"") -> 0.14844753 | S11: 18/19 | T11: =IFERROR(IF(SUM(OFFSET(C11,0,0,1,$C$56))=0,"",SUM(OFFSET(C11,0,0,1,$C$56))),"") -> 43288696 | U11: =IFERROR(T11/T10-1,"") -> 0.17878624
A12: 6 | B12: 19/20 | C12: ='Brazil Arabica'!C12+Colombia!C12+Honduras!C12+Ethiopia!C12+Peru!C12 -> 5226553.8 | D12: ='Brazil Arabica'!D12+Colombia!D12+Honduras!D12+Ethiopia!D12+Peru!D12 -> 4919224.7 | E12: ='Brazil Arabica'!E12+Colombia!E12+Honduras!E12+Ethiopia!E12+Peru!E12 -> 4932868 | F12: ='Brazil Arabica'!F12+Colombia!F12+Honduras!F12+Ethiopia!F12+Peru!F12 -> 5141670.2 | G12: ='Brazil Arabica'!G12+Colombia!G12+Honduras!G12+Ethiopia!G12+Peru!G12 -> 4711629.6 | H12: ='Brazil Arabica'!H12+Colombia!H12+Honduras!H12+Ethiopia!H12+Peru!H12 -> 5101576.5 | I12: ='Brazil Arabica'!I12+Colombia!I12+Honduras!I12+Ethiopia!I12+Peru!I12 -> 4753804.9 | J12: ='Brazil Arabica'!J12+Colombia!J12+Honduras!J12+Ethiopia!J12+Peru!J12 -> 4691162.6 | ... N12: ='Brazil Arabica'!N12+Colombia!N12+Honduras!N12+Ethiopia!N12+Peru!N12 -> 5111631 | O12: 19/20 | P12: =IF(COUNT(C12:N12)=12,SUM(C12:N12),"") -> 58580332 | Q12: =IFERROR(P12/P11-1,"") -> -0.080439909 | S12: 19/20 | T12: =IFERROR(IF(SUM(OFFSET(C12,0,0,1,$C$56))=0,"",SUM(OFFSET(C12,0,0,1,$C$56))),"") -> 39478490 | U12: =IFERROR(T12/T11-1,"") -> -0.088018498
A13: 7 | B13: 20/21 | C13: ='Brazil Arabica'!C13+Colombia!C13+Honduras!C13+Ethiopia!C13+Peru!C13 -> 5447193.3 | D13: ='Brazil Arabica'!D13+Colombia!D13+Honduras!D13+Ethiopia!D13+Peru!D13 -> 6178565.1 | E13: ='Brazil Arabica'!E13+Colombia!E13+Honduras!E13+Ethiopia!E13+Peru!E13 -> 5800775 | F13: ='Brazil Arabica'!F13+Colombia!F13+Honduras!F13+Ethiopia!F13+Peru!F13 -> 5045266.6 | G13: ='Brazil Arabica'!G13+Colombia!G13+Honduras!G13+Ethiopia!G13+Peru!G13 -> 5611543.2 | H13: ='Brazil Arabica'!H13+Colombia!H13+Honduras!H13+Ethiopia!H13+Peru!H13 -> 5538692.3 | I13: ='Brazil Arabica'!I13+Colombia!I13+Honduras!I13+Ethiopia!I13+Peru!I13 -> 5413361.4 | J13: ='Brazil Arabica'!J13+Colombia!J13+Honduras!J13+Ethiopia!J13+Peru!J13 -> 4454897.5 | ... N13: ='Brazil Arabica'!N13+Colombia!N13+Honduras!N13+Ethiopia!N13+Peru!N13 -> 4818068.8 | O13: 20/21 | P13: =IF(COUNT(C13:N13)=12,SUM(C13:N13),"") -> 62576630 | Q13: =IFERROR(P13/P12-1,"") -> 0.068219101 | S13: 20/21 | T13: =IFERROR(IF(SUM(OFFSET(C13,0,0,1,$C$56))=0,"",SUM(OFFSET(C13,0,0,1,$C$56))),"") -> 43490294 | U13: =IFERROR(T13/T12-1,"") -> 0.10162
A14: 8 | B14: 21/22 | C14: ='Brazil Arabica'!C14+Colombia!C14+Honduras!C14+Ethiopia!C14+Peru!C14 -> 4974778 | D14: ='Brazil Arabica'!D14+Colombia!D14+Honduras!D14+Ethiopia!D14+Peru!D14 -> 4830737.8 | E14: ='Brazil Arabica'!E14+Colombia!E14+Honduras!E14+Ethiopia!E14+Peru!E14 -> 5667297.5 | F14: ='Brazil Arabica'!F14+Colombia!F14+Honduras!F14+Ethiopia!F14+Peru!F14 -> 5276330.8 | G14: ='Brazil Arabica'!G14+Colombia!G14+Honduras!G14+Ethiopia!G14+Peru!G14 -> 5360809.5 | H14: ='Brazil Arabica'!H14+Colombia!H14+Honduras!H14+Ethiopia!H14+Peru!H14 -> 5893265.7 | I14: ='Brazil Arabica'!I14+Colombia!I14+Honduras!I14+Ethiopia!I14+Peru!I14 -> 4624075.8 | J14: ='Brazil Arabica'!J14+Colombia!J14+Honduras!J14+Ethiopia!J14+Peru!J14 -> 4614924.5 | ... N14: ='Brazil Arabica'!N14+Colombia!N14+Honduras!N14+Ethiopia!N14+Peru!N14 -> 4924164.4 | O14: 21/22 | P14: =IF(COUNT(C14:N14)=12,SUM(C14:N14),"") -> 60049399 | Q14: =IFERROR(P14/P13-1,"") -> -0.040386171 | S14: 21/22 | T14: =IFERROR(IF(SUM(OFFSET(C14,0,0,1,$C$56))=0,"",SUM(OFFSET(C14,0,0,1,$C$56))),"") -> 41242220 | U14: =IFERROR(T14/T13-1,"") -> -0.051691412
A15: 9 | B15: 22/23 | C15: ='Brazil Arabica'!C15+Colombia!C15+Honduras!C15+Ethiopia!C15+Peru!C15 -> 5046401.3 | D15: ='Brazil Arabica'!D15+Colombia!D15+Honduras!D15+Ethiopia!D15+Peru!D15 -> 4976512 | E15: ='Brazil Arabica'!E15+Colombia!E15+Honduras!E15+Ethiopia!E15+Peru!E15 -> 4572045.3 | F15: ='Brazil Arabica'!F15+Colombia!F15+Honduras!F15+Ethiopia!F15+Peru!F15 -> 4139323.1 | G15: ='Brazil Arabica'!G15+Colombia!G15+Honduras!G15+Ethiopia!G15+Peru!G15 -> 3886583 | H15: ='Brazil Arabica'!H15+Colombia!H15+Honduras!H15+Ethiopia!H15+Peru!H15 -> 4633394.7 | I15: ='Brazil Arabica'!I15+Colombia!I15+Honduras!I15+Ethiopia!I15+Peru!I15 -> 4151527.5 | J15: ='Brazil Arabica'!J15+Colombia!J15+Honduras!J15+Ethiopia!J15+Peru!J15 -> 4195416.6 | ... N15: ='Brazil Arabica'!N15+Colombia!N15+Honduras!N15+Ethiopia!N15+Peru!N15 -> 4328172.9 | O15: 22/23 | P15: =IF(COUNT(C15:N15)=12,SUM(C15:N15),"") -> 53050982 | Q15: =IFERROR(P15/P14-1,"") -> -0.11654434 | S15: 22/23 | T15: =IFERROR(IF(SUM(OFFSET(C15,0,0,1,$C$56))=0,"",SUM(OFFSET(C15,0,0,1,$C$56))),"") -> 35601203 | U15: =IFERROR(T15/T14-1,"") -> -0.13677771
A16: 10 | B16: 23/24 | C16: ='Brazil Arabica'!C16+Colombia!C16+Honduras!C16+Ethiopia!C16+Peru!C16 -> 5358468 | D16: ='Brazil Arabica'!D16+Colombia!D16+Honduras!D16+Ethiopia!D16+Peru!D16 -> 5344923.8 | E16: ='Brazil Arabica'!E16+Colombia!E16+Honduras!E16+Ethiopia!E16+Peru!E16 -> 5383163.3 | F16: ='Brazil Arabica'!F16+Colombia!F16+Honduras!F16+Ethiopia!F16+Peru!F16 -> 5181643.8 | G16: ='Brazil Arabica'!G16+Colombia!G16+Honduras!G16+Ethiopia!G16+Peru!G16 -> 5047144.8 | H16: ='Brazil Arabica'!H16+Colombia!H16+Honduras!H16+Ethiopia!H16+Peru!H16 -> 5425480.5 | I16: ='Brazil Arabica'!I16+Colombia!I16+Honduras!I16+Ethiopia!I16+Peru!I16 -> 5264969.5 | J16: ='Brazil Arabica'!J16+Colombia!J16+Honduras!J16+Ethiopia!J16+Peru!J16 -> 5747200.6 | ... N16: ='Brazil Arabica'!N16+Colombia!N16+Honduras!N16+Ethiopia!N16+Peru!N16 -> 5794074.9 | O16: 23/24 | P16: =IF(COUNT(C16:N16)=12,SUM(C16:N16),"") -> 63938961 | Q16: =IFERROR(P16/P15-1,"") -> 0.20523615 | S16: 23/24 | T16: =IFERROR(IF(SUM(OFFSET(C16,0,0,1,$C$56))=0,"",SUM(OFFSET(C16,0,0,1,$C$56))),"") -> 42752994 | U16: =IFERROR(T16/T15-1,"") -> 0.20088621
A17: 11 | B17: 24/25 | C17: ='Brazil Arabica'!C17+Colombia!C17+Honduras!C17+Ethiopia!C17+Peru!C17 -> 6098193.2 | D17: ='Brazil Arabica'!D17+Colombia!D17+Honduras!D17+Ethiopia!D17+Peru!D17 -> 5639219.1 | E17: ='Brazil Arabica'!E17+Colombia!E17+Honduras!E17+Ethiopia!E17+Peru!E17 -> 6019202.6 | F17: ='Brazil Arabica'!F17+Colombia!F17+Honduras!F17+Ethiopia!F17+Peru!F17 -> 5271083.5 | G17: ='Brazil Arabica'!G17+Colombia!G17+Honduras!G17+Ethiopia!G17+Peru!G17 -> 5233585 | H17: ='Brazil Arabica'!H17+Colombia!H17+Honduras!H17+Ethiopia!H17+Peru!H17 -> 5676045.7 | I17: ='Brazil Arabica'!I17+Colombia!I17+Honduras!I17+Ethiopia!I17+Peru!I17 -> 4922852.3 | J17: ='Brazil Arabica'!J17+Colombia!J17+Honduras!J17+Ethiopia!J17+Peru!J17 -> 5216939 | ... N17: ='Brazil Arabica'!N17+Colombia!N17+Honduras!N17+Ethiopia!N17+Peru!N17 -> 5464003.4 | O17: 24/25 | P17: =IF(COUNT(C17:N17)=12,SUM(C17:N17),"") -> 64038700 | S17: 24/25 | T17: =IFERROR(IF(SUM(OFFSET(C17,0,0,1,$C$56))=0,"",SUM(OFFSET(C17,0,0,1,$C$56))),"") -> 44077120 | U17: =IFERROR(T17/T16-1,"") -> 0.030971542
A18: 12 | B18: 25/26 | C18: ='Brazil Arabica'!C18+Colombia!C18+Honduras!C18+Ethiopia!C18+Peru!C18 -> 5741470.6 | D18: ='Brazil Arabica'!D18+Colombia!D18+Honduras!D18+Ethiopia!D18+Peru!D18 -> 5386101.7 | E18: ='Brazil Arabica'!E18+Colombia!E18+Honduras!E18+Ethiopia!E18+Peru!E18 -> 4824905.4 | F18: ='Brazil Arabica'!F18+Colombia!F18+Honduras!F18+Ethiopia!F18+Peru!F18 -> 4381685 | G18: ='Brazil Arabica'!G18+Colombia!G18+Honduras!G18+Ethiopia!G18+Peru!G18 -> 4217521 | H18: ='Brazil Arabica'!H18+Colombia!H18+Honduras!H18+Ethiopia!H18+Peru!H18 -> 4602691.3 | I18: ='Brazil Arabica'!I18+Colombia!I18+Honduras!I18+Ethiopia!I18+Peru!I18 -> 4415479.3 | J18: ='Brazil Arabica'!J18+Colombia!J18+Honduras!J18+Ethiopia!J18+Peru!J18 -> 4660112.3 | ... N18: ='Brazil Arabica'!N18+Colombia!N18+Honduras!N18+Ethiopia!N18+Peru!N18 -> #N/A | O18: 25/26 | P18: =IF(COUNT(C18:N18)=12,SUM(C18:N18),"") | S18: 25/26 | T18: =IFERROR(IF(SUM(OFFSET(C18,0,0,1,$C$56))=0,"",SUM(OFFSET(C18,0,0,1,$C$56))),"") -> 38229967 | U18: =IFERROR(T18/T17-1,"") -> -0.13265734
A19: 13 | B19: 26/27 | C19: ='Brazil Arabica'!C19+Colombia!C19+Honduras!C19+Ethiopia!C19+Peru!C19 -> #N/A | D19: ='Brazil Arabica'!D19+Colombia!D19+Honduras!D19+Ethiopia!D19+Peru!D19 -> #N/A | E19: ='Brazil Arabica'!E19+Colombia!E19+Honduras!E19+Ethiopia!E19+Peru!E19 -> #N/A | F19: ='Brazil Arabica'!F19+Colombia!F19+Honduras!F19+Ethiopia!F19+Peru!F19 -> #N/A | G19: ='Brazil Arabica'!G19+Colombia!G19+Honduras!G19+Ethiopia!G19+Peru!G19 -> #N/A | H19: ='Brazil Arabica'!H19+Colombia!H19+Honduras!H19+Ethiopia!H19+Peru!H19 -> #N/A | I19: ='Brazil Arabica'!I19+Colombia!I19+Honduras!I19+Ethiopia!I19+Peru!I19 -> #N/A | J19: ='Brazil Arabica'!J19+Colombia!J19+Honduras!J19+Ethiopia!J19+Peru!J19 -> #N/A | ... N19: ='Brazil Arabica'!N19+Colombia!N19+Honduras!N19+Ethiopia!N19+Peru!N19 -> #N/A | O19: 26/27 | P19: =IF(COUNT(C19:N19)=12,SUM(C19:N19),"") | S19: 26/27 | T19: =IFERROR(IF(SUM(OFFSET(C19,0,0,1,$C$56))=0,"",SUM(OFFSET(C19,0,0,1,$C$56))),"")
B20: YoY | C20: =IFERROR(C18/C17-1,"") -> -0.058496448 | D20: =IFERROR(D18/D17-1,"") -> -0.04488518 | E20: =IFERROR(E18/E17-1,"") -> -0.19841452 | F20: =IFERROR(F18/F17-1,"") -> -0.16873163 | G20: =IFERROR(G18/G17-1,"") -> -0.19414303 | H20: =IFERROR(H18/H17-1,"") -> -0.18910248 | I20: =IFERROR(I18/I17-1,"") -> -0.10306484 | J20: =IFERROR(J18/J17-1,"") -> -0.10673437 | ... N20: =IFERROR(N18/N17-1,"")
K27: =_xlfn.CONCAT(A1," | ",S6) -> Super 5 : Arabica Exports | YTD : Oct-May | Q27: =_xlfn.CONCAT(A1," | ","Cumulative") -> Super 5 : Arabica Exports | Cumulative
B56: Offset | C56: =COUNT(C18:N18) -> 8 | D56: =OFFSET(B6,0,$C$56,1,1) -> May | E56: =B17 -> 24/25 | F56: =_xlfn.CONCAT(D56,"'",E56) -> May'24/25
B65: Oct | C65: Nov | D65: Dec | E65: Jan | F65: Feb | G65: Mar | H65: Apr | I65: May | J65: Jun | K65: Jul | L65: Aug | M65: Sep
A66: =B18 -> 25/26 | B66: =C18 -> 5741470.6 | C66: =D18 -> 5386101.7 | D66: =E18 -> 4824905.4 | E66: =F18 -> 4381685 | F66: =G18 -> 4217521 | G66: =H18 -> 4602691.3 | H66: =I18 -> 4415479.3 | ... M66: =N18 -> #N/A
A67: Min | B67: =MIN(C7:C17) -> 4749356 | C67: =MIN(D7:D17) -> 4830737.8 | D67: =MIN(E7:E17) -> 4572045.3 | E67: =MIN(F7:F17) -> 4139323.1 | F67: =MIN(G7:G17) -> 3886583 | G67: =MIN(H7:H17) -> 4278920.9 | H67: =MIN(I7:I17) -> 4151527.5 | I67: =MIN(J7:J17) -> 3714347.8 | ... M67: =MIN(N7:N17) -> 4328172.9
A68: Max | B68: =MAX(C7:C17) -> 6098193.2 | C68: =MAX(D7:D17) -> 6178565.1 | D68: =MAX(E7:E17) -> 6019202.6 | E68: =MAX(F7:F17) -> 5328195.8 | F68: =MAX(G7:G17) -> 5611543.2 | G68: =MAX(H7:H17) -> 5893265.7 | H68: =MAX(I7:I17) -> 5413361.4 | I68: =MAX(J7:J17) -> 5747200.6 | ... M68: =MAX(N7:N17) -> 5794074.9
A69: Avg(5) | B69: =AVERAGE(C12:C17) -> 5358597.9 | C69: =AVERAGE(D12:D17) -> 5314863.8 | D69: =AVERAGE(E12:E17) -> 5395891.9 | E69: =AVERAGE(F12:F17) -> 5009219.7 | F69: =AVERAGE(G12:G17) -> 4975215.9 | G69: =AVERAGE(H12:H17) -> 5378075.9 | H69: =AVERAGE(I12:I17) -> 4855098.6 | I69: =AVERAGE(J12:J17) -> 4820090.1 | ... M69: =AVERAGE(N12:N17) -> 5073352.6
B74: 1 | C74: 1 | D74: =INDEX($C$7:$N$19,MATCH(B74,$A$7:$A$19),MATCH(C74,$C$4:$N$4)) -> 0 | E74: =_xlfn.XLOOKUP(B74,$A$7:$A$19,$B$7:$B$19) -> 14/15 | F74: =_xlfn.XLOOKUP(C74,$C$4:$N$4,$C$6:$N$6) -> Oct | G74: =_xlfn.CONCAT(F74,"'",E74) -> Oct'14/15 | N74: Cumulative
B75: 1 | C75: 2 | D75: =INDEX($C$7:$N$19,MATCH(B75,$A$7:$A$19),MATCH(C75,$C$4:$N$4)) -> 0 | E75: =_xlfn.XLOOKUP(B75,$A$7:$A$19,$B$7:$B$19) -> 14/15 | F75: =_xlfn.XLOOKUP(C75,$C$4:$N$4,$C$6:$N$6) -> Nov | G75: =_xlfn.CONCAT(F75,"'",E75) -> Nov'14/15 | N75: Oct | O75: Nov | P75: Dec | Q75: Jan | R75: Feb | S75: Mar | T75: Apr | U75: May | V75: Jun | W75: Jul | X75: Aug | Y75: Sep
B76: 1 | C76: 3 | D76: =INDEX($C$7:$N$19,MATCH(B76,$A$7:$A$19),MATCH(C76,$C$4:$N$4)) -> 0 | E76: =_xlfn.XLOOKUP(B76,$A$7:$A$19,$B$7:$B$19) -> 14/15 | F76: =_xlfn.XLOOKUP(C76,$C$4:$N$4,$C$6:$N$6) -> Dec | G76: =_xlfn.CONCAT(F76,"'",E76) -> Dec'14/15 | M76: 14/15 | N76: =C7 -> 0 | O76: =N76+D7 -> 0 | P76: =O76+E7 -> 0 | Q76: =P76+F7 -> 0 | R76: =Q76+G7 -> 0 | S76: =R76+H7 -> 0 | T76: =S76+I7 -> 0 | U76: =T76+J7 -> 0 | V76: =U76+K7 -> 0 | ... Y76: =X76+N7 -> 0
B77: 1 | C77: 4 | D77: =INDEX($C$7:$N$19,MATCH(B77,$A$7:$A$19),MATCH(C77,$C$4:$N$4)) -> 0 | E77: =_xlfn.XLOOKUP(B77,$A$7:$A$19,$B$7:$B$19) -> 14/15 | F77: =_xlfn.XLOOKUP(C77,$C$4:$N$4,$C$6:$N$6) -> Jan | G77: =_xlfn.CONCAT(F77,"'",E77) -> Jan'14/15 | M77: 15/16 | N77: =C8 -> 0 | O77: =N77+D8 -> 0 | P77: =O77+E8 -> 0 | Q77: =P77+F8 -> 0 | R77: =Q77+G8 -> 0 | S77: =R77+H8 -> 0 | T77: =S77+I8 -> 0 | U77: =T77+J8 -> 0 | V77: =U77+K8 -> 0 | ... Y77: =X77+N8 -> 0
B78: 1 | C78: 5 | D78: =INDEX($C$7:$N$19,MATCH(B78,$A$7:$A$19),MATCH(C78,$C$4:$N$4)) -> 0 | E78: =_xlfn.XLOOKUP(B78,$A$7:$A$19,$B$7:$B$19) -> 14/15 | F78: =_xlfn.XLOOKUP(C78,$C$4:$N$4,$C$6:$N$6) -> Feb | G78: =_xlfn.CONCAT(F78,"'",E78) -> Feb'14/15 | M78: 16/17 | N78: =C9 -> 0 | O78: =N78+D9 -> 0 | P78: =O78+E9 -> 0 | Q78: =P78+F9 -> 0 | R78: =Q78+G9 -> 0 | S78: =R78+H9 -> 0 | T78: =S78+I9 -> 0 | U78: =T78+J9 -> 0 | V78: =U78+K9 -> 0 | ... Y78: =X78+N9 -> 0
B79: 1 | C79: 6 | D79: =INDEX($C$7:$N$19,MATCH(B79,$A$7:$A$19),MATCH(C79,$C$4:$N$4)) -> 0 | E79: =_xlfn.XLOOKUP(B79,$A$7:$A$19,$B$7:$B$19) -> 14/15 | F79: =_xlfn.XLOOKUP(C79,$C$4:$N$4,$C$6:$N$6) -> Mar | G79: =_xlfn.CONCAT(F79,"'",E79) -> Mar'14/15 | M79: 17/18 | N79: =C10 -> 4749356 | O79: =N79+D10 -> 9739327.1 | P79: =O79+E10 -> 14789444 | Q79: =P79+F10 -> 19723980 | R79: =Q79+G10 -> 24462324 | S79: =R79+H10 -> 28741245 | T79: =S79+I10 -> 33008762 | U79: =T79+J10 -> 36723110 | V79: =U79+K10 -> 41155535 | ... Y79: =X79+N10 -> 55470305
B80: 1 | C80: 7 | D80: =INDEX($C$7:$N$19,MATCH(B80,$A$7:$A$19),MATCH(C80,$C$4:$N$4)) -> 0 | E80: =_xlfn.XLOOKUP(B80,$A$7:$A$19,$B$7:$B$19) -> 14/15 | F80: =_xlfn.XLOOKUP(C80,$C$4:$N$4,$C$6:$N$6) -> Apr | G80: =_xlfn.CONCAT(F80,"'",E80) -> Apr'14/15 | M80: 18/19 | N80: =C11 -> 5562463.3 | O80: =N80+D11 -> 11183184 | P80: =O80+E11 -> 17005903 | Q80: =P80+F11 -> 22334098 | R80: =Q80+G11 -> 27818966 | S80: =R80+H11 -> 32738681 | T80: =S80+I11 -> 37690237 | U80: =T80+J11 -> 43288696 | V80: =U80+K11 -> 48310332 | ... Y80: =X80+N11 -> 63704735
B81: 1 | C81: 8 | D81: =INDEX($C$7:$N$19,MATCH(B81,$A$7:$A$19),MATCH(C81,$C$4:$N$4)) -> 0 | E81: =_xlfn.XLOOKUP(B81,$A$7:$A$19,$B$7:$B$19) -> 14/15 | F81: =_xlfn.XLOOKUP(C81,$C$4:$N$4,$C$6:$N$6) -> May | G81: =_xlfn.CONCAT(F81,"'",E81) -> May'14/15 | M81: 19/20 | N81: =C12 -> 5226553.8 | O81: =N81+D12 -> 10145778 | P81: =O81+E12 -> 15078646 | Q81: =P81+F12 -> 20220317 | R81: =Q81+G12 -> 24931946 | S81: =R81+H12 -> 30033523 | T81: =S81+I12 -> 34787328 | U81: =T81+J12 -> 39478490 | V81: =U81+K12 -> 43955586 | ... Y81: =X81+N12 -> 58580332
B82: 1 | C82: 9 | D82: =INDEX($C$7:$N$19,MATCH(B82,$A$7:$A$19),MATCH(C82,$C$4:$N$4)) -> 0 | E82: =_xlfn.XLOOKUP(B82,$A$7:$A$19,$B$7:$B$19) -> 14/15 | F82: =_xlfn.XLOOKUP(C82,$C$4:$N$4,$C$6:$N$6) -> Jun | G82: =_xlfn.CONCAT(F82,"'",E82) -> Jun'14/15 | M82: 20/21 | N82: =C13 -> 5447193.3 | O82: =N82+D13 -> 11625758 | P82: =O82+E13 -> 17426533 | Q82: =P82+F13 -> 22471800 | R82: =Q82+G13 -> 28083343 | S82: =R82+H13 -> 33622035 | T82: =S82+I13 -> 39035397 | U82: =T82+J13 -> 43490294 | V82: =U82+K13 -> 48393857 | ... Y82: =X82+N13 -> 62576630
B83: 1 | C83: 10 | D83: =INDEX($C$7:$N$19,MATCH(B83,$A$7:$A$19),MATCH(C83,$C$4:$N$4)) -> 0 | E83: =_xlfn.XLOOKUP(B83,$A$7:$A$19,$B$7:$B$19) -> 14/15 | F83: =_xlfn.XLOOKUP(C83,$C$4:$N$4,$C$6:$N$6) -> Jul | G83: =_xlfn.CONCAT(F83,"'",E83) -> Jul'14/15 | M83: 21/22 | N83: =C14 -> 4974778 | O83: =N83+D14 -> 9805515.8 | P83: =O83+E14 -> 15472813 | Q83: =P83+F14 -> 20749144 | R83: =Q83+G14 -> 26109954 | S83: =R83+H14 -> 32003219 | T83: =S83+I14 -> 36627295 | U83: =T83+J14 -> 41242220 | V83: =U83+K14 -> 46229282 | ... Y83: =X83+N14 -> 60049399
B84: 1 | C84: 11 | D84: =INDEX($C$7:$N$19,MATCH(B84,$A$7:$A$19),MATCH(C84,$C$4:$N$4)) -> 0 | E84: =_xlfn.XLOOKUP(B84,$A$7:$A$19,$B$7:$B$19) -> 14/15 | F84: =_xlfn.XLOOKUP(C84,$C$4:$N$4,$C$6:$N$6) -> Aug | G84: =_xlfn.CONCAT(F84,"'",E84) -> Aug'14/15 | H84: Month | I84: Rolling 12m Sum | M84: 22/23 | N84: =C15 -> 5046401.3 | O84: =N84+D15 -> 10022913 | P84: =O84+E15 -> 14594959 | Q84: =P84+F15 -> 18734282 | R84: =Q84+G15 -> 22620865 | S84: =R84+H15 -> 27254259 | T84: =S84+I15 -> 31405787 | U84: =T84+J15 -> 35601203 | V84: =U84+K15 -> 39699107 | ... Y84: =X84+N15 -> 53050982
B85: 1 | C85: 12 | D85: =INDEX($C$7:$N$19,MATCH(B85,$A$7:$A$19),MATCH(C85,$C$4:$N$4)) -> 0 | E85: =_xlfn.XLOOKUP(B85,$A$7:$A$19,$B$7:$B$19) -> 14/15 | F85: =_xlfn.XLOOKUP(C85,$C$4:$N$4,$C$6:$N$6) -> Sep | G85: =_xlfn.CONCAT(F85,"'",E85) -> Sep'14/15 | H85: =G85 -> Sep'14/15 | I85: =SUM(D74:D85)/1000000 -> 0 | M85: 23/24 | N85: =C16 -> 5358468 | O85: =N85+D16 -> 10703392 | P85: =O85+E16 -> 16086555 | Q85: =P85+F16 -> 21268199 | R85: =Q85+G16 -> 26315344 | S85: =R85+H16 -> 31740824 | T85: =S85+I16 -> 37005794 | U85: =T85+J16 -> 42752994 | V85: =U85+K16 -> 47841554 | ... Y85: =X85+N16 -> 63938961
B86: =B74+1 -> 2 | C86: =C74 -> 1 | D86: =INDEX($C$7:$N$19,MATCH(B86,$A$7:$A$19),MATCH(C86,$C$4:$N$4)) -> 0 | E86: =_xlfn.XLOOKUP(B86,$A$7:$A$19,$B$7:$B$19) -> 15/16 | F86: =_xlfn.XLOOKUP(C86,$C$4:$N$4,$C$6:$N$6) -> Oct | G86: =_xlfn.CONCAT(F86,"'",E86) -> Oct'15/16 | H86: =G86 -> Oct'15/16 | I86: =SUM(D75:D86)/1000000 -> 0 | M86: 24/25 | N86: =C17 -> 6098193.2 | O86: =N86+D17 -> 11737412 | P86: =O86+E17 -> 17756615 | Q86: =P86+F17 -> 23027698 | R86: =Q86+G17 -> 28261283 | S86: =R86+H17 -> 33937329 | T86: =S86+I17 -> 38860181 | U86: =T86+J17 -> 44077120 | V86: =U86+K17 -> 48805931 | ... Y86: =X86+N17 -> 64038700
B87: =B75+1 -> 2 | C87: =C75 -> 2 | D87: =INDEX($C$7:$N$19,MATCH(B87,$A$7:$A$19),MATCH(C87,$C$4:$N$4)) -> 0 | E87: =_xlfn.XLOOKUP(B87,$A$7:$A$19,$B$7:$B$19) -> 15/16 | F87: =_xlfn.XLOOKUP(C87,$C$4:$N$4,$C$6:$N$6) -> Nov | G87: =_xlfn.CONCAT(F87,"'",E87) -> Nov'15/16 | H87: =G87 -> Nov'15/16 | I87: =SUM(D76:D87)/1000000 -> 0 | M87: 25/26 | N87: =C18 -> 5741470.6 | O87: =N87+D18 -> 11127572 | P87: =O87+E18 -> 15952478 | Q87: =P87+F18 -> 20334163 | R87: =Q87+G18 -> 24551684 | S87: =R87+H18 -> 29154375 | T87: =S87+I18 -> 33569854 | U87: =T87+J18 -> 38229967 | V87: =U87+K18 -> #N/A | ... Y87: =X87+N18 -> #N/A
B88: =B76+1 -> 2 | C88: =C76 -> 3 | D88: =INDEX($C$7:$N$19,MATCH(B88,$A$7:$A$19),MATCH(C88,$C$4:$N$4)) -> 0 | E88: =_xlfn.XLOOKUP(B88,$A$7:$A$19,$B$7:$B$19) -> 15/16 | F88: =_xlfn.XLOOKUP(C88,$C$4:$N$4,$C$6:$N$6) -> Dec | G88: =_xlfn.CONCAT(F88,"'",E88) -> Dec'15/16 | H88: =G88 -> Dec'15/16 | I88: =SUM(D77:D88)/1000000 -> 0 | M88: 26/27 | N88: =C19 -> #N/A | O88: =N88+D19 -> #N/A | P88: =O88+E19 -> #N/A | Q88: =P88+F19 -> #N/A | R88: =Q88+G19 -> #N/A | S88: =R88+H19 -> #N/A | T88: =S88+I19 -> #N/A | U88: =T88+J19 -> #N/A | V88: =U88+K19 -> #N/A | ... Y88: =X88+N19 -> #N/A
B89: =B77+1 -> 2 | C89: =C77 -> 4 | D89: =INDEX($C$7:$N$19,MATCH(B89,$A$7:$A$19),MATCH(C89,$C$4:$N$4)) -> 0 | E89: =_xlfn.XLOOKUP(B89,$A$7:$A$19,$B$7:$B$19) -> 15/16 | F89: =_xlfn.XLOOKUP(C89,$C$4:$N$4,$C$6:$N$6) -> Jan | G89: =_xlfn.CONCAT(F89,"'",E89) -> Jan'15/16 | H89: =G89 -> Jan'15/16 | I89: =SUM(D78:D89)/1000000 -> 0
B90: =B78+1 -> 2 | C90: =C78 -> 5 | D90: =INDEX($C$7:$N$19,MATCH(B90,$A$7:$A$19),MATCH(C90,$C$4:$N$4)) -> 0 | E90: =_xlfn.XLOOKUP(B90,$A$7:$A$19,$B$7:$B$19) -> 15/16 | F90: =_xlfn.XLOOKUP(C90,$C$4:$N$4,$C$6:$N$6) -> Feb | G90: =_xlfn.CONCAT(F90,"'",E90) -> Feb'15/16 | H90: =G90 -> Feb'15/16 | I90: =SUM(D79:D90)/1000000 -> 0
B91: =B79+1 -> 2 | C91: =C79 -> 6 | D91: =INDEX($C$7:$N$19,MATCH(B91,$A$7:$A$19),MATCH(C91,$C$4:$N$4)) -> 0 | E91: =_xlfn.XLOOKUP(B91,$A$7:$A$19,$B$7:$B$19) -> 15/16 | F91: =_xlfn.XLOOKUP(C91,$C$4:$N$4,$C$6:$N$6) -> Mar | G91: =_xlfn.CONCAT(F91,"'",E91) -> Mar'15/16 | H91: =G91 -> Mar'15/16 | I91: =SUM(D80:D91)/1000000 -> 0
B92: =B80+1 -> 2 | C92: =C80 -> 7 | D92: =INDEX($C$7:$N$19,MATCH(B92,$A$7:$A$19),MATCH(C92,$C$4:$N$4)) -> 0 | E92: =_xlfn.XLOOKUP(B92,$A$7:$A$19,$B$7:$B$19) -> 15/16 | F92: =_xlfn.XLOOKUP(C92,$C$4:$N$4,$C$6:$N$6) -> Apr | G92: =_xlfn.CONCAT(F92,"'",E92) -> Apr'15/16 | H92: =G92 -> Apr'15/16 | I92: =SUM(D81:D92)/1000000 -> 0
B93: =B81+1 -> 2 | C93: =C81 -> 8 | D93: =INDEX($C$7:$N$19,MATCH(B93,$A$7:$A$19),MATCH(C93,$C$4:$N$4)) -> 0 | E93: =_xlfn.XLOOKUP(B93,$A$7:$A$19,$B$7:$B$19) -> 15/16 | F93: =_xlfn.XLOOKUP(C93,$C$4:$N$4,$C$6:$N$6) -> May | G93: =_xlfn.CONCAT(F93,"'",E93) -> May'15/16 | H93: =G93 -> May'15/16 | I93: =SUM(D82:D93)/1000000 -> 0
B94: =B82+1 -> 2 | C94: =C82 -> 9 | D94: =INDEX($C$7:$N$19,MATCH(B94,$A$7:$A$19),MATCH(C94,$C$4:$N$4)) -> 0 | E94: =_xlfn.XLOOKUP(B94,$A$7:$A$19,$B$7:$B$19) -> 15/16 | F94: =_xlfn.XLOOKUP(C94,$C$4:$N$4,$C$6:$N$6) -> Jun | G94: =_xlfn.CONCAT(F94,"'",E94) -> Jun'15/16 | H94: =G94 -> Jun'15/16 | I94: =SUM(D83:D94)/1000000 -> 0
B95: =B83+1 -> 2 | C95: =C83 -> 10 | D95: =INDEX($C$7:$N$19,MATCH(B95,$A$7:$A$19),MATCH(C95,$C$4:$N$4)) -> 0 | E95: =_xlfn.XLOOKUP(B95,$A$7:$A$19,$B$7:$B$19) -> 15/16 | F95: =_xlfn.XLOOKUP(C95,$C$4:$N$4,$C$6:$N$6) -> Jul | G95: =_xlfn.CONCAT(F95,"'",E95) -> Jul'15/16 | H95: =G95 -> Jul'15/16 | I95: =SUM(D84:D95)/1000000 -> 0
B96: =B84+1 -> 2 | C96: =C84 -> 11 | D96: =INDEX($C$7:$N$19,MATCH(B96,$A$7:$A$19),MATCH(C96,$C$4:$N$4)) -> 0 | E96: =_xlfn.XLOOKUP(B96,$A$7:$A$19,$B$7:$B$19) -> 15/16 | F96: =_xlfn.XLOOKUP(C96,$C$4:$N$4,$C$6:$N$6) -> Aug | G96: =_xlfn.CONCAT(F96,"'",E96) -> Aug'15/16 | H96: =G96 -> Aug'15/16 | I96: =SUM(D85:D96)/1000000 -> 0
B97: =B85+1 -> 2 | C97: =C85 -> 12 | D97: =INDEX($C$7:$N$19,MATCH(B97,$A$7:$A$19),MATCH(C97,$C$4:$N$4)) -> 0 | E97: =_xlfn.XLOOKUP(B97,$A$7:$A$19,$B$7:$B$19) -> 15/16 | F97: =_xlfn.XLOOKUP(C97,$C$4:$N$4,$C$6:$N$6) -> Sep | G97: =_xlfn.CONCAT(F97,"'",E97) -> Sep'15/16 | H97: =G97 -> Sep'15/16 | I97: =SUM(D86:D97)/1000000 -> 0
B98: =B86+1 -> 3 | C98: =C86 -> 1 | D98: =INDEX($C$7:$N$19,MATCH(B98,$A$7:$A$19),MATCH(C98,$C$4:$N$4)) -> 0 | E98: =_xlfn.XLOOKUP(B98,$A$7:$A$19,$B$7:$B$19) -> 16/17 | F98: =_xlfn.XLOOKUP(C98,$C$4:$N$4,$C$6:$N$6) -> Oct | G98: =_xlfn.CONCAT(F98,"'",E98) -> Oct'16/17 | H98: =G98 -> Oct'16/17 | I98: =SUM(D87:D98)/1000000 -> 0
B99: =B87+1 -> 3 | C99: =C87 -> 2 | D99: =INDEX($C$7:$N$19,MATCH(B99,$A$7:$A$19),MATCH(C99,$C$4:$N$4)) -> 0 | E99: =_xlfn.XLOOKUP(B99,$A$7:$A$19,$B$7:$B$19) -> 16/17 | F99: =_xlfn.XLOOKUP(C99,$C$4:$N$4,$C$6:$N$6) -> Nov | G99: =_xlfn.CONCAT(F99,"'",E99) -> Nov'16/17 | H99: =G99 -> Nov'16/17 | I99: =SUM(D88:D99)/1000000 -> 0
B100: =B88+1 -> 3 | C100: =C88 -> 3 | D100: =INDEX($C$7:$N$19,MATCH(B100,$A$7:$A$19),MATCH(C100,$C$4:$N$4)) -> 0 | E100: =_xlfn.XLOOKUP(B100,$A$7:$A$19,$B$7:$B$19) -> 16/17 | F100: =_xlfn.XLOOKUP(C100,$C$4:$N$4,$C$6:$N$6) -> Dec | G100: =_xlfn.CONCAT(F100,"'",E100) -> Dec'16/17 | H100: =G100 -> Dec'16/17 | I100: =SUM(D89:D100)/1000000 -> 0
... B229: =B217+1 -> 13 | C229: =C217 -> 12 | D229: =INDEX($C$7:$N$19,MATCH(B229,$A$7:$A$19),MATCH(C229,$C$4:$N$4)) -> #N/A | E229: =_xlfn.XLOOKUP(B229,$A$7:$A$19,$B$7:$B$19) -> 26/27 | F229: =_xlfn.XLOOKUP(C229,$C$4:$N$4,$C$6:$N$6) -> Sep | G229: =_xlfn.CONCAT(F229,"'",E229) -> Sep'26/27 | H229: =G229 -> Sep'26/27 | I229: =SUM(D218:D229)/1000000 -> #N/A

Sheet Non Brazil Arabica origin
A1: Non Brazil Origins | Q1: Colombia | Honduras | Ethiopia |Peru
AH2: YTD | AI2: =_xlfn.CONCAT(AE5," | ",S6) -> | YTD : Oct-May
C4: 1 | D4: 2 | E4: 3 | F4: 4 | G4: 5 | H4: 6 | I4: 7 | J4: 8 | K4: 9 | L4: 10 | M4: 11 | N4: 12
C5: =_xlfn.CONCAT(A1," (Monthly)") -> Non Brazil Origins (Monthly)
C6: Oct | D6: Nov | E6: Dec | F6: Jan | G6: Feb | H6: Mar | I6: Apr | J6: May | K6: Jun | L6: Jul | M6: Aug | N6: Sep | P6: Total | Q6: % | S6: =_xlfn.CONCAT("YTD : ",IF(C56=1,"Oct Only",_xlfn.CONCAT("Oct-",OFFSET(B6,0,$C$56,1,1)))) -> YTD : Oct-May
A7: 1 | B7: 14/15 | O7: 14/15 | P7: =IF(COUNT(C7:N7)=12,SUM(C7:N7),"") | S7: 14/15 | T7: =IFERROR(IF(SUM(OFFSET(C7,0,0,1,$C$56))=0,"",SUM(OFFSET(C7,0,0,1,$C$56))),"")
A8: 2 | B8: 15/16 | O8: 15/16 | P8: =IF(COUNT(C8:N8)=12,SUM(C8:N8),"") | Q8: =IFERROR(P8/P7-1,"") | S8: 15/16 | T8: =IFERROR(IF(SUM(OFFSET(C8,0,0,1,$C$56))=0,"",SUM(OFFSET(C8,0,0,1,$C$56))),"") | U8: =IFERROR(T8/T7-1,"")
A9: 3 | B9: 16/17 | O9: 16/17 | P9: =IF(COUNT(C9:N9)=12,SUM(C9:N9),"") | Q9: =IFERROR(P9/P8-1,"") | S9: 16/17 | T9: =IFERROR(IF(SUM(OFFSET(C9,0,0,1,$C$56))=0,"",SUM(OFFSET(C9,0,0,1,$C$56))),"") | U9: =IFERROR(T9/T8-1,"")
A10: 4 | B10: 17/18 | C10: =Colombia!C10+Honduras!C10+Ethiopia!C10+Peru!C10 -> 2178603 | D10: =Colombia!D10+Honduras!D10+Ethiopia!D10+Peru!D10 -> 2306063.1 | E10: =Colombia!E10+Honduras!E10+Ethiopia!E10+Peru!E10 -> 2452176.9 | F10: =Colombia!F10+Honduras!F10+Ethiopia!F10+Peru!F10 -> 2415155.3 | G10: =Colombia!G10+Honduras!G10+Ethiopia!G10+Peru!G10 -> 2530337.2 | H10: =Colombia!H10+Honduras!H10+Ethiopia!H10+Peru!H10 -> 2041396.9 | I10: =Colombia!I10+Honduras!I10+Ethiopia!I10+Peru!I10 -> 2240530.4 | J10: =Colombia!J10+Honduras!J10+Ethiopia!J10+Peru!J10 -> 2273493.8 | ... N10: =Colombia!N10+Honduras!N10+Ethiopia!N10+Peru!N10 -> 2370866.6 | O10: 17/18 | P10: =IF(COUNT(C10:N10)=12,SUM(C10:N10),"") -> 28271004 | Q10: =IFERROR(P10/P9-1,"") | S10: 17/18 | T10: =IFERROR(IF(SUM(OFFSET(C10,0,0,1,$C$56))=0,"",SUM(OFFSET(C10,0,0,1,$C$56))),"") -> 18437757 | U10: =IFERROR(T10/T9-1,"")
A11: 5 | B11: 18/19 | C11: =Colombia!C11+Honduras!C11+Ethiopia!C11+Peru!C11 -> 2321729.3 | D11: =Colombia!D11+Honduras!D11+Ethiopia!D11+Peru!D11 -> 2258277.1 | E11: =Colombia!E11+Honduras!E11+Ethiopia!E11+Peru!E11 -> 2360575.3 | F11: =Colombia!F11+Honduras!F11+Ethiopia!F11+Peru!F11 -> 2254293.8 | G11: =Colombia!G11+Honduras!G11+Ethiopia!G11+Peru!G11 -> 2433754.1 | H11: =Colombia!H11+Honduras!H11+Ethiopia!H11+Peru!H11 -> 2361833.1 | I11: =Colombia!I11+Honduras!I11+Ethiopia!I11+Peru!I11 -> 2245177.6 | J11: =Colombia!J11+Honduras!J11+Ethiopia!J11+Peru!J11 -> 2572704.9 | ... N11: =Colombia!N11+Honduras!N11+Ethiopia!N11+Peru!N11 -> 2326676.3 | O11: 18/19 | P11: =IF(COUNT(C11:N11)=12,SUM(C11:N11),"") -> 29058848 | Q11: =IFERROR(P11/P10-1,"") -> 0.027867555 | S11: 18/19 | T11: =IFERROR(IF(SUM(OFFSET(C11,0,0,1,$C$56))=0,"",SUM(OFFSET(C11,0,0,1,$C$56))),"") -> 18808345 | U11: =IFERROR(T11/T10-1,"") -> 0.020099447
A12: 6 | B12: 19/20 | C12: =Colombia!C12+Honduras!C12+Ethiopia!C12+Peru!C12 -> 2261644.8 | D12: =Colombia!D12+Honduras!D12+Ethiopia!D12+Peru!D12 -> 2161339.7 | E12: =Colombia!E12+Honduras!E12+Ethiopia!E12+Peru!E12 -> 2523340 | F12: =Colombia!F12+Honduras!F12+Ethiopia!F12+Peru!F12 -> 2219283.2 | G12: =Colombia!G12+Honduras!G12+Ethiopia!G12+Peru!G12 -> 2234200.6 | H12: =Colombia!H12+Honduras!H12+Ethiopia!H12+Peru!H12 -> 2202792.5 | I12: =Colombia!I12+Honduras!I12+Ethiopia!I12+Peru!I12 -> 1802269.9 | J12: =Colombia!J12+Honduras!J12+Ethiopia!J12+Peru!J12 -> 2233455.6 | ... N12: =Colombia!N12+Honduras!N12+Ethiopia!N12+Peru!N12 -> 1886382 | O12: 19/20 | P12: =IF(COUNT(C12:N12)=12,SUM(C12:N12),"") -> 26244950 | Q12: =IFERROR(P12/P11-1,"") -> -0.096834467 | S12: 19/20 | T12: =IFERROR(IF(SUM(OFFSET(C12,0,0,1,$C$56))=0,"",SUM(OFFSET(C12,0,0,1,$C$56))),"") -> 17638326 | U12: =IFERROR(T12/T11-1,"") -> -0.06220744
A13: 7 | B13: 20/21 | C13: =Colombia!C13+Honduras!C13+Ethiopia!C13+Peru!C13 -> 1748592.3 | D13: =Colombia!D13+Honduras!D13+Ethiopia!D13+Peru!D13 -> 2097890.1 | E13: =Colombia!E13+Honduras!E13+Ethiopia!E13+Peru!E13 -> 2158408 | F13: =Colombia!F13+Honduras!F13+Ethiopia!F13+Peru!F13 -> 1906638.6 | G13: =Colombia!G13+Honduras!G13+Ethiopia!G13+Peru!G13 -> 2254061.2 | H13: =Colombia!H13+Honduras!H13+Ethiopia!H13+Peru!H13 -> 2419011.3 | I13: =Colombia!I13+Honduras!I13+Ethiopia!I13+Peru!I13 -> 2367595.4 | J13: =Colombia!J13+Honduras!J13+Ethiopia!J13+Peru!J13 -> 2371636.5 | ... N13: =Colombia!N13+Honduras!N13+Ethiopia!N13+Peru!N13 -> 2337093.8 | O13: 20/21 | P13: =IF(COUNT(C13:N13)=12,SUM(C13:N13),"") -> 27259326 | Q13: =IFERROR(P13/P12-1,"") -> 0.038650316 | S13: 20/21 | T13: =IFERROR(IF(SUM(OFFSET(C13,0,0,1,$C$56))=0,"",SUM(OFFSET(C13,0,0,1,$C$56))),"") -> 17323833 | U13: =IFERROR(T13/T12-1,"") -> -0.017830089
A14: 8 | B14: 21/22 | C14: =Colombia!C14+Honduras!C14+Ethiopia!C14+Peru!C14 -> 2006376 | D14: =Colombia!D14+Honduras!D14+Ethiopia!D14+Peru!D14 -> 2203091.8 | E14: =Colombia!E14+Honduras!E14+Ethiopia!E14+Peru!E14 -> 2377227.5 | F14: =Colombia!F14+Honduras!F14+Ethiopia!F14+Peru!F14 -> 2282667.8 | G14: =Colombia!G14+Honduras!G14+Ethiopia!G14+Peru!G14 -> 2215057.5 | H14: =Colombia!H14+Honduras!H14+Ethiopia!H14+Peru!H14 -> 2578395.7 | I14: =Colombia!I14+Honduras!I14+Ethiopia!I14+Peru!I14 -> 1988182.8 | J14: =Colombia!J14+Honduras!J14+Ethiopia!J14+Peru!J14 -> 2085350.5 | ... N14: =Colombia!N14+Honduras!N14+Ethiopia!N14+Peru!N14 -> 1923058.4 | O14: 21/22 | P14: =IF(COUNT(C14:N14)=12,SUM(C14:N14),"") -> 26412601 | Q14: =IFERROR(P14/P13-1,"") -> -0.031061827 | S14: 21/22 | T14: =IFERROR(IF(SUM(OFFSET(C14,0,0,1,$C$56))=0,"",SUM(OFFSET(C14,0,0,1,$C$56))),"") -> 17736350 | U14: =IFERROR(T14/T13-1,"") -> 0.023812066
A15: 9 | B15: 22/23 | C15: =Colombia!C15+Honduras!C15+Ethiopia!C15+Peru!C15 -> 1879366.3 | D15: =Colombia!D15+Honduras!D15+Ethiopia!D15+Peru!D15 -> 1625385 | E15: =Colombia!E15+Honduras!E15+Ethiopia!E15+Peru!E15 -> 1737273.3 | F15: =Colombia!F15+Honduras!F15+Ethiopia!F15+Peru!F15 -> 1703899.1 | G15: =Colombia!G15+Honduras!G15+Ethiopia!G15+Peru!G15 -> 1828239 | H15: =Colombia!H15+Honduras!H15+Ethiopia!H15+Peru!H15 -> 1943106.7 | I15: =Colombia!I15+Honduras!I15+Ethiopia!I15+Peru!I15 -> 1850916.5 | J15: =Colombia!J15+Honduras!J15+Ethiopia!J15+Peru!J15 -> 2210287.6 | ... N15: =Colombia!N15+Honduras!N15+Ethiopia!N15+Peru!N15 -> 1909436.9 | O15: 22/23 | P15: =IF(COUNT(C15:N15)=12,SUM(C15:N15),"") -> 22879764 | Q15: =IFERROR(P15/P14-1,"") -> -0.13375575 | S15: 22/23 | T15: =IFERROR(IF(SUM(OFFSET(C15,0,0,1,$C$56))=0,"",SUM(OFFSET(C15,0,0,1,$C$56))),"") -> 14778473 | U15: =IFERROR(T15/T14-1,"") -> -0.16676916
A16: 10 | B16: 23/24 | C16: =Colombia!C16+Honduras!C16+Ethiopia!C16+Peru!C16 -> 1911974 | D16: =Colombia!D16+Honduras!D16+Ethiopia!D16+Peru!D16 -> 2066509.8 | E16: =Colombia!E16+Honduras!E16+Ethiopia!E16+Peru!E16 -> 2109982.3 | F16: =Colombia!F16+Honduras!F16+Ethiopia!F16+Peru!F16 -> 1906051.8 | G16: =Colombia!G16+Honduras!G16+Ethiopia!G16+Peru!G16 -> 2224914.8 | H16: =Colombia!H16+Honduras!H16+Ethiopia!H16+Peru!H16 -> 2276646.5 | I16: =Colombia!I16+Honduras!I16+Ethiopia!I16+Peru!I16 -> 2020635.5 | J16: =Colombia!J16+Honduras!J16+Ethiopia!J16+Peru!J16 -> 2569088.6 | ... N16: =Colombia!N16+Honduras!N16+Ethiopia!N16+Peru!N16 -> 2495104.9 | O16: 23/24 | P16: =IF(COUNT(C16:N16)=12,SUM(C16:N16),"") -> 27435910 | Q16: =IFERROR(P16/P15-1,"") -> 0.19913432 | S16: 23/24 | T16: =IFERROR(IF(SUM(OFFSET(C16,0,0,1,$C$56))=0,"",SUM(OFFSET(C16,0,0,1,$C$56))),"") -> 17085803 | U16: =IFERROR(T16/T15-1,"") -> 0.15612776
A17: 11 | B17: 24/25 | C17: =Colombia!C17+Honduras!C17+Ethiopia!C17+Peru!C17 -> 2213446.2 | D17: =Colombia!D17+Honduras!D17+Ethiopia!D17+Peru!D17 -> 2060845.1 | E17: =Colombia!E17+Honduras!E17+Ethiopia!E17+Peru!E17 -> 2119202.6 | F17: =Colombia!F17+Honduras!F17+Ethiopia!F17+Peru!F17 -> 1969387.5 | G17: =Colombia!G17+Honduras!G17+Ethiopia!G17+Peru!G17 -> 2325878 | H17: =Colombia!H17+Honduras!H17+Ethiopia!H17+Peru!H17 -> 2851885.7 | I17: =Colombia!I17+Honduras!I17+Ethiopia!I17+Peru!I17 -> 2234744.3 | J17: =Colombia!J17+Honduras!J17+Ethiopia!J17+Peru!J17 -> 2803758 | ... N17: =Colombia!N17+Honduras!N17+Ethiopia!N17+Peru!N17 -> 2486547.4 | O17: 24/25 | P17: =IF(COUNT(C17:N17)=12,SUM(C17:N17),"") -> 29462741 | Q17: =IFERROR(P17/P16-1,"") -> 0.073875101 | S17: 24/25 | T17: =IFERROR(IF(SUM(OFFSET(C17,0,0,1,$C$56))=0,"",SUM(OFFSET(C17,0,0,1,$C$56))),"") -> 18579147 | U17: =IFERROR(T17/T16-1,"") -> 0.08740263
A18: 12 | B18: 25/26 | C18: =Colombia!C18+Honduras!C18+Ethiopia!C18+Peru!C18 -> 2353468.6 | D18: =Colombia!D18+Honduras!D18+Ethiopia!D18+Peru!D18 -> 2321823.7 | E18: =Colombia!E18+Honduras!E18+Ethiopia!E18+Peru!E18 -> 2178828.4 | F18: =Colombia!F18+Honduras!F18+Ethiopia!F18+Peru!F18 -> 2026800 | G18: =Colombia!G18+Honduras!G18+Ethiopia!G18+Peru!G18 -> 2147800 | H18: =Colombia!H18+Honduras!H18+Ethiopia!H18+Peru!H18 -> 2307233.3 | I18: =Colombia!I18+Honduras!I18+Ethiopia!I18+Peru!I18 -> 2131183.3 | J18: =Colombia!J18+Honduras!J18+Ethiopia!J18+Peru!J18 -> 2515783.3 | ... N18: =Colombia!N18+Honduras!N18+Ethiopia!N18+Peru!N18 -> #N/A | O18: 25/26 | P18: =IF(COUNT(C18:N18)=12,SUM(C18:N18),"") | S18: 25/26 | T18: =IFERROR(IF(SUM(OFFSET(C18,0,0,1,$C$56))=0,"",SUM(OFFSET(C18,0,0,1,$C$56))),"") -> 17982921 | U18: =IFERROR(T18/T17-1,"") -> -0.03209118
A19: 13 | B19: 26/27 | C19: =Colombia!C19+Honduras!C19+Ethiopia!C19+Peru!C19 -> #N/A | D19: =Colombia!D19+Honduras!D19+Ethiopia!D19+Peru!D19 -> #N/A | E19: =Colombia!E19+Honduras!E19+Ethiopia!E19+Peru!E19 -> #N/A | F19: =Colombia!F19+Honduras!F19+Ethiopia!F19+Peru!F19 -> #N/A | G19: =Colombia!G19+Honduras!G19+Ethiopia!G19+Peru!G19 -> #N/A | H19: =Colombia!H19+Honduras!H19+Ethiopia!H19+Peru!H19 -> #N/A | I19: =Colombia!I19+Honduras!I19+Ethiopia!I19+Peru!I19 -> #N/A | J19: =Colombia!J19+Honduras!J19+Ethiopia!J19+Peru!J19 -> #N/A | ... N19: =Colombia!N19+Honduras!N19+Ethiopia!N19+Peru!N19 -> #N/A | O19: 26/27 | P19: =IF(COUNT(C19:N19)=12,SUM(C19:N19),"") | S19: 26/27 | T19: =IFERROR(IF(SUM(OFFSET(C19,0,0,1,$C$56))=0,"",SUM(OFFSET(C19,0,0,1,$C$56))),"")
B20: YoY | C20: =IFERROR(C18/C17-1,"") -> 0.063259888 | D20: =IFERROR(D18/D17-1,"") -> 0.12663671 | E20: =IFERROR(E18/E17-1,"") -> 0.028135955 | F20: =IFERROR(F18/F17-1,"") -> 0.029152473 | G20: =IFERROR(G18/G17-1,"") -> -0.07656379 | H20: =IFERROR(H18/H17-1,"") -> -0.19097972 | I20: =IFERROR(I18/I17-1,"") -> -0.046341318 | J20: =IFERROR(J18/J17-1,"") -> -0.10271026 | ... N20: =IFERROR(N18/N17-1,"")
K27: =_xlfn.CONCAT(A1," | ",S6) -> Non Brazil Origins | YTD : Oct-May | Q27: =_xlfn.CONCAT(A1," | ","Cumulative") -> Non Brazil Origins | Cumulative
B56: Offset | C56: =COUNT(C18:N18) -> 8 | D56: =OFFSET(B6,0,$C$56,1,1) -> May | E56: =B17 -> 24/25 | F56: =_xlfn.CONCAT(D56,"'",E56) -> May'24/25
B65: Oct | C65: Nov | D65: Dec | E65: Jan | F65: Feb | G65: Mar | H65: Apr | I65: May | J65: Jun | K65: Jul | L65: Aug | M65: Sep
A66: =B18 -> 25/26 | B66: =C18 -> 2353468.6 | C66: =D18 -> 2321823.7 | D66: =E18 -> 2178828.4 | E66: =F18 -> 2026800 | F66: =G18 -> 2147800 | G66: =H18 -> 2307233.3 | H66: =I18 -> 2131183.3 | ... M66: =N18 -> #N/A
A67: Min | B67: =MIN(C7:C17) -> 1748592.3 | C67: =MIN(D7:D17) -> 1625385 | D67: =MIN(E7:E17) -> 1737273.3 | E67: =MIN(F7:F17) -> 1703899.1 | F67: =MIN(G7:G17) -> 1828239 | G67: =MIN(H7:H17) -> 1943106.7 | H67: =MIN(I7:I17) -> 1802269.9 | I67: =MIN(J7:J17) -> 2085350.5 | ... M67: =MIN(N7:N17) -> 1886382
A68: Max | B68: =MAX(C7:C17) -> 2321729.3 | C68: =MAX(D7:D17) -> 2306063.1 | D68: =MAX(E7:E17) -> 2523340 | E68: =MAX(F7:F17) -> 2415155.3 | F68: =MAX(G7:G17) -> 2530337.2 | G68: =MAX(H7:H17) -> 2851885.7 | H68: =MAX(I7:I17) -> 2367595.4 | I68: =MAX(J7:J17) -> 2803758 | ... M68: =MAX(N7:N17) -> 2495104.9
A69: Avg(5) | B69: =AVERAGE(C12:C17) -> 2003566.6 | C69: =AVERAGE(D12:D17) -> 2035843.6 | D69: =AVERAGE(E12:E17) -> 2170905.6 | E69: =AVERAGE(F12:F17) -> 1997988 | F69: =AVERAGE(G12:G17) -> 2180391.9 | G69: =AVERAGE(H12:H17) -> 2378639.7 | H69: =AVERAGE(I12:I17) -> 2044057.4 | I69: =AVERAGE(J12:J17) -> 2378929.5 | ... M69: =AVERAGE(N12:N17) -> 2172937.3
B74: 1 | C74: 1 | D74: =INDEX($C$7:$N$19,MATCH(B74,$A$7:$A$19),MATCH(C74,$C$4:$N$4)) -> 0 | E74: =_xlfn.XLOOKUP(B74,$A$7:$A$19,$B$7:$B$19) -> 14/15 | F74: =_xlfn.XLOOKUP(C74,$C$4:$N$4,$C$6:$N$6) -> Oct | G74: =_xlfn.CONCAT(F74,"'",E74) -> Oct'14/15 | N74: Cumulative
B75: 1 | C75: 2 | D75: =INDEX($C$7:$N$19,MATCH(B75,$A$7:$A$19),MATCH(C75,$C$4:$N$4)) -> 0 | E75: =_xlfn.XLOOKUP(B75,$A$7:$A$19,$B$7:$B$19) -> 14/15 | F75: =_xlfn.XLOOKUP(C75,$C$4:$N$4,$C$6:$N$6) -> Nov | G75: =_xlfn.CONCAT(F75,"'",E75) -> Nov'14/15 | N75: Oct | O75: Nov | P75: Dec | Q75: Jan | R75: Feb | S75: Mar | T75: Apr | U75: May | V75: Jun | W75: Jul | X75: Aug | Y75: Sep
B76: 1 | C76: 3 | D76: =INDEX($C$7:$N$19,MATCH(B76,$A$7:$A$19),MATCH(C76,$C$4:$N$4)) -> 0 | E76: =_xlfn.XLOOKUP(B76,$A$7:$A$19,$B$7:$B$19) -> 14/15 | F76: =_xlfn.XLOOKUP(C76,$C$4:$N$4,$C$6:$N$6) -> Dec | G76: =_xlfn.CONCAT(F76,"'",E76) -> Dec'14/15 | M76: 14/15 | N76: =C7 -> 0 | O76: =N76+D7 -> 0 | P76: =O76+E7 -> 0 | Q76: =P76+F7 -> 0 | R76: =Q76+G7 -> 0 | S76: =R76+H7 -> 0 | T76: =S76+I7 -> 0 | U76: =T76+J7 -> 0 | V76: =U76+K7 -> 0 | ... Y76: =X76+N7 -> 0
B77: 1 | C77: 4 | D77: =INDEX($C$7:$N$19,MATCH(B77,$A$7:$A$19),MATCH(C77,$C$4:$N$4)) -> 0 | E77: =_xlfn.XLOOKUP(B77,$A$7:$A$19,$B$7:$B$19) -> 14/15 | F77: =_xlfn.XLOOKUP(C77,$C$4:$N$4,$C$6:$N$6) -> Jan | G77: =_xlfn.CONCAT(F77,"'",E77) -> Jan'14/15 | M77: 15/16 | N77: =C8 -> 0 | O77: =N77+D8 -> 0 | P77: =O77+E8 -> 0 | Q77: =P77+F8 -> 0 | R77: =Q77+G8 -> 0 | S77: =R77+H8 -> 0 | T77: =S77+I8 -> 0 | U77: =T77+J8 -> 0 | V77: =U77+K8 -> 0 | ... Y77: =X77+N8 -> 0
B78: 1 | C78: 5 | D78: =INDEX($C$7:$N$19,MATCH(B78,$A$7:$A$19),MATCH(C78,$C$4:$N$4)) -> 0 | E78: =_xlfn.XLOOKUP(B78,$A$7:$A$19,$B$7:$B$19) -> 14/15 | F78: =_xlfn.XLOOKUP(C78,$C$4:$N$4,$C$6:$N$6) -> Feb | G78: =_xlfn.CONCAT(F78,"'",E78) -> Feb'14/15 | M78: 16/17 | N78: =C9 -> 0 | O78: =N78+D9 -> 0 | P78: =O78+E9 -> 0 | Q78: =P78+F9 -> 0 | R78: =Q78+G9 -> 0 | S78: =R78+H9 -> 0 | T78: =S78+I9 -> 0 | U78: =T78+J9 -> 0 | V78: =U78+K9 -> 0 | ... Y78: =X78+N9 -> 0
B79: 1 | C79: 6 | D79: =INDEX($C$7:$N$19,MATCH(B79,$A$7:$A$19),MATCH(C79,$C$4:$N$4)) -> 0 | E79: =_xlfn.XLOOKUP(B79,$A$7:$A$19,$B$7:$B$19) -> 14/15 | F79: =_xlfn.XLOOKUP(C79,$C$4:$N$4,$C$6:$N$6) -> Mar | G79: =_xlfn.CONCAT(F79,"'",E79) -> Mar'14/15 | M79: 17/18 | N79: =C10 -> 2178603 | O79: =N79+D10 -> 4484666.1 | P79: =O79+E10 -> 6936843 | Q79: =P79+F10 -> 9351998.3 | R79: =Q79+G10 -> 11882335 | S79: =R79+H10 -> 13923732 | T79: =S79+I10 -> 16164263 | U79: =T79+J10 -> 18437757 | V79: =U79+K10 -> 20883929 | ... Y79: =X79+N10 -> 28271004
B80: 1 | C80: 7 | D80: =INDEX($C$7:$N$19,MATCH(B80,$A$7:$A$19),MATCH(C80,$C$4:$N$4)) -> 0 | E80: =_xlfn.XLOOKUP(B80,$A$7:$A$19,$B$7:$B$19) -> 14/15 | F80: =_xlfn.XLOOKUP(C80,$C$4:$N$4,$C$6:$N$6) -> Apr | G80: =_xlfn.CONCAT(F80,"'",E80) -> Apr'14/15 | M80: 18/19 | N80: =C11 -> 2321729.3 | O80: =N80+D11 -> 4580006.4 | P80: =O80+E11 -> 6940581.7 | Q80: =P80+F11 -> 9194875.5 | R80: =Q80+G11 -> 11628630 | S80: =R80+H11 -> 13990463 | T80: =S80+I11 -> 16235640 | U80: =T80+J11 -> 18808345 | V80: =U80+K11 -> 21474010 | ... Y80: =X80+N11 -> 29058848
B81: 1 | C81: 8 | D81: =INDEX($C$7:$N$19,MATCH(B81,$A$7:$A$19),MATCH(C81,$C$4:$N$4)) -> 0 | E81: =_xlfn.XLOOKUP(B81,$A$7:$A$19,$B$7:$B$19) -> 14/15 | F81: =_xlfn.XLOOKUP(C81,$C$4:$N$4,$C$6:$N$6) -> May | G81: =_xlfn.CONCAT(F81,"'",E81) -> May'14/15 | M81: 19/20 | N81: =C12 -> 2261644.8 | O81: =N81+D12 -> 4422984.5 | P81: =O81+E12 -> 6946324.5 | Q81: =P81+F12 -> 9165607.7 | R81: =Q81+G12 -> 11399808 | S81: =R81+H12 -> 13602601 | T81: =S81+I12 -> 15404871 | U81: =T81+J12 -> 17638326 | V81: =U81+K12 -> 20033400 | ... Y81: =X81+N12 -> 26244950
B82: 1 | C82: 9 | D82: =INDEX($C$7:$N$19,MATCH(B82,$A$7:$A$19),MATCH(C82,$C$4:$N$4)) -> 0 | E82: =_xlfn.XLOOKUP(B82,$A$7:$A$19,$B$7:$B$19) -> 14/15 | F82: =_xlfn.XLOOKUP(C82,$C$4:$N$4,$C$6:$N$6) -> Jun | G82: =_xlfn.CONCAT(F82,"'",E82) -> Jun'14/15 | M82: 20/21 | N82: =C13 -> 1748592.3 | O82: =N82+D13 -> 3846482.4 | P82: =O82+E13 -> 6004890.4 | Q82: =P82+F13 -> 7911529 | R82: =Q82+G13 -> 10165590 | S82: =R82+H13 -> 12584601 | T82: =S82+I13 -> 14952197 | U82: =T82+J13 -> 17323833 | V82: =U82+K13 -> 19848649 | ... Y82: =X82+N13 -> 27259326
B83: 1 | C83: 10 | D83: =INDEX($C$7:$N$19,MATCH(B83,$A$7:$A$19),MATCH(C83,$C$4:$N$4)) -> 0 | E83: =_xlfn.XLOOKUP(B83,$A$7:$A$19,$B$7:$B$19) -> 14/15 | F83: =_xlfn.XLOOKUP(C83,$C$4:$N$4,$C$6:$N$6) -> Jul | G83: =_xlfn.CONCAT(F83,"'",E83) -> Jul'14/15 | M83: 21/22 | N83: =C14 -> 2006376 | O83: =N83+D14 -> 4209467.8 | P83: =O83+E14 -> 6586695.3 | Q83: =P83+F14 -> 8869363.1 | R83: =Q83+G14 -> 11084421 | S83: =R83+H14 -> 13662816 | T83: =S83+I14 -> 15650999 | U83: =T83+J14 -> 17736350 | V83: =U83+K14 -> 20035167 | ... Y83: =X83+N14 -> 26412601
B84: 1 | C84: 11 | D84: =INDEX($C$7:$N$19,MATCH(B84,$A$7:$A$19),MATCH(C84,$C$4:$N$4)) -> 0 | E84: =_xlfn.XLOOKUP(B84,$A$7:$A$19,$B$7:$B$19) -> 14/15 | F84: =_xlfn.XLOOKUP(C84,$C$4:$N$4,$C$6:$N$6) -> Aug | G84: =_xlfn.CONCAT(F84,"'",E84) -> Aug'14/15 | H84: Month | I84: Rolling 12m Sum | M84: 22/23 | N84: =C15 -> 1879366.3 | O84: =N84+D15 -> 3504751.2 | P84: =O84+E15 -> 5242024.5 | Q84: =P84+F15 -> 6945923.6 | R84: =Q84+G15 -> 8774162.6 | S84: =R84+H15 -> 10717269 | T84: =S84+I15 -> 12568186 | U84: =T84+J15 -> 14778473 | V84: =U84+K15 -> 16811033 | ... Y84: =X84+N15 -> 22879764
B85: 1 | C85: 12 | D85: =INDEX($C$7:$N$19,MATCH(B85,$A$7:$A$19),MATCH(C85,$C$4:$N$4)) -> 0 | E85: =_xlfn.XLOOKUP(B85,$A$7:$A$19,$B$7:$B$19) -> 14/15 | F85: =_xlfn.XLOOKUP(C85,$C$4:$N$4,$C$6:$N$6) -> Sep | G85: =_xlfn.CONCAT(F85,"'",E85) -> Sep'14/15 | H85: =G85 -> Sep'14/15 | I85: =SUM(D74:D85)/1000000 -> 0 | M85: 23/24 | N85: =C16 -> 1911974 | O85: =N85+D16 -> 3978483.9 | P85: =O85+E16 -> 6088466.2 | Q85: =P85+F16 -> 7994518 | R85: =Q85+G16 -> 10219433 | S85: =R85+H16 -> 12496079 | T85: =S85+I16 -> 14516715 | U85: =T85+J16 -> 17085803 | V85: =U85+K16 -> 19678215 | ... Y85: =X85+N16 -> 27435910
B86: =B74+1 -> 2 | C86: =C74 -> 1 | D86: =INDEX($C$7:$N$19,MATCH(B86,$A$7:$A$19),MATCH(C86,$C$4:$N$4)) -> 0 | E86: =_xlfn.XLOOKUP(B86,$A$7:$A$19,$B$7:$B$19) -> 15/16 | F86: =_xlfn.XLOOKUP(C86,$C$4:$N$4,$C$6:$N$6) -> Oct | G86: =_xlfn.CONCAT(F86,"'",E86) -> Oct'15/16 | H86: =G86 -> Oct'15/16 | I86: =SUM(D75:D86)/1000000 -> 0 | M86: 24/25 | N86: =C17 -> 2213446.2 | O86: =N86+D17 -> 4274291.3 | P86: =O86+E17 -> 6393493.9 | Q86: =P86+F17 -> 8362881.4 | R86: =Q86+G17 -> 10688759 | S86: =R86+H17 -> 13540645 | T86: =S86+I17 -> 15775389 | U86: =T86+J17 -> 18579147 | V86: =U86+K17 -> 21479473 | ... Y86: =X86+N17 -> 29462741
B87: =B75+1 -> 2 | C87: =C75 -> 2 | D87: =INDEX($C$7:$N$19,MATCH(B87,$A$7:$A$19),MATCH(C87,$C$4:$N$4)) -> 0 | E87: =_xlfn.XLOOKUP(B87,$A$7:$A$19,$B$7:$B$19) -> 15/16 | F87: =_xlfn.XLOOKUP(C87,$C$4:$N$4,$C$6:$N$6) -> Nov | G87: =_xlfn.CONCAT(F87,"'",E87) -> Nov'15/16 | H87: =G87 -> Nov'15/16 | I87: =SUM(D76:D87)/1000000 -> 0 | M87: 25/26 | N87: =C18 -> 2353468.6 | O87: =N87+D18 -> 4675292.3 | P87: =O87+E18 -> 6854120.7 | Q87: =P87+F18 -> 8880920.7 | R87: =Q87+G18 -> 11028721 | S87: =R87+H18 -> 13335954 | T87: =S87+I18 -> 15467137 | U87: =T87+J18 -> 17982921 | V87: =U87+K18 -> #N/A | ... Y87: =X87+N18 -> #N/A
B88: =B76+1 -> 2 | C88: =C76 -> 3 | D88: =INDEX($C$7:$N$19,MATCH(B88,$A$7:$A$19),MATCH(C88,$C$4:$N$4)) -> 0 | E88: =_xlfn.XLOOKUP(B88,$A$7:$A$19,$B$7:$B$19) -> 15/16 | F88: =_xlfn.XLOOKUP(C88,$C$4:$N$4,$C$6:$N$6) -> Dec | G88: =_xlfn.CONCAT(F88,"'",E88) -> Dec'15/16 | H88: =G88 -> Dec'15/16 | I88: =SUM(D77:D88)/1000000 -> 0 | M88: 26/27 | N88: =C19 -> #N/A | O88: =N88+D19 -> #N/A | P88: =O88+E19 -> #N/A | Q88: =P88+F19 -> #N/A | R88: =Q88+G19 -> #N/A | S88: =R88+H19 -> #N/A | T88: =S88+I19 -> #N/A | U88: =T88+J19 -> #N/A | V88: =U88+K19 -> #N/A | ... Y88: =X88+N19 -> #N/A
B89: =B77+1 -> 2 | C89: =C77 -> 4 | D89: =INDEX($C$7:$N$19,MATCH(B89,$A$7:$A$19),MATCH(C89,$C$4:$N$4)) -> 0 | E89: =_xlfn.XLOOKUP(B89,$A$7:$A$19,$B$7:$B$19) -> 15/16 | F89: =_xlfn.XLOOKUP(C89,$C$4:$N$4,$C$6:$N$6) -> Jan | G89: =_xlfn.CONCAT(F89,"'",E89) -> Jan'15/16 | H89: =G89 -> Jan'15/16 | I89: =SUM(D78:D89)/1000000 -> 0
B90: =B78+1 -> 2 | C90: =C78 -> 5 | D90: =INDEX($C$7:$N$19,MATCH(B90,$A$7:$A$19),MATCH(C90,$C$4:$N$4)) -> 0 | E90: =_xlfn.XLOOKUP(B90,$A$7:$A$19,$B$7:$B$19) -> 15/16 | F90: =_xlfn.XLOOKUP(C90,$C$4:$N$4,$C$6:$N$6) -> Feb | G90: =_xlfn.CONCAT(F90,"'",E90) -> Feb'15/16 | H90: =G90 -> Feb'15/16 | I90: =SUM(D79:D90)/1000000 -> 0
B91: =B79+1 -> 2 | C91: =C79 -> 6 | D91: =INDEX($C$7:$N$19,MATCH(B91,$A$7:$A$19),MATCH(C91,$C$4:$N$4)) -> 0 | E91: =_xlfn.XLOOKUP(B91,$A$7:$A$19,$B$7:$B$19) -> 15/16 | F91: =_xlfn.XLOOKUP(C91,$C$4:$N$4,$C$6:$N$6) -> Mar | G91: =_xlfn.CONCAT(F91,"'",E91) -> Mar'15/16 | H91: =G91 -> Mar'15/16 | I91: =SUM(D80:D91)/1000000 -> 0
B92: =B80+1 -> 2 | C92: =C80 -> 7 | D92: =INDEX($C$7:$N$19,MATCH(B92,$A$7:$A$19),MATCH(C92,$C$4:$N$4)) -> 0 | E92: =_xlfn.XLOOKUP(B92,$A$7:$A$19,$B$7:$B$19) -> 15/16 | F92: =_xlfn.XLOOKUP(C92,$C$4:$N$4,$C$6:$N$6) -> Apr | G92: =_xlfn.CONCAT(F92,"'",E92) -> Apr'15/16 | H92: =G92 -> Apr'15/16 | I92: =SUM(D81:D92)/1000000 -> 0
B93: =B81+1 -> 2 | C93: =C81 -> 8 | D93: =INDEX($C$7:$N$19,MATCH(B93,$A$7:$A$19),MATCH(C93,$C$4:$N$4)) -> 0 | E93: =_xlfn.XLOOKUP(B93,$A$7:$A$19,$B$7:$B$19) -> 15/16 | F93: =_xlfn.XLOOKUP(C93,$C$4:$N$4,$C$6:$N$6) -> May | G93: =_xlfn.CONCAT(F93,"'",E93) -> May'15/16 | H93: =G93 -> May'15/16 | I93: =SUM(D82:D93)/1000000 -> 0
B94: =B82+1 -> 2 | C94: =C82 -> 9 | D94: =INDEX($C$7:$N$19,MATCH(B94,$A$7:$A$19),MATCH(C94,$C$4:$N$4)) -> 0 | E94: =_xlfn.XLOOKUP(B94,$A$7:$A$19,$B$7:$B$19) -> 15/16 | F94: =_xlfn.XLOOKUP(C94,$C$4:$N$4,$C$6:$N$6) -> Jun | G94: =_xlfn.CONCAT(F94,"'",E94) -> Jun'15/16 | H94: =G94 -> Jun'15/16 | I94: =SUM(D83:D94)/1000000 -> 0
B95: =B83+1 -> 2 | C95: =C83 -> 10 | D95: =INDEX($C$7:$N$19,MATCH(B95,$A$7:$A$19),MATCH(C95,$C$4:$N$4)) -> 0 | E95: =_xlfn.XLOOKUP(B95,$A$7:$A$19,$B$7:$B$19) -> 15/16 | F95: =_xlfn.XLOOKUP(C95,$C$4:$N$4,$C$6:$N$6) -> Jul | G95: =_xlfn.CONCAT(F95,"'",E95) -> Jul'15/16 | H95: =G95 -> Jul'15/16 | I95: =SUM(D84:D95)/1000000 -> 0
B96: =B84+1 -> 2 | C96: =C84 -> 11 | D96: =INDEX($C$7:$N$19,MATCH(B96,$A$7:$A$19),MATCH(C96,$C$4:$N$4)) -> 0 | E96: =_xlfn.XLOOKUP(B96,$A$7:$A$19,$B$7:$B$19) -> 15/16 | F96: =_xlfn.XLOOKUP(C96,$C$4:$N$4,$C$6:$N$6) -> Aug | G96: =_xlfn.CONCAT(F96,"'",E96) -> Aug'15/16 | H96: =G96 -> Aug'15/16 | I96: =SUM(D85:D96)/1000000 -> 0
B97: =B85+1 -> 2 | C97: =C85 -> 12 | D97: =INDEX($C$7:$N$19,MATCH(B97,$A$7:$A$19),MATCH(C97,$C$4:$N$4)) -> 0 | E97: =_xlfn.XLOOKUP(B97,$A$7:$A$19,$B$7:$B$19) -> 15/16 | F97: =_xlfn.XLOOKUP(C97,$C$4:$N$4,$C$6:$N$6) -> Sep | G97: =_xlfn.CONCAT(F97,"'",E97) -> Sep'15/16 | H97: =G97 -> Sep'15/16 | I97: =SUM(D86:D97)/1000000 -> 0
B98: =B86+1 -> 3 | C98: =C86 -> 1 | D98: =INDEX($C$7:$N$19,MATCH(B98,$A$7:$A$19),MATCH(C98,$C$4:$N$4)) -> 0 | E98: =_xlfn.XLOOKUP(B98,$A$7:$A$19,$B$7:$B$19) -> 16/17 | F98: =_xlfn.XLOOKUP(C98,$C$4:$N$4,$C$6:$N$6) -> Oct | G98: =_xlfn.CONCAT(F98,"'",E98) -> Oct'16/17 | H98: =G98 -> Oct'16/17 | I98: =SUM(D87:D98)/1000000 -> 0
